2026-03-14 14:18:11,936 [INFO] Stream program started
2026-03-14 14:18:11,946 [INFO] Starting RealSense pipeline
2026-03-14 14:18:11,947 [INFO] Streaming on http://0.0.0.0:8000/stream
2026-03-14 14:18:12,607 [INFO] RealSense pipeline started successfully
2026-03-14 14:18:12,630 [INFO] [31m[1mWARNING: This is a development server. Do not use it in a production deployment. Use a production WSGI server instead.[0m
 * Running on all addresses (0.0.0.0)
 * Running on http://127.0.0.1:8000
 * Running on http://10.0.0.168:8000
2026-03-14 14:18:12,630 [INFO] [33mPress CTRL+C to quit[0m
2026-03-14 14:18:13,081 [INFO] FPS 0.9
2026-03-14 14:18:14,090 [INFO] FPS 29.7
2026-03-14 14:18:15,124 [INFO] FPS 30.0
2026-03-14 14:18:16,124 [INFO] FPS 30.0
2026-03-14 14:18:17,125 [INFO] FPS 30.0
2026-03-14 14:18:18,126 [INFO] FPS 30.0
2026-03-14 14:18:19,126 [INFO] FPS 30.0
2026-03-14 14:18:20,128 [INFO] FPS 29.9
2026-03-14 14:18:21,161 [INFO] FPS 30.0
2026-03-14 14:18:22,162 [INFO] FPS 30.0
2026-03-14 14:18:23,163 [INFO] FPS 30.0
2026-03-14 14:18:24,163 [INFO] FPS 30.0
2026-03-14 14:18:25,164 [INFO] FPS 30.0
2026-03-14 14:18:26,165 [INFO] FPS 30.0
2026-03-14 14:18:27,165 [INFO] FPS 30.0
2026-03-14 14:18:28,166 [INFO] FPS 30.0
2026-03-14 14:18:29,167 [INFO] FPS 30.0
2026-03-14 14:18:30,168 [INFO] FPS 30.0
2026-03-14 14:18:31,168 [INFO] FPS 30.0
2026-03-14 14:18:32,169 [INFO] FPS 30.0
2026-03-14 14:18:33,170 [INFO] FPS 30.0
2026-03-14 14:18:34,170 [INFO] FPS 30.0
2026-03-14 14:18:35,171 [INFO] FPS 30.0
2026-03-14 14:18:36,174 [INFO] FPS 29.9
2026-03-14 14:18:37,206 [INFO] FPS 30.0
2026-03-14 14:18:38,208 [INFO] FPS 30.0
2026-03-14 14:18:39,209 [INFO] FPS 30.0
2026-03-14 14:18:40,214 [INFO] FPS 29.8
2026-03-14 14:18:41,216 [INFO] FPS 30.0
2026-03-14 14:18:42,252 [INFO] FPS 29.9
2026-03-14 14:18:43,278 [INFO] FPS 30.2
2026-03-14 14:18:44,281 [INFO] FPS 29.9
2026-03-14 14:18:45,321 [INFO] FPS 29.8
2026-03-14 14:18:46,357 [INFO] FPS 29.9
2026-03-14 14:18:47,384 [INFO] FPS 30.2
2026-03-14 14:18:48,421 [INFO] FPS 29.9
2026-03-14 14:18:49,449 [INFO] FPS 30.2
2026-03-14 14:18:50,142 [INFO] 127.0.0.1 - - [14/Mar/2026 14:18:50] "GET / HTTP/1.1" 200 -
2026-03-14 14:18:50,169 [INFO] MJPEG stream client connected
2026-03-14 14:18:50,169 [INFO] 127.0.0.1 - - [14/Mar/2026 14:18:50] "GET /stream HTTP/1.1" 200 -
2026-03-14 14:18:50,450 [INFO] FPS 30.0
2026-03-14 14:18:50,571 [INFO] 127.0.0.1 - - [14/Mar/2026 14:18:50] "[33mGET /favicon.ico HTTP/1.1[0m" 404 -
2026-03-14 14:18:51,452 [INFO] FPS 29.9
2026-03-14 14:18:52,485 [INFO] FPS 30.0
2026-03-14 14:18:53,485 [INFO] FPS 30.0
2026-03-14 14:18:54,486 [INFO] FPS 30.0
2026-03-14 14:18:55,487 [INFO] FPS 30.0
2026-03-14 14:18:56,488 [INFO] FPS 30.0
2026-03-14 14:18:57,488 [INFO] FPS 30.0
2026-03-14 14:18:58,489 [INFO] FPS 30.0
2026-03-14 14:18:59,490 [INFO] FPS 30.0
2026-03-14 14:19:00,490 [INFO] FPS 30.0
2026-03-14 14:19:01,491 [INFO] FPS 30.0
2026-03-14 14:19:02,492 [INFO] FPS 30.0
2026-03-14 14:19:02,851 [INFO] MJPEG stream client connected
2026-03-14 14:19:02,851 [INFO] 127.0.0.1 - - [14/Mar/2026 14:19:02] "GET /stream HTTP/1.1" 200 -
2026-03-14 14:19:03,496 [INFO] FPS 29.9
2026-03-14 14:19:04,528 [INFO] FPS 30.0
2026-03-14 14:19:05,560 [INFO] FPS 30.0
2026-03-14 14:19:06,561 [INFO] FPS 30.0
2026-03-14 14:19:07,563 [INFO] FPS 29.9
2026-03-14 14:19:08,565 [INFO] FPS 30.0
2026-03-14 14:19:09,596 [INFO] FPS 30.1
2026-03-14 14:19:10,597 [INFO] FPS 30.0
2026-03-14 14:19:11,597 [INFO] FPS 30.0
2026-03-14 14:19:12,599 [INFO] FPS 29.9
2026-03-14 14:19:13,602 [INFO] FPS 29.9
2026-03-14 14:19:14,634 [INFO] FPS 30.0
2026-03-14 14:19:15,636 [INFO] FPS 29.9
2026-03-14 14:19:16,640 [INFO] FPS 29.9
2026-03-14 14:19:17,673 [INFO] FPS 30.0
2026-03-14 14:19:18,676 [INFO] FPS 29.9
2026-03-14 14:19:19,708 [INFO] FPS 30.0
2026-03-14 14:19:20,737 [INFO] FPS 30.1
2026-03-14 14:19:21,739 [INFO] FPS 29.9
2026-03-14 14:19:22,740 [INFO] FPS 30.0
2026-03-14 14:19:23,752 [INFO] FPS 29.6
2026-03-14 14:19:24,786 [INFO] FPS 30.0
2026-03-14 14:19:25,826 [INFO] FPS 29.8
2026-03-14 14:19:26,856 [INFO] FPS 30.1
2026-03-14 14:19:27,887 [INFO] FPS 30.1
2026-03-14 14:19:28,910 [INFO] FPS 30.3
2026-03-14 14:19:29,914 [INFO] FPS 29.9
2026-03-14 14:19:30,949 [INFO] FPS 30.0
2026-03-14 14:19:31,950 [INFO] FPS 30.0
2026-03-14 14:19:32,951 [INFO] FPS 30.0
2026-03-14 14:19:33,981 [INFO] FPS 30.1
2026-03-14 14:19:34,983 [INFO] FPS 29.9
2026-03-14 14:19:36,021 [INFO] FPS 29.9
2026-03-14 14:19:37,057 [INFO] FPS 29.9
2026-03-14 14:19:38,091 [INFO] FPS 30.0
2026-03-14 14:19:39,118 [INFO] FPS 30.2
2026-03-14 14:19:40,124 [INFO] FPS 29.8
2026-03-14 14:19:41,154 [INFO] FPS 30.1
2026-03-14 14:19:42,159 [INFO] FPS 29.8
2026-03-14 14:19:43,190 [INFO] FPS 30.1
2026-03-14 14:19:44,223 [INFO] FPS 30.0
2026-03-14 14:19:45,225 [INFO] FPS 28.9
2026-03-14 14:19:46,225 [INFO] FPS 30.0
2026-03-14 14:19:47,262 [INFO] FPS 29.9
2026-03-14 14:19:48,263 [INFO] FPS 30.0
2026-03-14 14:19:49,307 [INFO] FPS 29.7
2026-03-14 14:19:50,327 [INFO] FPS 30.4
2026-03-14 14:19:51,329 [INFO] FPS 30.0
2026-03-14 14:19:52,330 [INFO] FPS 30.0
2026-03-14 14:19:53,361 [INFO] FPS 30.1
2026-03-14 14:19:54,370 [INFO] FPS 29.8
2026-03-14 14:19:55,401 [INFO] FPS 29.1
2026-03-14 14:19:56,403 [INFO] FPS 30.0
2026-03-14 14:19:57,434 [INFO] FPS 30.0
2026-03-14 14:19:58,465 [INFO] FPS 30.1
2026-03-14 14:19:59,470 [INFO] FPS 29.8
2026-03-14 14:20:00,500 [INFO] FPS 30.1
2026-03-14 14:20:01,512 [INFO] FPS 29.6
2026-03-14 14:20:02,536 [INFO] FPS 30.3
2026-03-14 14:20:03,539 [INFO] FPS 29.9
2026-03-14 14:20:04,550 [INFO] FPS 29.7
2026-03-14 14:20:05,578 [INFO] FPS 30.2
2026-03-14 14:20:06,614 [INFO] FPS 29.9
2026-03-14 14:20:07,640 [INFO] FPS 30.2
2026-03-14 14:20:08,652 [INFO] FPS 29.6
2026-03-14 14:20:09,653 [INFO] FPS 30.0
2026-03-14 14:20:10,682 [INFO] FPS 30.1
2026-03-14 14:20:11,719 [INFO] FPS 29.9
2026-03-14 14:20:12,755 [INFO] FPS 29.0
2026-03-14 14:20:13,791 [INFO] FPS 29.9
2026-03-14 14:20:14,795 [INFO] FPS 29.9
2026-03-14 14:20:15,812 [INFO] FPS 29.5
2026-03-14 14:20:16,820 [INFO] FPS 29.8
2026-03-14 14:20:17,824 [INFO] FPS 29.9
2026-03-14 14:20:18,846 [INFO] FPS 30.3
2026-03-14 14:20:19,847 [INFO] FPS 30.0
2026-03-14 14:20:20,850 [INFO] FPS 29.9
2026-03-14 14:20:21,881 [INFO] FPS 30.0
2026-03-14 14:20:22,884 [INFO] FPS 29.9
2026-03-14 14:20:23,886 [INFO] FPS 29.9
2026-03-14 14:20:24,917 [INFO] FPS 30.1
2026-03-14 14:20:25,918 [INFO] FPS 30.0
2026-03-14 14:20:26,921 [INFO] FPS 29.9
2026-03-14 14:20:27,953 [INFO] FPS 30.0
2026-03-14 14:20:28,966 [INFO] FPS 29.6
2026-03-14 14:20:29,987 [INFO] FPS 29.4
2026-03-14 14:20:30,988 [INFO] FPS 30.0
2026-03-14 14:20:31,990 [INFO] FPS 29.9
2026-03-14 14:20:32,990 [INFO] FPS 30.0
2026-03-14 14:20:33,992 [INFO] FPS 29.9
2026-03-14 14:20:35,024 [INFO] FPS 30.0
2026-03-14 14:20:36,025 [INFO] FPS 30.0
2026-03-14 14:20:37,026 [INFO] FPS 30.0
2026-03-14 14:20:38,027 [INFO] FPS 30.0
2026-03-14 14:20:39,029 [INFO] FPS 30.0
2026-03-14 14:20:40,065 [INFO] FPS 29.9
2026-03-14 14:20:41,066 [INFO] FPS 30.0
2026-03-14 14:20:42,068 [INFO] FPS 29.9
2026-03-14 14:20:43,100 [INFO] FPS 30.1
2026-03-14 14:20:44,103 [INFO] FPS 29.9
2026-03-14 14:20:45,108 [INFO] FPS 29.8
2026-03-14 14:20:46,135 [INFO] FPS 30.2
2026-03-14 14:20:47,136 [INFO] FPS 30.0
2026-03-14 14:20:48,175 [INFO] FPS 29.8
2026-03-14 14:20:49,208 [INFO] FPS 30.0
2026-03-14 14:20:50,208 [INFO] FPS 30.0
2026-03-14 14:20:51,213 [INFO] FPS 29.9
2026-03-14 14:20:52,214 [INFO] FPS 29.9
2026-03-14 14:20:53,253 [INFO] FPS 29.8
2026-03-14 14:20:54,274 [INFO] FPS 28.4
2026-03-14 14:20:55,276 [INFO] FPS 29.9
2026-03-14 14:20:56,307 [INFO] FPS 30.1
2026-03-14 14:20:57,308 [INFO] FPS 30.0
2026-03-14 14:20:58,309 [INFO] FPS 30.0
2026-03-14 14:20:59,311 [INFO] FPS 29.9
2026-03-14 14:21:00,311 [INFO] FPS 30.0
2026-03-14 14:21:01,325 [INFO] FPS 29.6
2026-03-14 14:21:02,345 [INFO] FPS 30.4
2026-03-14 14:21:03,379 [INFO] FPS 30.0
2026-03-14 14:21:04,379 [INFO] FPS 30.0
2026-03-14 14:21:05,382 [INFO] FPS 29.9
2026-03-14 14:21:06,414 [INFO] FPS 30.0
2026-03-14 14:21:07,417 [INFO] FPS 29.9
2026-03-14 14:21:08,449 [INFO] FPS 30.0
2026-03-14 14:21:09,456 [INFO] FPS 29.8
2026-03-14 14:21:10,483 [INFO] FPS 30.2
2026-03-14 14:21:11,485 [INFO] FPS 29.9
2026-03-14 14:26:40,445 [INFO] Stream program started
2026-03-14 14:26:40,450 [INFO] Starting RealSense pipeline
2026-03-14 14:26:40,450 [INFO] Streaming on http://0.0.0.0:8000/stream
2026-03-14 14:26:40,966 [INFO] RealSense pipeline started successfully
2026-03-14 14:26:40,992 [INFO] [31m[1mWARNING: This is a development server. Do not use it in a production deployment. Use a production WSGI server instead.[0m
 * Running on all addresses (0.0.0.0)
 * Running on http://127.0.0.1:8000
 * Running on http://10.0.0.168:8000
2026-03-14 14:26:40,992 [INFO] [33mPress CTRL+C to quit[0m
2026-03-14 14:26:41,454 [INFO] FPS 2.0
2026-03-14 14:26:42,486 [INFO] FPS 30.0
2026-03-14 14:26:43,517 [INFO] FPS 30.1
2026-03-14 14:26:44,518 [INFO] FPS 30.0
2026-03-14 14:26:45,518 [INFO] FPS 30.0
2026-03-14 14:26:46,519 [INFO] FPS 30.0
2026-03-14 14:26:47,520 [INFO] FPS 30.0
2026-03-14 14:26:48,521 [INFO] FPS 30.0
2026-03-14 14:26:49,521 [INFO] FPS 30.0
2026-03-14 14:26:50,522 [INFO] FPS 30.0
2026-03-14 14:26:51,523 [INFO] FPS 30.0
2026-03-14 14:26:52,523 [INFO] FPS 30.0
2026-03-14 14:26:53,524 [INFO] FPS 30.0
2026-03-14 14:26:54,525 [INFO] FPS 30.0
2026-03-14 14:26:55,526 [INFO] FPS 30.0
2026-03-14 14:26:56,526 [INFO] FPS 30.0
2026-03-14 14:26:57,527 [INFO] FPS 30.0
2026-03-14 14:26:58,528 [INFO] FPS 30.0
2026-03-14 14:26:59,529 [INFO] FPS 30.0
2026-03-14 14:27:00,529 [INFO] FPS 30.0
2026-03-14 14:27:01,530 [INFO] FPS 30.0
2026-03-14 14:27:02,531 [INFO] FPS 30.0
2026-03-14 14:27:03,531 [INFO] FPS 30.0
2026-03-14 14:27:04,532 [INFO] FPS 30.0
2026-03-14 14:27:05,533 [INFO] FPS 30.0
2026-03-14 14:27:06,534 [INFO] FPS 30.0
2026-03-14 14:27:07,535 [INFO] FPS 30.0
2026-03-14 14:27:08,542 [INFO] FPS 29.8
2026-03-14 14:27:09,569 [INFO] FPS 30.2
2026-03-14 14:27:10,572 [INFO] FPS 29.9
2026-03-14 14:27:10,644 [INFO] MJPEG stream client connected
2026-03-14 14:27:10,644 [INFO] 127.0.0.1 - - [14/Mar/2026 14:27:10] "GET /stream HTTP/1.1" 200 -
2026-03-14 14:27:11,573 [INFO] FPS 30.0
2026-03-14 14:27:12,596 [INFO] FPS 29.4
2026-03-14 14:27:13,609 [INFO] FPS 30.5
2026-03-14 14:27:14,631 [INFO] FPS 29.4
2026-03-14 14:27:15,643 [INFO] FPS 30.6
2026-03-14 14:27:16,679 [INFO] FPS 29.9
2026-03-14 14:27:17,711 [INFO] FPS 29.1
2026-03-14 14:27:18,712 [INFO] FPS 30.0
2026-03-14 14:27:19,744 [INFO] FPS 30.0
2026-03-14 14:27:20,745 [INFO] FPS 30.0
2026-03-14 14:27:21,746 [INFO] FPS 30.0
2026-03-14 14:27:22,782 [INFO] FPS 29.9
2026-03-14 14:27:23,813 [INFO] FPS 30.1
2026-03-14 14:27:24,814 [INFO] FPS 30.0
2026-03-14 14:27:25,815 [INFO] FPS 30.0
2026-03-14 14:27:26,816 [INFO] FPS 30.0
2026-03-14 14:27:27,817 [INFO] FPS 30.0
2026-03-14 14:27:28,817 [INFO] FPS 30.0
2026-03-14 14:27:29,820 [INFO] FPS 28.9
2026-03-14 14:27:30,820 [INFO] FPS 30.0
2026-03-14 14:27:31,822 [INFO] FPS 29.9
2026-03-14 14:27:32,824 [INFO] FPS 29.9
2026-03-14 14:27:33,857 [INFO] FPS 30.0
2026-03-14 14:27:34,755 [INFO] MJPEG stream client connected
2026-03-14 14:27:34,757 [INFO] 127.0.0.1 - - [14/Mar/2026 14:27:34] "GET /stream HTTP/1.1" 200 -
2026-03-14 14:27:34,888 [INFO] FPS 30.1
2026-03-14 14:27:35,891 [INFO] FPS 29.9
2026-03-14 14:27:36,898 [INFO] FPS 29.8
2026-03-14 14:27:37,926 [INFO] FPS 29.2
2026-03-14 14:27:38,928 [INFO] FPS 29.9
2026-03-14 14:27:38,972 [INFO] MJPEG stream client connected
2026-03-14 14:27:38,979 [INFO] 127.0.0.1 - - [14/Mar/2026 14:27:38] "GET /stream HTTP/1.1" 200 -
2026-03-14 14:27:39,930 [INFO] FPS 30.0
2026-03-14 14:27:40,930 [INFO] FPS 30.0
2026-03-14 14:45:20,891 [INFO] Stream program started
2026-03-14 14:45:20,898 [INFO] Starting RealSense pipeline
2026-03-14 14:45:20,898 [INFO] Streaming on http://0.0.0.0:8000/stream
2026-03-14 14:45:21,515 [INFO] RealSense pipeline started successfully
2026-03-14 14:45:21,525 [INFO] [31m[1mWARNING: This is a development server. Do not use it in a production deployment. Use a production WSGI server instead.[0m
 * Running on all addresses (0.0.0.0)
 * Running on http://127.0.0.1:8000
 * Running on http://10.0.0.168:8000
2026-03-14 14:45:21,525 [INFO] [33mPress CTRL+C to quit[0m
2026-03-14 14:45:21,963 [INFO] FPS 0.9
2026-03-14 14:45:22,982 [INFO] FPS 30.4
2026-03-14 14:45:23,983 [INFO] FPS 30.0
2026-03-14 14:45:24,984 [INFO] FPS 30.0
2026-03-14 14:45:25,984 [INFO] FPS 30.0
2026-03-14 14:45:26,985 [INFO] FPS 30.0
2026-03-14 14:45:27,986 [INFO] FPS 30.0
2026-03-14 14:45:28,986 [INFO] FPS 30.0
2026-03-14 14:45:29,987 [INFO] FPS 30.0
2026-03-14 14:45:30,988 [INFO] FPS 30.0
2026-03-14 14:45:31,989 [INFO] FPS 30.0
2026-03-14 14:45:32,990 [INFO] FPS 30.0
2026-03-14 14:45:33,990 [INFO] FPS 30.0
2026-03-14 14:45:34,991 [INFO] FPS 30.0
2026-03-14 14:45:35,142 [INFO] MJPEG stream client connected
2026-03-14 14:45:35,143 [INFO] 127.0.0.1 - - [14/Mar/2026 14:45:35] "GET /stream HTTP/1.1" 200 -
2026-03-14 14:45:35,998 [INFO] FPS 29.8
2026-03-14 14:45:36,999 [INFO] FPS 30.0
2026-03-14 14:45:38,035 [INFO] FPS 29.9
2026-03-14 14:45:39,042 [INFO] FPS 28.8
2026-03-14 14:45:40,073 [INFO] FPS 29.1
2026-03-14 14:45:41,104 [INFO] FPS 30.1
2026-03-14 14:45:42,130 [INFO] FPS 30.2
2026-03-14 14:45:43,131 [INFO] FPS 30.0
2026-03-14 14:45:44,165 [INFO] FPS 30.0
2026-03-14 14:45:45,166 [INFO] FPS 30.0
2026-03-14 14:45:46,167 [INFO] FPS 30.0
2026-03-14 14:45:47,201 [INFO] FPS 30.0
2026-03-14 14:45:48,201 [INFO] FPS 30.0
2026-03-14 14:45:49,203 [INFO] FPS 29.9
2026-03-14 14:45:50,210 [INFO] FPS 29.8
2026-03-14 14:45:51,237 [INFO] FPS 30.2
2026-03-14 14:45:52,239 [INFO] FPS 29.9
2026-03-14 14:45:53,272 [INFO] FPS 30.0
2026-03-14 14:45:54,272 [INFO] FPS 30.0
2026-03-14 14:45:55,273 [INFO] FPS 30.0
2026-03-14 14:45:56,307 [INFO] FPS 30.0
2026-03-14 14:45:57,307 [INFO] FPS 30.0
2026-03-14 14:45:58,311 [INFO] FPS 29.9
2026-03-14 14:45:59,345 [INFO] FPS 30.0
2026-03-14 14:46:00,376 [INFO] FPS 30.1
2026-03-14 14:46:01,378 [INFO] FPS 30.0
2026-03-14 14:46:02,379 [INFO] FPS 30.0
2026-03-14 14:46:03,414 [INFO] FPS 29.9
2026-03-14 14:46:04,431 [INFO] FPS 29.5
2026-03-14 14:46:05,448 [INFO] FPS 30.5
2026-03-14 14:46:06,481 [INFO] FPS 30.0
2026-03-14 14:46:07,485 [INFO] FPS 29.9
2026-03-14 14:46:08,485 [INFO] FPS 30.0
2026-03-14 14:46:09,522 [INFO] FPS 29.9
2026-03-14 14:46:10,553 [INFO] FPS 30.1
2026-03-14 14:46:11,556 [INFO] FPS 29.9
2026-03-14 14:46:12,567 [INFO] FPS 29.7
2026-03-14 14:46:13,593 [INFO] FPS 30.2
2026-03-14 14:46:14,642 [INFO] FPS 29.6
2026-03-14 14:46:15,657 [INFO] FPS 30.6
2026-03-14 14:46:16,657 [INFO] FPS 30.0
2026-03-14 14:46:17,657 [INFO] FPS 30.0
2026-03-14 16:21:00,430 [INFO] TFLite stream program started
2026-03-14 16:23:02,126 [INFO] TFLite stream program started
2026-03-14 16:23:02,139 [INFO] TFLite model loaded: /home/matt/follow_project/models/detect.tflite
2026-03-14 16:23:02,144 [INFO] Starting RealSense pipeline
2026-03-14 16:23:18,192 [ERROR] Initial pipeline start failed: No device connected
2026-03-14 16:23:18,219 [INFO] [31m[1mWARNING: This is a development server. Do not use it in a production deployment. Use a production WSGI server instead.[0m
 * Running on all addresses (0.0.0.0)
 * Running on http://127.0.0.1:8000
 * Running on http://10.0.0.168:8000
2026-03-14 16:23:18,220 [INFO] [33mPress CTRL+C to quit[0m
2026-03-14 16:24:06,796 [INFO] 127.0.0.1 - - [14/Mar/2026 16:24:06] "GET / HTTP/1.1" 200 -
2026-03-14 16:24:06,853 [INFO] 127.0.0.1 - - [14/Mar/2026 16:24:06] "GET /stream HTTP/1.1" 200 -
2026-03-14 16:24:07,194 [INFO] 127.0.0.1 - - [14/Mar/2026 16:24:07] "[33mGET /favicon.ico HTTP/1.1[0m" 404 -
2026-03-14 16:24:44,231 [INFO] 127.0.0.1 - - [14/Mar/2026 16:24:44] "GET /stream HTTP/1.1" 200 -
2026-03-14 16:30:27,138 [INFO] Stream program started
2026-03-14 16:30:27,143 [INFO] Starting RealSense pipeline
2026-03-14 16:30:27,144 [INFO] Streaming on http://0.0.0.0:8000/stream
2026-03-14 16:30:27,687 [INFO] RealSense pipeline started successfully
2026-03-14 16:30:27,724 [INFO] [31m[1mWARNING: This is a development server. Do not use it in a production deployment. Use a production WSGI server instead.[0m
 * Running on all addresses (0.0.0.0)
 * Running on http://127.0.0.1:8000
 * Running on http://10.0.0.168:8000
2026-03-14 16:30:27,724 [INFO] [33mPress CTRL+C to quit[0m
2026-03-14 16:30:28,169 [INFO] FPS 1.9
2026-03-14 16:30:29,204 [INFO] FPS 30.0
2026-03-14 16:30:30,236 [INFO] FPS 30.0
2026-03-14 16:30:30,390 [INFO] 127.0.0.1 - - [14/Mar/2026 16:30:30] "GET / HTTP/1.1" 200 -
2026-03-14 16:30:30,431 [INFO] MJPEG stream client connected
2026-03-14 16:30:30,432 [INFO] 127.0.0.1 - - [14/Mar/2026 16:30:30] "GET /stream HTTP/1.1" 200 -
2026-03-14 16:30:31,239 [INFO] FPS 29.9
2026-03-14 16:30:32,272 [INFO] FPS 29.0
2026-03-14 16:30:33,273 [INFO] FPS 30.0
2026-03-14 16:30:34,273 [INFO] FPS 30.0
2026-03-14 16:30:35,274 [INFO] FPS 30.0
2026-03-14 16:30:36,275 [INFO] FPS 30.0
2026-03-14 16:30:37,276 [INFO] FPS 30.0
2026-03-14 16:30:38,276 [INFO] FPS 30.0
2026-03-14 16:30:39,277 [INFO] FPS 30.0
2026-03-14 16:30:40,278 [INFO] FPS 30.0
2026-03-14 16:30:41,279 [INFO] FPS 30.0
2026-03-14 16:30:42,279 [INFO] FPS 30.0
2026-03-14 16:30:43,281 [INFO] FPS 29.9
2026-03-14 16:30:44,282 [INFO] FPS 30.0
2026-03-14 16:30:45,315 [INFO] FPS 30.0
2026-03-14 16:30:46,316 [INFO] FPS 30.0
2026-03-14 16:30:47,317 [INFO] FPS 30.0
2026-03-14 16:30:48,350 [INFO] FPS 30.0
2026-03-14 16:30:49,351 [INFO] FPS 30.0
2026-03-14 16:30:50,351 [INFO] FPS 30.0
2026-03-14 16:30:51,353 [INFO] FPS 30.0
2026-03-14 16:30:52,354 [INFO] FPS 30.0
2026-03-14 16:30:53,358 [INFO] FPS 29.9
2026-03-14 16:30:54,362 [INFO] FPS 29.9
2026-03-14 16:30:55,393 [INFO] FPS 30.0
2026-03-14 16:30:56,430 [INFO] FPS 29.9
2026-03-14 16:30:57,433 [INFO] FPS 29.9
2026-03-14 16:30:58,460 [INFO] FPS 30.2
2026-03-14 16:30:59,475 [INFO] FPS 29.6
2026-03-14 16:31:00,497 [INFO] FPS 30.3
2026-03-14 16:31:01,528 [INFO] FPS 30.1
2026-03-14 16:41:35,603 [INFO] Stream program started
2026-03-14 16:41:35,608 [INFO] Starting RealSense pipeline
2026-03-14 16:41:35,608 [INFO] Streaming on http://0.0.0.0:8000/stream
2026-03-14 16:41:36,125 [INFO] RealSense pipeline started successfully
2026-03-14 16:41:36,166 [INFO] [31m[1mWARNING: This is a development server. Do not use it in a production deployment. Use a production WSGI server instead.[0m
 * Running on all addresses (0.0.0.0)
 * Running on http://127.0.0.1:8000
 * Running on http://10.0.0.168:8000
2026-03-14 16:41:36,166 [INFO] [33mPress CTRL+C to quit[0m
2026-03-14 16:41:36,639 [INFO] FPS 2.9
2026-03-14 16:41:37,641 [INFO] FPS 30.0
2026-03-14 16:41:38,673 [INFO] FPS 30.0
2026-03-14 16:41:39,674 [INFO] FPS 30.0
2026-03-14 16:41:39,683 [INFO] 127.0.0.1 - - [14/Mar/2026 16:41:39] "GET / HTTP/1.1" 200 -
2026-03-14 16:41:39,706 [INFO] MJPEG stream client connected
2026-03-14 16:41:39,707 [INFO] 127.0.0.1 - - [14/Mar/2026 16:41:39] "GET /stream HTTP/1.1" 200 -
2026-03-14 16:41:40,675 [INFO] FPS 30.0
2026-03-14 16:41:41,676 [INFO] FPS 30.0
2026-03-14 16:41:42,677 [INFO] FPS 30.0
2026-03-14 16:41:43,677 [INFO] FPS 30.0
2026-03-14 16:41:44,679 [INFO] FPS 30.0
2026-03-14 16:41:45,679 [INFO] FPS 30.0
2026-03-14 16:41:46,680 [INFO] FPS 30.0
2026-03-14 16:41:47,680 [INFO] FPS 30.0
2026-03-14 16:41:48,682 [INFO] FPS 30.0
2026-03-14 16:41:49,682 [INFO] FPS 30.0
2026-03-14 16:41:50,684 [INFO] FPS 29.9
2026-03-14 16:41:51,718 [INFO] FPS 30.0
2026-03-14 16:41:52,718 [INFO] FPS 30.0
2026-03-14 16:46:56,678 [INFO] Stream program started
2026-03-14 16:46:56,686 [INFO] Starting RealSense pipeline
2026-03-14 16:46:56,743 [INFO] Streaming on http://0.0.0.0:8000/stream
2026-03-14 16:46:57,313 [INFO] RealSense pipeline started successfully
2026-03-14 16:46:57,343 [INFO] [31m[1mWARNING: This is a development server. Do not use it in a production deployment. Use a production WSGI server instead.[0m
 * Running on all addresses (0.0.0.0)
 * Running on http://127.0.0.1:8000
 * Running on http://10.0.0.168:8000
2026-03-14 16:46:57,343 [INFO] [33mPress CTRL+C to quit[0m
2026-03-14 16:46:57,747 [INFO] FPS 0.9
2026-03-14 16:46:58,775 [INFO] FPS 30.1
2026-03-14 16:46:59,809 [INFO] FPS 30.0
2026-03-14 16:47:00,809 [INFO] FPS 30.0
2026-03-14 16:47:01,603 [INFO] 127.0.0.1 - - [14/Mar/2026 16:47:01] "GET / HTTP/1.1" 200 -
2026-03-14 16:47:01,662 [INFO] MJPEG stream client connected
2026-03-14 16:47:01,663 [INFO] 127.0.0.1 - - [14/Mar/2026 16:47:01] "GET /stream HTTP/1.1" 200 -
2026-03-14 16:47:01,811 [INFO] FPS 30.0
2026-03-14 16:47:02,811 [INFO] FPS 30.0
2026-03-14 16:47:03,812 [INFO] FPS 30.0
2026-03-14 16:47:04,813 [INFO] FPS 30.0
2026-03-14 16:47:05,814 [INFO] FPS 30.0
2026-03-14 16:47:06,815 [INFO] FPS 30.0
2026-03-14 16:47:07,848 [INFO] FPS 30.0
2026-03-14 16:47:08,850 [INFO] FPS 29.9
2026-03-14 16:47:09,850 [INFO] FPS 30.0
2026-03-14 16:47:10,884 [INFO] FPS 30.0
2026-03-14 16:47:11,885 [INFO] FPS 30.0
2026-03-14 16:47:12,886 [INFO] FPS 30.0
2026-03-14 16:47:13,886 [INFO] FPS 30.0
2026-03-14 16:47:14,920 [INFO] FPS 30.0
2026-03-14 16:47:15,920 [INFO] FPS 30.0
2026-03-14 16:47:16,921 [INFO] FPS 30.0
2026-03-14 16:47:17,923 [INFO] FPS 30.0
2026-03-14 16:47:18,702 [INFO] MJPEG stream client connected
2026-03-14 16:47:18,703 [INFO] 127.0.0.1 - - [14/Mar/2026 16:47:18] "GET /stream HTTP/1.1" 200 -
2026-03-14 16:47:18,930 [INFO] FPS 29.8
2026-03-14 16:47:19,930 [INFO] FPS 30.0
2026-03-14 16:47:20,960 [INFO] FPS 30.1
2026-03-14 16:47:21,964 [INFO] FPS 29.9
2026-03-14 16:47:22,977 [INFO] FPS 29.6
2026-03-14 16:47:24,011 [INFO] FPS 30.0
2026-03-14 16:47:25,046 [INFO] FPS 29.9
2026-03-14 16:47:26,068 [INFO] FPS 30.3
2026-03-14 16:47:27,105 [INFO] FPS 29.9
2026-03-14 16:47:28,141 [INFO] FPS 29.9
2026-03-14 16:47:29,165 [INFO] FPS 30.3
2026-03-14 16:47:30,199 [INFO] FPS 30.0
2026-03-14 16:47:31,200 [INFO] FPS 30.0
2026-03-14 16:47:32,200 [INFO] FPS 30.0
2026-03-14 16:47:33,237 [INFO] FPS 29.9
2026-03-14 16:47:34,269 [INFO] FPS 30.0
2026-03-14 16:47:35,279 [INFO] FPS 29.7
2026-03-14 16:47:36,304 [INFO] FPS 30.2
2026-03-14 16:47:37,337 [INFO] FPS 30.0
2026-03-14 16:47:38,337 [INFO] FPS 30.0
2026-03-14 16:47:39,338 [INFO] FPS 30.0
2026-03-14 16:47:40,340 [INFO] FPS 29.9
2026-03-14 16:47:41,374 [INFO] FPS 30.0
2026-03-14 16:47:42,376 [INFO] FPS 29.9
2026-03-14 16:47:43,378 [INFO] FPS 29.9
2026-03-14 16:47:44,379 [INFO] FPS 30.0
2026-03-14 16:47:45,410 [INFO] FPS 30.1
2026-03-14 16:47:46,415 [INFO] FPS 29.8
2026-03-14 16:47:47,445 [INFO] FPS 30.1
2026-03-14 16:47:48,477 [INFO] FPS 30.0
2026-03-14 16:47:49,478 [INFO] FPS 30.0
2026-03-14 16:47:50,482 [INFO] FPS 29.9
2026-03-14 16:47:51,514 [INFO] FPS 30.0
2026-03-14 16:47:52,517 [INFO] FPS 29.9
2026-03-14 16:47:53,521 [INFO] FPS 29.9
2026-03-14 16:47:54,526 [INFO] FPS 29.9
2026-03-14 16:47:55,553 [INFO] FPS 30.2
2026-03-14 16:47:56,557 [INFO] FPS 29.9
2026-03-14 16:47:57,592 [INFO] FPS 29.9
2026-03-14 16:47:58,620 [INFO] FPS 30.1
2026-03-14 16:47:59,631 [INFO] FPS 29.7
2026-03-14 16:48:00,632 [INFO] FPS 29.9
2026-03-14 16:48:01,671 [INFO] FPS 29.8
2026-03-14 16:48:02,689 [INFO] FPS 30.5
2026-03-14 16:48:03,690 [INFO] FPS 30.0
2026-03-14 16:48:04,691 [INFO] FPS 30.0
2026-03-14 16:48:05,696 [INFO] FPS 29.9
2026-03-14 16:48:06,727 [INFO] FPS 30.1
2026-03-14 16:48:07,742 [INFO] FPS 29.6
2026-03-14 16:48:08,759 [INFO] FPS 30.5
2026-03-14 16:48:09,761 [INFO] FPS 29.9
2026-03-14 16:48:10,763 [INFO] FPS 30.0
2026-03-14 16:48:11,796 [INFO] FPS 30.0
2026-03-14 16:48:12,799 [INFO] FPS 29.9
2026-03-14 16:48:13,802 [INFO] FPS 29.9
2026-03-14 16:48:14,831 [INFO] FPS 30.1
2026-03-14 16:48:15,840 [INFO] FPS 29.7
2026-03-14 16:48:16,866 [INFO] FPS 30.2
2026-03-14 16:48:17,866 [INFO] FPS 30.0
2026-03-14 16:48:18,867 [INFO] FPS 30.0
2026-03-14 16:48:19,868 [INFO] FPS 30.0
2026-03-14 16:48:20,870 [INFO] FPS 29.9
2026-03-14 16:48:21,904 [INFO] FPS 30.0
2026-03-14 16:48:22,937 [INFO] FPS 30.0
2026-03-14 16:48:23,939 [INFO] FPS 29.9
2026-03-14 16:48:24,972 [INFO] FPS 30.0
2026-03-14 16:48:25,972 [INFO] FPS 30.0
2026-03-14 16:48:26,986 [INFO] FPS 29.6
2026-03-14 16:48:28,013 [INFO] FPS 30.2
2026-03-14 16:48:29,042 [INFO] FPS 30.1
2026-03-14 16:48:30,049 [INFO] FPS 29.8
2026-03-14 16:48:31,099 [INFO] FPS 29.5
2026-03-14 16:48:32,114 [INFO] FPS 30.6
2026-03-14 16:48:33,122 [INFO] FPS 29.8
2026-03-14 16:48:34,122 [INFO] FPS 30.0
2026-03-14 16:48:35,145 [INFO] FPS 30.3
2026-03-14 16:48:36,147 [INFO] FPS 30.0
2026-03-14 16:48:37,147 [INFO] FPS 30.0
2026-03-14 16:48:38,148 [INFO] FPS 30.0
2026-03-14 16:48:39,148 [INFO] FPS 30.0
2026-03-14 16:48:40,149 [INFO] FPS 30.0
2026-03-14 16:48:41,152 [INFO] FPS 29.9
2026-03-14 16:48:42,152 [INFO] FPS 30.0
2026-03-14 16:48:43,184 [INFO] FPS 30.0
2026-03-14 16:48:44,185 [INFO] FPS 30.0
2026-03-14 16:48:45,186 [INFO] FPS 30.0
2026-03-14 16:48:46,188 [INFO] FPS 29.9
2026-03-14 16:48:47,220 [INFO] FPS 30.0
2026-03-14 16:48:48,234 [INFO] FPS 29.6
2026-03-14 16:48:49,259 [INFO] FPS 30.3
2026-03-14 16:48:50,290 [INFO] FPS 30.1
2026-03-14 16:48:51,291 [INFO] FPS 30.0
2026-03-14 16:48:52,291 [INFO] FPS 30.0
2026-03-14 16:48:53,295 [INFO] FPS 29.9
2026-03-14 16:48:54,299 [INFO] FPS 29.9
2026-03-14 16:48:55,328 [INFO] FPS 30.1
2026-03-14 16:48:56,328 [INFO] FPS 30.0
2026-03-14 16:48:57,328 [INFO] FPS 30.0
2026-03-14 16:48:58,331 [INFO] FPS 29.9
2026-03-14 16:48:59,332 [INFO] FPS 30.0
2026-03-14 16:49:00,367 [INFO] FPS 30.0
2026-03-14 16:49:01,397 [INFO] FPS 30.1
2026-03-14 16:49:02,398 [INFO] FPS 30.0
2026-03-14 16:49:03,451 [INFO] FPS 28.5
2026-03-14 16:49:04,467 [INFO] FPS 31.5
2026-03-14 16:49:05,492 [INFO] FPS 29.3
2026-03-14 16:49:06,511 [INFO] FPS 30.4
2026-03-14 16:49:07,547 [INFO] FPS 29.9
2026-03-14 16:49:08,590 [INFO] FPS 29.7
2026-03-14 16:49:09,604 [INFO] FPS 30.6
2026-03-14 16:49:10,638 [INFO] FPS 30.0
2026-03-14 16:49:11,638 [INFO] FPS 30.0
2026-03-14 16:49:12,640 [INFO] FPS 30.0
2026-03-14 16:49:13,642 [INFO] FPS 29.9
2026-03-14 16:49:14,675 [INFO] FPS 30.0
2026-03-14 16:49:15,677 [INFO] FPS 29.9
2026-03-14 16:49:16,715 [INFO] FPS 29.9
2026-03-14 16:49:17,742 [INFO] FPS 30.2
2026-03-14 16:49:18,744 [INFO] FPS 29.9
2026-03-14 16:49:19,754 [INFO] FPS 29.7
2026-03-14 16:49:20,778 [INFO] FPS 30.3
2026-03-14 16:49:21,780 [INFO] FPS 29.9
2026-03-14 16:49:22,813 [INFO] FPS 30.0
2026-03-14 16:49:23,818 [INFO] FPS 29.8
2026-03-14 16:49:24,850 [INFO] FPS 30.1
2026-03-14 16:49:25,882 [INFO] FPS 30.0
2026-03-14 16:49:26,915 [INFO] FPS 30.0
2026-03-14 16:49:27,918 [INFO] FPS 29.9
2026-03-14 16:49:28,952 [INFO] FPS 30.0
2026-03-14 16:49:29,987 [INFO] FPS 30.0
2026-03-14 16:49:30,987 [INFO] FPS 30.0
2026-03-14 16:49:32,020 [INFO] FPS 30.0
2026-03-14 16:49:33,022 [INFO] FPS 29.9
2026-03-14 16:49:34,022 [INFO] FPS 30.0
2026-03-14 16:49:35,022 [INFO] FPS 30.0
2026-03-14 16:49:36,023 [INFO] FPS 30.0
2026-03-14 16:49:37,025 [INFO] FPS 29.9
2026-03-14 16:49:38,026 [INFO] FPS 30.0
2026-03-14 16:49:39,060 [INFO] FPS 29.0
2026-03-14 16:49:40,088 [INFO] FPS 30.2
2026-03-14 16:49:41,095 [INFO] FPS 30.8
2026-03-14 16:49:42,127 [INFO] FPS 30.0
2026-03-14 16:49:43,128 [INFO] FPS 30.0
2026-03-14 16:49:44,130 [INFO] FPS 30.0
2026-03-14 16:49:45,130 [INFO] FPS 30.0
2026-03-14 16:49:46,130 [INFO] FPS 30.0
2026-03-14 16:49:47,133 [INFO] FPS 29.9
2026-03-14 16:49:48,165 [INFO] FPS 30.0
2026-03-14 16:49:49,165 [INFO] FPS 30.0
2026-03-14 16:49:50,166 [INFO] FPS 30.0
2026-03-14 16:49:51,168 [INFO] FPS 29.9
2026-03-14 16:49:52,170 [INFO] FPS 29.9
2026-03-14 16:49:53,207 [INFO] FPS 29.9
2026-03-14 16:49:54,243 [INFO] FPS 29.9
2026-03-14 16:49:55,270 [INFO] FPS 30.2
2026-03-14 16:49:56,274 [INFO] FPS 29.9
2026-03-14 16:49:57,304 [INFO] FPS 30.1
2026-03-14 16:49:58,305 [INFO] FPS 30.0
2026-03-14 16:49:59,305 [INFO] FPS 30.0
2026-03-14 16:50:00,306 [INFO] FPS 30.0
2026-03-14 16:50:01,308 [INFO] FPS 29.9
2026-03-14 16:50:02,340 [INFO] FPS 30.0
2026-03-14 16:50:03,342 [INFO] FPS 30.0
2026-03-14 16:50:04,347 [INFO] FPS 29.8
2026-03-14 16:50:05,350 [INFO] FPS 29.9
2026-03-14 16:50:06,378 [INFO] FPS 29.2
2026-03-14 16:50:07,378 [INFO] FPS 30.0
2026-03-14 16:50:08,406 [INFO] FPS 29.2
2026-03-14 16:50:09,413 [INFO] FPS 30.8
2026-03-14 16:50:10,425 [INFO] FPS 29.7
2026-03-14 16:50:11,453 [INFO] FPS 30.1
2026-03-14 16:50:12,484 [INFO] FPS 30.1
2026-03-14 16:50:13,485 [INFO] FPS 30.0
2026-03-14 16:50:14,516 [INFO] FPS 30.1
2026-03-14 16:50:15,518 [INFO] FPS 29.9
2026-03-14 16:50:16,519 [INFO] FPS 30.0
2026-03-14 16:50:17,519 [INFO] FPS 30.0
2026-03-14 16:50:18,519 [INFO] FPS 30.0
2026-03-14 16:50:19,520 [INFO] FPS 30.0
2026-03-14 16:50:20,520 [INFO] FPS 30.0
2026-03-14 16:50:21,521 [INFO] FPS 30.0
2026-03-14 16:50:22,523 [INFO] FPS 30.0
2026-03-14 16:50:23,523 [INFO] FPS 30.0
2026-03-14 16:50:24,524 [INFO] FPS 30.0
2026-03-14 16:50:25,525 [INFO] FPS 30.0
2026-03-14 16:50:26,526 [INFO] FPS 30.0
2026-03-14 16:50:27,527 [INFO] FPS 30.0
2026-03-14 16:50:28,527 [INFO] FPS 30.0
2026-03-14 16:50:29,530 [INFO] FPS 29.9
2026-03-14 16:50:30,531 [INFO] FPS 30.0
2026-03-14 16:50:31,562 [INFO] FPS 30.1
2026-03-14 16:50:32,565 [INFO] FPS 29.9
2026-03-14 16:50:33,597 [INFO] FPS 30.1
2026-03-14 16:50:34,597 [INFO] FPS 30.0
2026-03-14 16:50:35,598 [INFO] FPS 30.0
2026-03-14 16:50:36,600 [INFO] FPS 30.0
2026-03-14 16:50:37,600 [INFO] FPS 30.0
2026-03-14 16:50:38,601 [INFO] FPS 30.0
2026-03-14 16:50:39,605 [INFO] FPS 29.9
2026-03-14 16:50:40,610 [INFO] FPS 29.8
2026-03-14 16:50:41,637 [INFO] FPS 30.2
2026-03-14 16:50:42,646 [INFO] FPS 29.7
2026-03-14 16:50:43,678 [INFO] FPS 30.1
2026-03-14 16:50:44,686 [INFO] FPS 29.7
2026-03-14 16:50:45,737 [INFO] FPS 29.5
2026-03-14 16:50:46,745 [INFO] FPS 30.8
2026-03-14 16:50:47,780 [INFO] FPS 29.9
2026-03-14 16:50:48,822 [INFO] FPS 29.8
2026-03-14 16:50:49,849 [INFO] FPS 30.2
2026-03-14 16:50:50,875 [INFO] FPS 30.2
2026-03-14 16:50:51,877 [INFO] FPS 30.0
2026-03-14 16:50:52,881 [INFO] FPS 29.9
2026-03-14 16:50:53,915 [INFO] FPS 30.0
2026-03-14 16:50:54,915 [INFO] FPS 30.0
2026-03-14 16:50:55,947 [INFO] FPS 30.0
2026-03-14 16:50:56,948 [INFO] FPS 30.0
2026-03-14 16:50:57,950 [INFO] FPS 29.9
2026-03-14 16:50:58,953 [INFO] FPS 29.9
2026-03-14 16:50:59,983 [INFO] FPS 29.1
2026-03-14 16:51:00,983 [INFO] FPS 30.0
2026-03-14 16:51:01,986 [INFO] FPS 29.9
2026-03-14 16:51:03,018 [INFO] FPS 30.0
2026-03-14 16:51:04,019 [INFO] FPS 30.0
2026-03-14 16:51:05,022 [INFO] FPS 29.9
2026-03-14 16:51:06,054 [INFO] FPS 30.0
2026-03-14 16:51:07,055 [INFO] FPS 30.0
2026-03-14 16:51:08,057 [INFO] FPS 29.9
2026-03-14 16:51:09,059 [INFO] FPS 29.9
2026-03-14 16:51:10,092 [INFO] FPS 30.0
2026-03-14 16:51:11,109 [INFO] FPS 29.5
2026-03-14 16:51:12,131 [INFO] FPS 29.4
2026-03-14 16:51:13,160 [INFO] FPS 30.1
2026-03-14 16:51:14,160 [INFO] FPS 30.0
2026-03-14 16:51:15,194 [INFO] FPS 30.0
2026-03-14 16:51:16,196 [INFO] FPS 30.0
2026-03-14 16:51:17,201 [INFO] FPS 29.8
2026-03-14 16:51:18,202 [INFO] FPS 30.0
2026-03-14 16:51:19,234 [INFO] FPS 30.0
2026-03-14 16:51:20,266 [INFO] FPS 30.0
2026-03-14 16:51:21,299 [INFO] FPS 30.0
2026-03-14 16:51:22,301 [INFO] FPS 29.9
2026-03-14 16:51:23,308 [INFO] FPS 29.8
2026-03-14 16:51:24,336 [INFO] FPS 30.2
2026-03-14 16:51:25,393 [INFO] FPS 29.3
2026-03-14 16:51:26,406 [INFO] FPS 30.6
2026-03-14 16:51:27,447 [INFO] FPS 29.8
2026-03-14 16:51:28,492 [INFO] FPS 29.7
2026-03-14 16:51:29,519 [INFO] FPS 30.2
2026-03-14 16:51:30,547 [INFO] FPS 30.2
2026-03-14 16:51:31,586 [INFO] FPS 29.8
2026-03-14 16:51:32,622 [INFO] FPS 29.9
2026-03-14 16:51:33,623 [INFO] FPS 30.0
2026-03-14 16:51:34,642 [INFO] FPS 30.4
2026-03-14 16:51:35,644 [INFO] FPS 29.9
2026-03-14 16:51:36,645 [INFO] FPS 30.0
2026-03-14 16:51:37,645 [INFO] FPS 30.0
2026-03-14 16:51:38,678 [INFO] FPS 30.0
2026-03-14 16:51:39,712 [INFO] FPS 30.0
2026-03-14 16:51:40,747 [INFO] FPS 30.0
2026-03-14 16:51:41,749 [INFO] FPS 29.9
2026-03-14 16:51:42,753 [INFO] FPS 29.9
2026-03-14 16:51:43,782 [INFO] FPS 30.1
2026-03-14 16:51:44,782 [INFO] FPS 30.0
2026-03-14 16:51:45,784 [INFO] FPS 29.9
2026-03-14 16:51:46,818 [INFO] FPS 30.0
2026-03-14 16:51:47,851 [INFO] FPS 30.0
2026-03-14 16:51:48,853 [INFO] FPS 29.9
2026-03-14 16:51:49,855 [INFO] FPS 29.9
2026-03-14 16:51:50,857 [INFO] FPS 29.9
2026-03-14 16:51:51,887 [INFO] FPS 30.1
2026-03-14 16:51:52,890 [INFO] FPS 29.9
2026-03-14 16:51:53,922 [INFO] FPS 30.0
2026-03-14 16:51:54,923 [INFO] FPS 30.0
2026-03-14 16:51:55,924 [INFO] FPS 30.0
2026-03-14 16:51:56,925 [INFO] FPS 30.0
2026-03-14 16:51:57,927 [INFO] FPS 30.0
2026-03-14 16:51:58,934 [INFO] FPS 29.8
2026-03-14 16:51:59,962 [INFO] FPS 30.1
2026-03-14 16:52:00,964 [INFO] FPS 29.9
2026-03-14 16:52:02,000 [INFO] FPS 29.9
2026-03-14 16:52:03,004 [INFO] FPS 29.9
2026-03-14 16:52:04,044 [INFO] FPS 29.8
2026-03-14 16:52:05,053 [INFO] FPS 29.7
2026-03-14 16:52:06,074 [INFO] FPS 28.4
2026-03-14 16:52:07,076 [INFO] FPS 29.0
2026-03-14 16:52:08,122 [INFO] FPS 27.7
2026-03-14 16:52:09,134 [INFO] FPS 29.6
2026-03-14 16:52:10,136 [INFO] FPS 29.0
2026-03-14 16:52:11,139 [INFO] FPS 27.9
2026-03-14 16:52:12,177 [INFO] FPS 28.9
2026-03-14 16:52:13,178 [INFO] FPS 30.0
2026-03-14 16:52:14,179 [INFO] FPS 28.0
2026-03-14 16:52:15,218 [INFO] FPS 26.9
2026-03-14 16:52:16,242 [INFO] FPS 29.3
2026-03-14 16:52:17,248 [INFO] FPS 29.8
2026-03-14 16:52:18,250 [INFO] FPS 28.9
2026-03-14 16:52:19,283 [INFO] FPS 29.1
2026-03-14 16:52:20,313 [INFO] FPS 27.2
2026-03-14 16:52:21,346 [INFO] FPS 28.1
2026-03-14 16:52:22,398 [INFO] FPS 27.6
2026-03-14 16:52:23,405 [INFO] FPS 29.8
2026-03-14 16:52:24,421 [INFO] FPS 29.5
2026-03-14 16:52:25,438 [INFO] FPS 27.5
2026-03-14 16:52:26,454 [INFO] FPS 29.5
2026-03-14 16:52:27,455 [INFO] FPS 28.0
2026-03-14 16:52:28,494 [INFO] FPS 28.9
2026-03-14 16:52:29,518 [INFO] FPS 28.3
2026-03-14 16:52:30,524 [INFO] FPS 29.8
2026-03-14 16:52:31,558 [INFO] FPS 30.0
2026-03-14 16:52:32,560 [INFO] FPS 30.0
2026-03-14 16:52:33,562 [INFO] FPS 28.9
2026-03-14 16:52:34,588 [INFO] FPS 28.3
2026-03-14 16:52:35,630 [INFO] FPS 27.8
2026-03-14 16:52:36,662 [INFO] FPS 29.1
2026-03-14 16:52:37,666 [INFO] FPS 27.9
2026-03-14 16:52:38,696 [INFO] FPS 28.2
2026-03-14 16:52:39,738 [INFO] FPS 28.8
2026-03-14 16:52:40,760 [INFO] FPS 27.4
2026-03-14 16:52:41,792 [INFO] FPS 28.1
2026-03-14 16:52:42,804 [INFO] FPS 28.7
2026-03-14 16:52:43,860 [INFO] FPS 27.5
2026-03-14 16:52:44,885 [INFO] FPS 29.3
2026-03-14 16:52:45,899 [INFO] FPS 30.6
2026-03-14 16:52:46,940 [INFO] FPS 28.8
2026-03-14 16:52:47,971 [INFO] FPS 30.1
2026-03-14 16:52:48,979 [INFO] FPS 27.8
2026-03-14 16:52:50,006 [INFO] FPS 30.2
2026-03-14 16:52:51,038 [INFO] FPS 28.1
2026-03-14 16:52:52,072 [INFO] FPS 28.1
2026-03-14 16:52:53,106 [INFO] FPS 27.1
2026-03-14 16:52:54,106 [INFO] FPS 29.0
2026-03-14 16:52:55,146 [INFO] FPS 29.8
2026-03-14 16:52:56,147 [INFO] FPS 30.0
2026-03-14 16:52:57,170 [INFO] FPS 29.3
2026-03-14 16:52:58,183 [INFO] FPS 29.6
2026-03-14 16:52:59,209 [INFO] FPS 29.2
2026-03-14 16:53:00,246 [INFO] FPS 29.9
2026-03-14 16:53:01,255 [INFO] FPS 29.7
2026-03-14 16:53:02,277 [INFO] FPS 30.3
2026-03-14 16:53:03,305 [INFO] FPS 29.2
2026-03-14 16:53:04,311 [INFO] FPS 28.8
2026-03-14 16:53:05,314 [INFO] FPS 29.9
2026-03-14 16:53:06,346 [INFO] FPS 30.1
2026-03-14 16:53:07,348 [INFO] FPS 29.9
2026-03-14 16:53:08,352 [INFO] FPS 29.9
2026-03-14 16:53:09,358 [INFO] FPS 28.8
2026-03-14 16:53:10,397 [INFO] FPS 28.9
2026-03-14 16:53:11,434 [INFO] FPS 27.9
2026-03-14 16:53:12,458 [INFO] FPS 29.3
2026-03-14 16:53:13,491 [INFO] FPS 30.0
2026-03-14 16:53:14,534 [INFO] FPS 28.8
2026-03-14 16:53:15,534 [INFO] FPS 29.0
2026-03-14 16:53:16,554 [INFO] FPS 28.4
2026-03-14 16:53:17,559 [INFO] FPS 29.8
2026-03-14 16:53:18,596 [INFO] FPS 28.0
2026-03-14 16:53:19,599 [INFO] FPS 29.9
2026-03-14 16:53:20,600 [INFO] FPS 30.0
2026-03-14 16:53:21,647 [INFO] FPS 29.6
2026-03-14 16:53:22,654 [INFO] FPS 29.8
2026-03-14 16:53:23,656 [INFO] FPS 30.0
2026-03-14 16:53:24,673 [INFO] FPS 27.5
2026-03-14 16:53:25,692 [INFO] FPS 29.5
2026-03-14 16:53:26,698 [INFO] FPS 28.8
2026-03-14 16:53:27,722 [INFO] FPS 29.3
2026-03-14 16:53:28,731 [INFO] FPS 27.8
2026-03-14 16:53:29,762 [INFO] FPS 30.1
2026-03-14 16:53:30,819 [INFO] FPS 28.4
2026-03-14 16:53:31,838 [INFO] FPS 28.4
2026-03-14 16:53:32,866 [INFO] FPS 30.2
2026-03-14 16:53:33,896 [INFO] FPS 27.2
2026-03-14 16:53:34,904 [INFO] FPS 29.8
2026-03-14 16:53:35,943 [INFO] FPS 27.9
2026-03-14 16:53:36,965 [INFO] FPS 30.3
2026-03-14 16:53:37,974 [INFO] FPS 28.7
2026-03-14 16:53:39,006 [INFO] FPS 28.1
2026-03-14 16:53:40,044 [INFO] FPS 29.9
2026-03-14 16:53:41,078 [INFO] FPS 28.0
2026-03-14 16:53:42,104 [INFO] FPS 29.2
2026-03-14 16:53:43,104 [INFO] FPS 30.0
2026-03-14 16:53:44,118 [INFO] FPS 28.6
2026-03-14 16:53:45,154 [INFO] FPS 28.0
2026-03-14 16:53:46,172 [INFO] FPS 28.5
2026-03-14 16:53:47,184 [INFO] FPS 29.6
2026-03-14 16:53:48,214 [INFO] FPS 30.1
2026-03-14 16:53:49,239 [INFO] FPS 30.3
2026-03-14 16:53:50,248 [INFO] FPS 27.8
2026-03-14 16:53:51,250 [INFO] FPS 28.9
2026-03-14 16:53:52,271 [INFO] FPS 26.4
2026-03-14 16:53:53,290 [INFO] FPS 29.4
2026-03-14 16:53:54,298 [INFO] FPS 27.8
2026-03-14 16:53:55,311 [INFO] FPS 29.6
2026-03-14 16:53:56,331 [INFO] FPS 30.4
2026-03-14 16:53:57,332 [INFO] FPS 26.0
2026-03-14 16:53:58,380 [INFO] FPS 29.6
2026-03-14 16:53:59,408 [INFO] FPS 28.2
2026-03-14 16:54:00,424 [INFO] FPS 30.5
2026-03-14 16:54:01,457 [INFO] FPS 28.1
2026-03-14 16:54:02,483 [INFO] FPS 30.2
2026-03-14 16:54:03,491 [INFO] FPS 29.7
2026-03-14 16:54:04,520 [INFO] FPS 29.2
2026-03-14 16:54:05,525 [INFO] FPS 29.8
2026-03-14 16:54:06,534 [INFO] FPS 28.7
2026-03-14 16:54:07,556 [INFO] FPS 28.4
2026-03-14 16:54:08,558 [INFO] FPS 28.9
2026-03-14 16:54:09,566 [INFO] FPS 29.8
2026-03-14 16:54:10,607 [INFO] FPS 28.8
2026-03-14 16:54:11,624 [INFO] FPS 30.5
2026-03-14 16:54:12,630 [INFO] FPS 29.8
2026-03-14 16:54:13,632 [INFO] FPS 27.9
2026-03-14 16:54:14,644 [INFO] FPS 27.7
2026-03-14 16:54:15,662 [INFO] FPS 29.5
2026-03-14 16:54:16,697 [INFO] FPS 29.0
2026-03-14 16:54:17,698 [INFO] FPS 30.0
2026-03-14 16:54:18,707 [INFO] FPS 27.8
2026-03-14 16:54:19,711 [INFO] FPS 28.9
2026-03-14 16:54:20,745 [INFO] FPS 29.0
2026-03-14 16:54:21,783 [INFO] FPS 28.9
2026-03-14 16:54:22,808 [INFO] FPS 27.3
2026-03-14 16:54:23,837 [INFO] FPS 30.1
2026-03-14 16:54:24,842 [INFO] FPS 29.8
2026-03-14 16:54:25,842 [INFO] FPS 26.0
2026-03-14 16:54:26,870 [INFO] FPS 28.2
2026-03-14 16:54:27,874 [INFO] FPS 29.9
2026-03-14 16:54:28,876 [INFO] FPS 30.0
2026-03-14 16:54:29,907 [INFO] FPS 28.1
2026-03-14 16:54:30,946 [INFO] FPS 28.9
2026-03-14 16:54:31,979 [INFO] FPS 30.0
2026-03-14 16:54:33,008 [INFO] FPS 28.2
2026-03-14 16:54:34,019 [INFO] FPS 27.7
2026-03-14 16:54:35,046 [INFO] FPS 29.2
2026-03-14 16:54:36,052 [INFO] FPS 28.8
2026-03-14 16:54:37,054 [INFO] FPS 27.9
2026-03-14 16:54:38,084 [INFO] FPS 29.1
2026-03-14 16:54:39,110 [INFO] FPS 29.2
2026-03-14 16:54:40,114 [INFO] FPS 27.9
2026-03-14 17:18:00,420 [INFO] TFLite stream program started
2026-03-14 17:18:00,427 [INFO] TFLite model loaded: /home/matt/follow_project/models/detect.tflite
2026-03-14 17:18:00,431 [INFO] Starting RealSense pipeline
2026-03-14 17:18:15,948 [ERROR] Initial pipeline start failed: No device connected
2026-03-14 17:18:15,981 [INFO] [31m[1mWARNING: This is a development server. Do not use it in a production deployment. Use a production WSGI server instead.[0m
 * Running on all addresses (0.0.0.0)
 * Running on http://127.0.0.1:8000
 * Running on http://10.0.0.168:8000
2026-03-14 17:18:15,982 [INFO] [33mPress CTRL+C to quit[0m
2026-03-14 17:21:24,762 [INFO] TFLite stream program started
2026-03-14 17:21:24,769 [INFO] TFLite model loaded: /home/matt/follow_project/models/detect.tflite
2026-03-14 17:21:24,772 [INFO] Starting RealSense pipeline
2026-03-14 17:21:40,268 [ERROR] Initial pipeline start failed: No device connected
2026-03-14 17:21:40,300 [INFO] [31m[1mWARNING: This is a development server. Do not use it in a production deployment. Use a production WSGI server instead.[0m
 * Running on all addresses (0.0.0.0)
 * Running on http://127.0.0.1:8000
 * Running on http://10.0.0.168:8000
2026-03-14 17:21:40,301 [INFO] [33mPress CTRL+C to quit[0m
2026-03-14 17:23:40,326 [INFO] TFLite stream program started
2026-03-14 17:23:40,333 [INFO] TFLite model loaded: /home/matt/follow_project/models/detect.tflite
2026-03-14 17:23:40,336 [INFO] Starting RealSense pipeline
2026-03-14 17:23:55,833 [ERROR] Initial pipeline start failed: No device connected
2026-03-14 17:23:55,871 [INFO] [31m[1mWARNING: This is a development server. Do not use it in a production deployment. Use a production WSGI server instead.[0m
 * Running on all addresses (0.0.0.0)
 * Running on http://127.0.0.1:8000
 * Running on http://10.0.0.168:8000
2026-03-14 17:23:55,871 [INFO] [33mPress CTRL+C to quit[0m
2026-03-14 17:25:19,036 [INFO] TFLite stream program started
2026-03-14 17:25:19,043 [INFO] TFLite model loaded: /home/matt/follow_project/models/detect.tflite
2026-03-14 17:25:19,046 [INFO] Starting RealSense pipeline
2026-03-14 17:25:34,537 [ERROR] Initial pipeline start failed: No device connected
2026-03-14 17:25:34,570 [INFO] [31m[1mWARNING: This is a development server. Do not use it in a production deployment. Use a production WSGI server instead.[0m
 * Running on all addresses (0.0.0.0)
 * Running on http://127.0.0.1:8000
 * Running on http://10.0.0.168:8000
2026-03-14 17:25:34,571 [INFO] [33mPress CTRL+C to quit[0m
2026-03-14 17:25:41,279 [INFO] 127.0.0.1 - - [14/Mar/2026 17:25:41] "GET / HTTP/1.1" 200 -
2026-03-14 17:25:41,450 [INFO] 127.0.0.1 - - [14/Mar/2026 17:25:41] "GET /stream HTTP/1.1" 200 -
2026-03-14 17:26:00,286 [INFO] 127.0.0.1 - - [14/Mar/2026 17:26:00] "GET / HTTP/1.1" 200 -
2026-03-14 17:26:20,643 [INFO] 127.0.0.1 - - [14/Mar/2026 17:26:20] "GET /stream HTTP/1.1" 200 -
2026-03-14 17:26:47,745 [INFO] 127.0.0.1 - - [14/Mar/2026 17:26:47] "GET /stream HTTP/1.1" 200 -
2026-03-14 17:29:41,904 [INFO] TFLite stream program started
2026-03-14 17:29:41,913 [INFO] TFLite model loaded: /home/matt/follow_project/models/detect.tflite
2026-03-14 17:29:41,917 [INFO] Starting RealSense pipeline
2026-03-14 17:29:57,486 [ERROR] Initial pipeline start failed: No device connected
2026-03-14 17:29:57,521 [INFO] [31m[1mWARNING: This is a development server. Do not use it in a production deployment. Use a production WSGI server instead.[0m
 * Running on all addresses (0.0.0.0)
 * Running on http://127.0.0.1:8000
 * Running on http://10.0.0.168:8000
2026-03-14 17:29:57,522 [INFO] [33mPress CTRL+C to quit[0m
2026-03-14 17:30:36,721 [INFO] TFLite stream program started
2026-03-14 17:30:36,729 [INFO] TFLite model loaded: /home/matt/follow_project/models/detect.tflite
2026-03-14 17:30:36,734 [INFO] Starting RealSense pipeline
2026-03-14 17:30:52,260 [ERROR] Initial pipeline start failed: No device connected
2026-03-14 17:30:52,281 [INFO] [31m[1mWARNING: This is a development server. Do not use it in a production deployment. Use a production WSGI server instead.[0m
 * Running on all addresses (0.0.0.0)
 * Running on http://127.0.0.1:8000
 * Running on http://10.0.0.168:8000
2026-03-14 17:30:52,282 [INFO] [33mPress CTRL+C to quit[0m
2026-03-14 17:31:29,795 [INFO] 127.0.0.1 - - [14/Mar/2026 17:31:29] "GET /stream HTTP/1.1" 200 -
2026-03-14 17:32:31,810 [INFO] TFLite stream program started
2026-03-14 17:32:31,820 [INFO] TFLite model loaded: /home/matt/follow_project/models/detect.tflite
2026-03-14 17:32:31,826 [INFO] Starting RealSense pipeline
2026-03-14 17:32:47,450 [ERROR] Initial pipeline start failed: No device connected
2026-03-14 17:32:47,482 [INFO] [31m[1mWARNING: This is a development server. Do not use it in a production deployment. Use a production WSGI server instead.[0m
 * Running on all addresses (0.0.0.0)
 * Running on http://127.0.0.1:8000
 * Running on http://10.0.0.168:8000
2026-03-14 17:32:47,482 [INFO] [33mPress CTRL+C to quit[0m
2026-03-14 17:33:06,587 [INFO] 127.0.0.1 - - [14/Mar/2026 17:33:06] "GET / HTTP/1.1" 200 -
2026-03-14 17:33:06,646 [INFO] 127.0.0.1 - - [14/Mar/2026 17:33:06] "GET /stream HTTP/1.1" 200 -
2026-03-14 17:36:09,843 [INFO] TFLite stream program started
2026-03-14 17:36:09,851 [INFO] TFLite model loaded: /home/matt/follow_project/models/detect.tflite
2026-03-14 17:36:09,856 [INFO] Starting RealSense pipeline
2026-03-14 17:36:25,373 [ERROR] Initial pipeline start failed: No device connected
2026-03-14 17:36:25,405 [INFO] [31m[1mWARNING: This is a development server. Do not use it in a production deployment. Use a production WSGI server instead.[0m
 * Running on all addresses (0.0.0.0)
 * Running on http://127.0.0.1:8000
 * Running on http://10.0.0.168:8000
2026-03-14 17:36:25,406 [INFO] [33mPress CTRL+C to quit[0m
2026-03-14 17:36:44,766 [INFO] 10.0.0.154 - - [14/Mar/2026 17:36:44] "GET /stream HTTP/1.1" 200 -
2026-03-14 17:43:23,574 [INFO] Stream program started
2026-03-14 17:43:23,579 [INFO] Starting RealSense pipeline
2026-03-14 17:43:23,580 [INFO] Streaming on http://0.0.0.0:8000/stream
2026-03-14 17:43:24,101 [INFO] RealSense pipeline started successfully
2026-03-14 17:43:24,138 [INFO] [31m[1mWARNING: This is a development server. Do not use it in a production deployment. Use a production WSGI server instead.[0m
 * Running on all addresses (0.0.0.0)
 * Running on http://127.0.0.1:8000
 * Running on http://10.0.0.168:8000
2026-03-14 17:43:24,139 [INFO] [33mPress CTRL+C to quit[0m
2026-03-14 17:43:24,585 [INFO] FPS 2.0
2026-03-14 17:43:25,619 [INFO] FPS 30.0
2026-03-14 17:43:26,652 [INFO] FPS 30.0
2026-03-14 17:43:26,761 [INFO] 127.0.0.1 - - [14/Mar/2026 17:43:26] "GET / HTTP/1.1" 200 -
2026-03-14 17:43:26,796 [INFO] MJPEG stream client connected
2026-03-14 17:43:26,796 [INFO] 127.0.0.1 - - [14/Mar/2026 17:43:26] "GET /stream HTTP/1.1" 200 -
2026-03-14 17:43:27,655 [INFO] FPS 29.9
2026-03-14 17:43:28,688 [INFO] FPS 30.0
2026-03-14 17:43:29,691 [INFO] FPS 29.9
2026-03-14 17:43:30,723 [INFO] FPS 30.0
2026-03-14 17:43:31,728 [INFO] FPS 29.8
2026-03-14 17:43:32,758 [INFO] FPS 30.1
2026-03-14 17:43:33,758 [INFO] FPS 30.0
2026-03-14 17:43:34,759 [INFO] FPS 30.0
2026-03-14 17:43:35,759 [INFO] FPS 30.0
2026-03-14 17:43:36,761 [INFO] FPS 30.0
2026-03-14 17:43:37,761 [INFO] FPS 30.0
2026-03-14 17:43:38,761 [INFO] FPS 30.0
2026-03-14 17:43:39,763 [INFO] FPS 30.0
2026-03-14 17:43:40,763 [INFO] FPS 30.0
2026-03-14 17:43:41,764 [INFO] FPS 30.0
2026-03-14 17:43:42,766 [INFO] FPS 29.9
2026-03-14 17:43:43,800 [INFO] FPS 30.0
2026-03-14 17:43:44,800 [INFO] FPS 30.0
2026-03-14 17:43:45,800 [INFO] FPS 30.0
2026-03-14 17:43:46,801 [INFO] FPS 30.0
2026-03-14 17:43:47,810 [INFO] FPS 29.7
2026-03-14 17:43:48,836 [INFO] FPS 30.2
2026-03-14 17:43:49,839 [INFO] FPS 29.9
2026-03-14 17:43:50,844 [INFO] FPS 29.8
2026-03-14 17:43:51,872 [INFO] FPS 30.1
2026-03-14 17:43:52,880 [INFO] FPS 29.8
2026-03-14 17:43:53,883 [INFO] FPS 29.9
2026-03-14 17:43:54,914 [INFO] FPS 30.0
2026-03-14 17:43:55,941 [INFO] FPS 30.2
2026-03-14 17:43:56,942 [INFO] FPS 30.0
2026-03-14 17:43:57,944 [INFO] FPS 29.9
2026-03-14 17:43:58,976 [INFO] FPS 30.0
2026-03-14 17:43:59,977 [INFO] FPS 30.0
2026-03-14 17:44:00,978 [INFO] FPS 30.0
2026-03-14 17:44:02,012 [INFO] FPS 30.0
2026-03-14 17:44:03,013 [INFO] FPS 30.0
2026-03-14 17:44:04,031 [INFO] FPS 29.5
2026-03-14 17:44:05,048 [INFO] FPS 30.5
2026-03-14 17:44:06,048 [INFO] FPS 30.0
2026-03-14 17:44:07,050 [INFO] FPS 29.9
2026-03-14 17:44:08,085 [INFO] FPS 30.0
2026-03-14 17:44:09,120 [INFO] FPS 30.0
2026-03-14 17:44:10,153 [INFO] FPS 30.0
2026-03-14 17:44:11,190 [INFO] FPS 29.0
2026-03-14 17:44:12,220 [INFO] FPS 28.1
2026-03-14 17:44:13,223 [INFO] FPS 29.9
2026-03-14 17:44:14,227 [INFO] FPS 29.9
2026-03-14 17:44:15,254 [INFO] FPS 30.2
2026-03-14 17:44:16,256 [INFO] FPS 28.0
2026-03-14 17:44:17,261 [INFO] FPS 29.9
2026-03-14 17:44:18,292 [INFO] FPS 30.1
2026-03-14 17:44:19,325 [INFO] FPS 30.0
2026-03-14 17:44:20,359 [INFO] FPS 30.0
2026-03-14 17:44:21,360 [INFO] FPS 30.0
2026-03-14 17:44:22,363 [INFO] FPS 29.9
2026-03-14 17:44:23,394 [INFO] FPS 30.1
2026-03-14 17:44:24,396 [INFO] FPS 28.9
2026-03-14 17:44:25,401 [INFO] FPS 25.9
2026-03-14 17:44:26,434 [INFO] FPS 30.0
2026-03-14 17:44:27,437 [INFO] FPS 28.9
2026-03-14 17:44:28,475 [INFO] FPS 28.0
2026-03-14 17:44:29,499 [INFO] FPS 30.2
2026-03-14 17:44:30,517 [INFO] FPS 29.5
2026-03-14 17:44:31,533 [INFO] FPS 30.5
2026-03-14 17:44:32,535 [INFO] FPS 29.9
2026-03-14 17:44:33,537 [INFO] FPS 29.9
2026-03-14 17:44:34,542 [INFO] FPS 29.9
2026-03-14 17:44:35,572 [INFO] FPS 29.1
2026-03-14 17:44:36,597 [INFO] FPS 30.3
2026-03-14 17:44:37,607 [INFO] FPS 30.7
2026-03-14 17:44:38,630 [INFO] FPS 29.3
2026-03-14 17:44:39,642 [INFO] FPS 30.7
2026-03-14 17:44:40,679 [INFO] FPS 29.9
2026-03-14 17:44:41,732 [INFO] FPS 29.5
2026-03-14 17:44:42,742 [INFO] FPS 30.7
2026-03-14 17:44:43,742 [INFO] FPS 30.0
2026-03-14 17:44:44,742 [INFO] FPS 30.0
2026-03-14 17:44:45,744 [INFO] FPS 30.0
2026-03-14 17:44:46,746 [INFO] FPS 29.9
2026-03-14 17:44:47,778 [INFO] FPS 30.0
2026-03-14 17:44:48,779 [INFO] FPS 30.0
2026-03-14 17:44:49,779 [INFO] FPS 29.0
2026-03-14 17:44:50,780 [INFO] FPS 30.0
2026-03-14 17:44:51,781 [INFO] FPS 30.0
2026-03-14 17:44:52,782 [INFO] FPS 30.0
2026-03-14 17:44:53,784 [INFO] FPS 29.9
2026-03-14 17:44:54,816 [INFO] FPS 30.0
2026-03-14 17:44:55,818 [INFO] FPS 29.9
2026-03-14 17:44:56,819 [INFO] FPS 30.0
2026-03-14 17:44:57,852 [INFO] FPS 30.0
2026-03-14 17:44:58,852 [INFO] FPS 30.0
2026-03-14 17:44:59,853 [INFO] FPS 30.0
2026-03-14 17:45:00,854 [INFO] FPS 30.0
2026-03-14 17:45:01,855 [INFO] FPS 30.0
2026-03-14 17:45:02,855 [INFO] FPS 29.0
2026-03-14 17:45:03,856 [INFO] FPS 30.0
2026-03-14 17:45:04,857 [INFO] FPS 30.0
2026-03-14 17:45:05,858 [INFO] FPS 30.0
2026-03-14 17:45:06,859 [INFO] FPS 30.0
2026-03-14 17:45:07,859 [INFO] FPS 30.0
2026-03-14 17:45:08,860 [INFO] FPS 30.0
2026-03-14 17:45:09,861 [INFO] FPS 29.9
2026-03-14 17:45:10,863 [INFO] FPS 29.9
2026-03-14 17:45:11,868 [INFO] FPS 29.9
2026-03-14 17:45:12,903 [INFO] FPS 30.0
2026-03-14 17:45:13,942 [INFO] FPS 29.8
2026-03-14 17:45:14,971 [INFO] FPS 30.1
2026-03-14 17:45:15,973 [INFO] FPS 29.9
2026-03-14 17:45:16,987 [INFO] FPS 29.6
2026-03-14 17:45:18,002 [INFO] FPS 30.5
2026-03-14 17:45:19,050 [INFO] FPS 29.6
2026-03-14 17:45:20,070 [INFO] FPS 30.4
2026-03-14 17:45:21,109 [INFO] FPS 29.8
2026-03-14 17:45:22,136 [INFO] FPS 30.2
2026-03-14 17:45:23,139 [INFO] FPS 29.9
2026-03-14 17:45:24,172 [INFO] FPS 30.0
2026-03-14 17:45:25,205 [INFO] FPS 30.0
2026-03-14 17:45:26,205 [INFO] FPS 30.0
2026-03-14 17:45:27,207 [INFO] FPS 30.0
2026-03-14 17:45:28,207 [INFO] FPS 30.0
2026-03-14 17:45:29,207 [INFO] FPS 30.0
2026-03-14 17:45:30,209 [INFO] FPS 29.9
2026-03-14 17:45:31,242 [INFO] FPS 30.0
2026-03-14 17:45:32,243 [INFO] FPS 30.0
2026-03-14 17:45:33,246 [INFO] FPS 29.9
2026-03-14 17:45:34,279 [INFO] FPS 30.0
2026-03-14 17:45:35,312 [INFO] FPS 29.0
2026-03-14 17:45:36,314 [INFO] FPS 30.0
2026-03-14 17:45:37,347 [INFO] FPS 30.0
2026-03-14 17:45:38,348 [INFO] FPS 30.0
2026-03-14 17:45:39,348 [INFO] FPS 30.0
2026-03-14 17:45:40,349 [INFO] FPS 30.0
2026-03-14 17:45:41,350 [INFO] FPS 30.0
2026-03-14 17:45:42,351 [INFO] FPS 30.0
2026-03-14 17:45:43,352 [INFO] FPS 30.0
2026-03-14 17:45:44,352 [INFO] FPS 30.0
2026-03-14 17:45:45,356 [INFO] FPS 29.9
2026-03-14 17:45:46,388 [INFO] FPS 30.0
2026-03-14 17:45:47,422 [INFO] FPS 30.0
2026-03-14 17:45:48,462 [INFO] FPS 29.8
2026-03-14 17:45:49,492 [INFO] FPS 30.1
2026-03-14 17:45:50,502 [INFO] FPS 29.7
2026-03-14 17:45:51,528 [INFO] FPS 30.2
2026-03-14 17:45:52,530 [INFO] FPS 27.9
2026-03-14 17:45:53,565 [INFO] FPS 30.0
2026-03-14 17:45:54,598 [INFO] FPS 30.0
2026-03-14 17:45:55,607 [INFO] FPS 29.7
2026-03-14 17:45:56,633 [INFO] FPS 30.2
2026-03-14 17:45:57,649 [INFO] FPS 29.5
2026-03-14 17:45:58,673 [INFO] FPS 29.3
2026-03-14 17:45:59,727 [INFO] FPS 29.4
2026-03-14 17:46:00,735 [INFO] FPS 30.8
2026-03-14 17:46:01,761 [INFO] FPS 29.2
2026-03-14 17:46:02,786 [INFO] FPS 30.3
2026-03-14 17:46:03,816 [INFO] FPS 29.1
2026-03-14 17:46:04,833 [INFO] FPS 28.5
2026-03-14 17:46:05,838 [INFO] FPS 25.9
2026-03-14 17:46:06,844 [INFO] FPS 26.8
2026-03-14 17:46:07,849 [INFO] FPS 25.9
2026-03-14 17:46:08,875 [INFO] FPS 25.3
2026-03-14 17:46:09,880 [INFO] FPS 29.8
2026-03-14 17:46:10,908 [INFO] FPS 30.2
2026-03-14 17:46:11,908 [INFO] FPS 30.0
2026-03-14 17:46:12,942 [INFO] FPS 29.0
2026-03-14 17:46:13,945 [INFO] FPS 29.9
2026-03-14 17:46:14,974 [INFO] FPS 30.1
2026-03-14 17:46:15,975 [INFO] FPS 30.0
2026-03-14 17:46:16,975 [INFO] FPS 30.0
2026-03-14 17:46:17,976 [INFO] FPS 30.0
2026-03-14 17:46:18,977 [INFO] FPS 30.0
2026-03-14 17:46:19,977 [INFO] FPS 30.0
2026-03-14 17:46:20,978 [INFO] FPS 30.0
2026-03-14 17:46:21,979 [INFO] FPS 30.0
2026-03-14 17:46:22,980 [INFO] FPS 30.0
2026-03-14 17:46:23,981 [INFO] FPS 30.0
2026-03-14 17:46:24,981 [INFO] FPS 30.0
2026-03-14 17:46:25,985 [INFO] FPS 29.9
2026-03-14 17:46:27,019 [INFO] FPS 30.0
2026-03-14 17:46:28,024 [INFO] FPS 28.9
2026-03-14 17:46:29,050 [INFO] FPS 30.2
2026-03-14 17:46:30,062 [INFO] FPS 29.6
2026-03-14 17:46:31,088 [INFO] FPS 30.2
2026-03-14 17:46:32,091 [INFO] FPS 29.9
2026-03-14 17:46:33,093 [INFO] FPS 29.9
2026-03-14 17:46:34,106 [INFO] FPS 29.6
2026-03-14 17:46:35,124 [INFO] FPS 30.5
2026-03-14 17:46:36,156 [INFO] FPS 30.0
2026-03-14 17:46:37,156 [INFO] FPS 30.0
2026-03-14 17:46:38,157 [INFO] FPS 30.0
2026-03-14 17:46:39,159 [INFO] FPS 27.9
2026-03-14 17:46:40,192 [INFO] FPS 30.0
2026-03-14 17:46:41,193 [INFO] FPS 30.0
2026-03-14 17:46:42,194 [INFO] FPS 30.0
2026-03-14 17:46:43,194 [INFO] FPS 30.0
2026-03-14 17:46:44,196 [INFO] FPS 28.9
2026-03-14 17:46:45,229 [INFO] FPS 30.0
2026-03-14 17:46:46,230 [INFO] FPS 30.0
2026-03-14 17:46:47,230 [INFO] FPS 30.0
2026-03-14 17:46:48,233 [INFO] FPS 29.9
2026-03-14 17:46:49,233 [INFO] FPS 30.0
2026-03-14 17:46:50,233 [INFO] FPS 29.0
2026-03-14 17:46:51,266 [INFO] FPS 30.0
2026-03-14 17:46:52,270 [INFO] FPS 29.9
2026-03-14 17:46:53,301 [INFO] FPS 29.1
2026-03-14 17:46:54,302 [INFO] FPS 30.0
2026-03-14 17:46:55,303 [INFO] FPS 29.9
2026-03-14 17:46:56,304 [INFO] FPS 28.0
2026-03-14 17:46:57,304 [INFO] FPS 30.0
2026-03-14 17:46:58,305 [INFO] FPS 30.0
2026-03-14 17:46:59,306 [INFO] FPS 29.0
2026-03-14 17:47:00,306 [INFO] FPS 30.0
2026-03-14 17:47:01,307 [INFO] FPS 30.0
2026-03-14 17:47:02,308 [INFO] FPS 30.0
2026-03-14 17:47:03,312 [INFO] FPS 29.9
2026-03-14 17:47:04,315 [INFO] FPS 29.9
2026-03-14 17:47:05,328 [INFO] FPS 29.6
2026-03-14 17:47:06,345 [INFO] FPS 30.5
2026-03-14 17:47:07,356 [INFO] FPS 29.7
2026-03-14 17:47:08,388 [INFO] FPS 30.0
2026-03-14 17:47:09,422 [INFO] FPS 30.0
2026-03-14 17:47:10,460 [INFO] FPS 29.9
2026-03-14 17:47:11,490 [INFO] FPS 30.1
2026-03-14 17:47:12,530 [INFO] FPS 29.8
2026-03-14 17:47:13,561 [INFO] FPS 30.1
2026-03-14 17:47:14,594 [INFO] FPS 30.0
2026-03-14 17:47:15,619 [INFO] FPS 30.2
2026-03-14 17:47:16,631 [INFO] FPS 29.7
2026-03-14 17:47:17,658 [INFO] FPS 30.2
2026-03-14 17:47:18,688 [INFO] FPS 30.1
2026-03-14 17:47:19,721 [INFO] FPS 30.0
2026-03-14 17:47:20,721 [INFO] FPS 30.0
2026-03-14 17:47:21,722 [INFO] FPS 30.0
2026-03-14 17:47:22,722 [INFO] FPS 30.0
2026-03-14 17:47:23,723 [INFO] FPS 30.0
2026-03-14 17:47:24,724 [INFO] FPS 30.0
2026-03-14 17:47:25,724 [INFO] FPS 30.0
2026-03-14 17:47:26,726 [INFO] FPS 29.9
2026-03-14 17:47:27,726 [INFO] FPS 30.0
2026-03-14 17:47:28,727 [INFO] FPS 30.0
2026-03-14 17:47:29,732 [INFO] FPS 29.9
2026-03-14 17:47:30,765 [INFO] FPS 30.0
2026-03-14 17:47:31,798 [INFO] FPS 29.1
2026-03-14 17:47:32,830 [INFO] FPS 30.0
2026-03-14 17:47:33,864 [INFO] FPS 30.0
2026-03-14 17:47:34,865 [INFO] FPS 30.0
2026-03-14 17:47:35,865 [INFO] FPS 30.0
2026-03-14 17:47:36,866 [INFO] FPS 30.0
2026-03-14 17:47:37,868 [INFO] FPS 29.9
2026-03-14 17:47:38,900 [INFO] FPS 30.0
2026-03-14 17:47:39,903 [INFO] FPS 29.9
2026-03-14 17:47:40,936 [INFO] FPS 30.0
2026-03-14 17:47:41,939 [INFO] FPS 29.9
2026-03-14 17:47:42,973 [INFO] FPS 30.0
2026-03-14 17:47:43,975 [INFO] FPS 29.9
2026-03-14 17:47:45,007 [INFO] FPS 30.0
2026-03-14 17:47:46,039 [INFO] FPS 30.0
2026-03-14 17:47:47,041 [INFO] FPS 30.0
2026-03-14 17:47:48,042 [INFO] FPS 30.0
2026-03-14 17:47:49,075 [INFO] FPS 30.0
2026-03-14 17:47:50,079 [INFO] FPS 29.9
2026-03-14 17:47:51,110 [INFO] FPS 30.1
2026-03-14 17:47:52,112 [INFO] FPS 29.9
2026-03-14 17:47:53,112 [INFO] FPS 30.0
2026-03-14 17:47:54,120 [INFO] FPS 29.8
2026-03-14 17:47:55,148 [INFO] FPS 30.1
2026-03-14 17:47:56,165 [INFO] FPS 29.5
2026-03-14 17:47:57,186 [INFO] FPS 30.4
2026-03-14 17:47:58,224 [INFO] FPS 29.9
2026-03-14 17:47:59,249 [INFO] FPS 30.2
2026-03-14 17:48:00,249 [INFO] FPS 29.0
2026-03-14 17:48:01,250 [INFO] FPS 30.0
2026-03-14 17:48:02,251 [INFO] FPS 30.0
2026-03-14 17:48:03,251 [INFO] FPS 30.0
2026-03-14 17:48:04,254 [INFO] FPS 29.9
2026-03-14 17:48:05,287 [INFO] FPS 30.0
2026-03-14 17:48:06,289 [INFO] FPS 29.9
2026-03-14 17:48:07,322 [INFO] FPS 30.0
2026-03-14 17:48:08,322 [INFO] FPS 30.0
2026-03-14 17:48:09,322 [INFO] FPS 30.0
2026-03-14 17:48:10,323 [INFO] FPS 30.0
2026-03-14 17:48:11,324 [INFO] FPS 30.0
2026-03-14 17:48:12,325 [INFO] FPS 30.0
2026-03-14 17:48:13,326 [INFO] FPS 30.0
2026-03-14 17:48:14,359 [INFO] FPS 30.0
2026-03-14 17:48:15,360 [INFO] FPS 30.0
2026-03-14 17:48:16,361 [INFO] FPS 30.0
2026-03-14 17:48:17,363 [INFO] FPS 29.9
2026-03-14 17:48:18,374 [INFO] FPS 29.7
2026-03-14 17:48:19,397 [INFO] FPS 30.3
2026-03-14 17:48:20,432 [INFO] FPS 29.9
2026-03-14 17:48:21,464 [INFO] FPS 30.0
2026-03-14 17:48:22,465 [INFO] FPS 30.0
2026-03-14 17:48:23,466 [INFO] FPS 30.0
2026-03-14 17:48:24,467 [INFO] FPS 30.0
2026-03-14 17:48:25,467 [INFO] FPS 30.0
2026-03-14 17:48:26,468 [INFO] FPS 30.0
2026-03-14 17:48:27,469 [INFO] FPS 29.0
2026-03-14 17:48:28,472 [INFO] FPS 29.9
2026-03-14 17:48:29,503 [INFO] FPS 30.1
2026-03-14 17:48:30,505 [INFO] FPS 30.0
2026-03-14 17:48:31,505 [INFO] FPS 30.0
2026-03-14 17:48:32,512 [INFO] FPS 29.8
2026-03-14 17:48:33,522 [INFO] FPS 29.7
2026-03-14 17:48:34,561 [INFO] FPS 29.8
2026-03-14 17:48:35,577 [INFO] FPS 30.5
2026-03-14 17:48:36,616 [INFO] FPS 29.8
2026-03-14 17:48:37,645 [INFO] FPS 30.1
2026-03-14 17:48:38,646 [INFO] FPS 30.0
2026-03-14 17:48:39,688 [INFO] FPS 29.7
2026-03-14 17:48:40,713 [INFO] FPS 29.3
2026-03-14 17:48:41,746 [INFO] FPS 30.0
2026-03-14 17:48:42,747 [INFO] FPS 30.0
2026-03-14 17:48:43,747 [INFO] FPS 30.0
2026-03-14 17:48:44,749 [INFO] FPS 29.9
2026-03-14 17:48:45,751 [INFO] FPS 29.9
2026-03-14 17:48:46,785 [INFO] FPS 30.0
2026-03-14 17:48:47,816 [INFO] FPS 30.0
2026-03-14 17:48:48,818 [INFO] FPS 30.0
2026-03-14 17:48:49,819 [INFO] FPS 30.0
2026-03-14 17:48:50,819 [INFO] FPS 30.0
2026-03-14 17:48:51,821 [INFO] FPS 29.9
2026-03-14 17:48:52,822 [INFO] FPS 30.0
2026-03-14 17:48:53,855 [INFO] FPS 30.0
2026-03-14 17:48:54,856 [INFO] FPS 30.0
2026-03-14 17:48:55,856 [INFO] FPS 30.0
2026-03-14 17:48:56,856 [INFO] FPS 30.0
2026-03-14 17:48:57,857 [INFO] FPS 30.0
2026-03-14 17:48:58,858 [INFO] FPS 30.0
2026-03-14 17:48:59,859 [INFO] FPS 30.0
2026-03-14 17:49:00,862 [INFO] FPS 29.9
2026-03-14 17:49:01,894 [INFO] FPS 30.0
2026-03-14 17:49:02,894 [INFO] FPS 30.0
2026-03-14 17:49:03,895 [INFO] FPS 30.0
2026-03-14 17:49:04,896 [INFO] FPS 30.0
2026-03-14 17:49:05,898 [INFO] FPS 29.9
2026-03-14 17:49:06,932 [INFO] FPS 30.0
2026-03-14 17:49:07,935 [INFO] FPS 29.9
2026-03-14 17:49:08,966 [INFO] FPS 30.1
2026-03-14 17:49:09,968 [INFO] FPS 30.0
2026-03-14 17:49:10,981 [INFO] FPS 29.6
2026-03-14 17:49:12,023 [INFO] FPS 28.8
2026-03-14 17:49:13,035 [INFO] FPS 30.6
2026-03-14 17:49:14,036 [INFO] FPS 30.0
2026-03-14 17:49:15,036 [INFO] FPS 30.0
2026-03-14 17:49:16,037 [INFO] FPS 30.0
2026-03-14 17:49:17,038 [INFO] FPS 30.0
2026-03-14 17:49:18,038 [INFO] FPS 30.0
2026-03-14 17:49:19,040 [INFO] FPS 29.9
2026-03-14 17:49:20,041 [INFO] FPS 30.0
2026-03-14 17:49:21,075 [INFO] FPS 30.0
2026-03-14 17:49:22,108 [INFO] FPS 30.0
2026-03-14 17:49:23,109 [INFO] FPS 30.0
2026-03-14 17:49:24,109 [INFO] FPS 30.0
2026-03-14 17:49:25,110 [INFO] FPS 30.0
2026-03-14 17:49:26,111 [INFO] FPS 30.0
2026-03-14 17:49:27,112 [INFO] FPS 30.0
2026-03-14 17:49:28,113 [INFO] FPS 30.0
2026-03-14 17:49:29,119 [INFO] FPS 29.8
2026-03-14 17:49:30,148 [INFO] FPS 30.1
2026-03-14 17:49:31,150 [INFO] FPS 30.0
2026-03-14 17:49:32,182 [INFO] FPS 30.0
2026-03-14 17:49:33,183 [INFO] FPS 30.0
2026-03-14 17:49:34,184 [INFO] FPS 30.0
2026-03-14 17:49:35,184 [INFO] FPS 30.0
2026-03-14 17:49:36,185 [INFO] FPS 30.0
2026-03-14 17:49:37,186 [INFO] FPS 30.0
2026-03-14 17:49:38,186 [INFO] FPS 30.0
2026-03-14 17:49:39,187 [INFO] FPS 29.0
2026-03-14 17:49:40,189 [INFO] FPS 29.9
2026-03-14 17:49:41,192 [INFO] FPS 29.9
2026-03-14 17:49:42,196 [INFO] FPS 29.9
2026-03-14 17:49:43,200 [INFO] FPS 29.9
2026-03-14 17:49:44,226 [INFO] FPS 30.2
2026-03-14 17:49:45,267 [INFO] FPS 29.8
2026-03-14 17:49:46,294 [INFO] FPS 30.2
2026-03-14 17:49:47,296 [INFO] FPS 30.0
2026-03-14 17:49:48,296 [INFO] FPS 30.0
2026-03-14 17:49:49,328 [INFO] FPS 30.0
2026-03-14 17:49:50,329 [INFO] FPS 30.0
2026-03-14 17:49:51,331 [INFO] FPS 29.9
2026-03-14 17:49:52,363 [INFO] FPS 30.0
2026-03-14 17:49:53,364 [INFO] FPS 30.0
2026-03-14 17:49:54,365 [INFO] FPS 30.0
2026-03-14 17:49:55,365 [INFO] FPS 29.0
2026-03-14 17:49:56,366 [INFO] FPS 30.0
2026-03-14 17:49:57,367 [INFO] FPS 30.0
2026-03-14 17:49:58,401 [INFO] FPS 30.0
2026-03-14 17:49:59,402 [INFO] FPS 30.0
2026-03-14 17:50:00,403 [INFO] FPS 30.0
2026-03-14 17:50:01,403 [INFO] FPS 30.0
2026-03-14 17:50:02,404 [INFO] FPS 30.0
2026-03-14 17:50:03,405 [INFO] FPS 30.0
2026-03-14 17:50:04,439 [INFO] FPS 30.0
2026-03-14 17:50:05,440 [INFO] FPS 30.0
2026-03-14 17:50:06,440 [INFO] FPS 30.0
2026-03-14 17:50:07,441 [INFO] FPS 30.0
2026-03-14 17:50:08,442 [INFO] FPS 30.0
2026-03-14 17:50:09,442 [INFO] FPS 30.0
2026-03-14 17:50:10,444 [INFO] FPS 30.0
2026-03-14 17:50:11,444 [INFO] FPS 30.0
2026-03-14 17:50:12,445 [INFO] FPS 30.0
2026-03-14 17:50:13,452 [INFO] FPS 29.8
2026-03-14 17:50:14,479 [INFO] FPS 30.2
2026-03-14 17:50:15,480 [INFO] FPS 30.0
2026-03-14 17:50:16,482 [INFO] FPS 30.0
2026-03-14 17:50:17,485 [INFO] FPS 29.9
2026-03-14 17:50:18,491 [INFO] FPS 29.8
2026-03-14 17:50:19,521 [INFO] FPS 30.1
2026-03-14 17:50:20,564 [INFO] FPS 29.7
2026-03-14 17:50:21,586 [INFO] FPS 30.3
2026-03-14 17:50:22,587 [INFO] FPS 30.0
2026-03-14 17:50:23,619 [INFO] FPS 30.1
2026-03-14 17:50:24,620 [INFO] FPS 30.0
2026-03-14 17:50:25,622 [INFO] FPS 29.9
2026-03-14 17:50:26,623 [INFO] FPS 30.0
2026-03-14 17:50:27,623 [INFO] FPS 30.0
2026-03-14 17:50:28,656 [INFO] FPS 30.0
2026-03-14 17:50:29,657 [INFO] FPS 30.0
2026-03-14 17:50:30,658 [INFO] FPS 30.0
2026-03-14 17:50:31,658 [INFO] FPS 30.0
2026-03-14 17:50:32,659 [INFO] FPS 30.0
2026-03-14 17:50:33,660 [INFO] FPS 30.0
2026-03-14 17:50:34,660 [INFO] FPS 30.0
2026-03-14 17:50:35,661 [INFO] FPS 30.0
2026-03-14 17:50:36,661 [INFO] FPS 30.0
2026-03-14 17:50:37,663 [INFO] FPS 30.0
2026-03-14 17:50:38,664 [INFO] FPS 30.0
2026-03-14 17:50:39,664 [INFO] FPS 30.0
2026-03-14 17:50:40,665 [INFO] FPS 30.0
2026-03-14 17:50:41,665 [INFO] FPS 30.0
2026-03-14 17:50:42,667 [INFO] FPS 30.0
2026-03-14 17:50:43,700 [INFO] FPS 30.0
2026-03-14 17:50:44,701 [INFO] FPS 29.0
2026-03-14 17:50:45,702 [INFO] FPS 30.0
2026-03-14 17:50:46,702 [INFO] FPS 30.0
2026-03-14 17:50:47,703 [INFO] FPS 30.0
2026-03-14 17:50:48,711 [INFO] FPS 29.7
2026-03-14 17:50:49,714 [INFO] FPS 29.9
2026-03-14 17:50:50,717 [INFO] FPS 29.9
2026-03-14 17:50:51,718 [INFO] FPS 30.0
2026-03-14 17:50:52,749 [INFO] FPS 30.1
2026-03-14 17:50:53,779 [INFO] FPS 30.1
2026-03-14 17:50:54,812 [INFO] FPS 30.0
2026-03-14 17:50:55,820 [INFO] FPS 29.8
2026-03-14 17:50:56,843 [INFO] FPS 30.3
2026-03-14 17:50:57,844 [INFO] FPS 30.0
2026-03-14 17:50:58,845 [INFO] FPS 30.0
2026-03-14 17:50:59,845 [INFO] FPS 30.0
2026-03-14 17:51:00,847 [INFO] FPS 30.0
2026-03-14 17:51:01,879 [INFO] FPS 30.0
2026-03-14 17:51:02,882 [INFO] FPS 29.9
2026-03-14 17:51:03,914 [INFO] FPS 30.0
2026-03-14 17:51:04,916 [INFO] FPS 30.0
2026-03-14 17:51:05,916 [INFO] FPS 30.0
2026-03-14 17:51:06,950 [INFO] FPS 30.0
2026-03-14 17:51:07,950 [INFO] FPS 30.0
2026-03-14 17:51:08,951 [INFO] FPS 30.0
2026-03-14 17:51:09,952 [INFO] FPS 30.0
2026-03-14 17:51:10,954 [INFO] FPS 30.0
2026-03-14 17:51:11,986 [INFO] FPS 30.0
2026-03-14 17:51:12,988 [INFO] FPS 29.9
2026-03-14 17:51:13,988 [INFO] FPS 30.0
2026-03-14 17:51:14,989 [INFO] FPS 30.0
2026-03-14 17:51:15,990 [INFO] FPS 9.0
2026-03-14 17:51:16,990 [INFO] FPS 30.0
2026-03-14 17:51:17,992 [INFO] FPS 30.0
2026-03-14 17:51:18,994 [INFO] FPS 29.9
2026-03-14 17:51:20,026 [INFO] FPS 30.0
2026-03-14 17:51:21,027 [INFO] FPS 30.0
2026-03-14 17:51:22,029 [INFO] FPS 29.9
2026-03-14 17:51:23,061 [INFO] FPS 30.0
2026-03-14 17:51:24,063 [INFO] FPS 30.0
2026-03-14 17:51:25,063 [INFO] FPS 30.0
2026-03-14 17:51:26,066 [INFO] FPS 29.9
2026-03-14 17:51:27,069 [INFO] FPS 29.9
2026-03-14 17:51:28,101 [INFO] FPS 30.1
2026-03-14 17:51:29,107 [INFO] FPS 29.8
2026-03-14 17:51:30,147 [INFO] FPS 29.8
2026-03-14 17:51:31,172 [INFO] FPS 30.2
2026-03-14 17:51:32,178 [INFO] FPS 29.8
2026-03-14 17:51:33,211 [INFO] FPS 30.0
2026-03-14 17:51:34,244 [INFO] FPS 30.0
2026-03-14 17:51:35,274 [INFO] FPS 30.1
2026-03-14 17:51:36,292 [INFO] FPS 29.5
2026-03-14 17:51:37,305 [INFO] FPS 30.6
2026-03-14 17:51:38,306 [INFO] FPS 30.0
2026-03-14 17:51:39,307 [INFO] FPS 30.0
2026-03-14 17:51:40,311 [INFO] FPS 29.9
2026-03-14 17:51:41,341 [INFO] FPS 30.1
2026-03-14 17:51:42,345 [INFO] FPS 29.9
2026-03-14 17:51:43,376 [INFO] FPS 30.1
2026-03-14 17:51:44,377 [INFO] FPS 30.0
2026-03-14 17:51:45,378 [INFO] FPS 30.0
2026-03-14 17:51:46,379 [INFO] FPS 30.0
2026-03-14 17:51:47,379 [INFO] FPS 30.0
2026-03-14 17:51:48,381 [INFO] FPS 30.0
2026-03-14 17:51:49,415 [INFO] FPS 30.0
2026-03-14 17:51:50,415 [INFO] FPS 30.0
2026-03-14 17:51:51,416 [INFO] FPS 30.0
2026-03-14 17:51:52,416 [INFO] FPS 30.0
2026-03-14 17:51:53,417 [INFO] FPS 30.0
2026-03-14 17:51:54,418 [INFO] FPS 30.0
2026-03-14 17:51:55,452 [INFO] FPS 30.0
2026-03-14 17:51:56,486 [INFO] FPS 30.0
2026-03-14 17:51:57,487 [INFO] FPS 30.0
2026-03-14 17:51:58,487 [INFO] FPS 30.0
2026-03-14 17:51:59,493 [INFO] FPS 29.8
2026-03-14 17:52:00,522 [INFO] FPS 30.1
2026-03-14 17:52:01,524 [INFO] FPS 29.9
2026-03-14 17:52:02,573 [INFO] FPS 29.5
2026-03-14 17:52:03,591 [INFO] FPS 30.5
2026-03-14 17:52:04,591 [INFO] FPS 30.0
2026-03-14 17:52:05,606 [INFO] FPS 29.6
2026-03-14 17:52:06,627 [INFO] FPS 30.3
2026-03-14 17:52:07,628 [INFO] FPS 30.0
2026-03-14 17:52:08,628 [INFO] FPS 30.0
2026-03-14 17:52:09,661 [INFO] FPS 30.0
2026-03-14 17:52:10,662 [INFO] FPS 30.0
2026-03-14 17:52:11,664 [INFO] FPS 29.9
2026-03-14 17:52:12,667 [INFO] FPS 29.9
2026-03-14 17:52:13,670 [INFO] FPS 29.9
2026-03-14 17:52:14,679 [INFO] FPS 29.7
2026-03-14 17:52:15,713 [INFO] FPS 30.0
2026-03-14 17:52:16,746 [INFO] FPS 30.0
2026-03-14 17:52:17,776 [INFO] FPS 30.1
2026-03-14 17:52:18,810 [INFO] FPS 30.0
2026-03-14 17:52:19,842 [INFO] FPS 30.0
2026-03-14 17:52:20,870 [INFO] FPS 30.1
2026-03-14 17:52:21,871 [INFO] FPS 30.0
2026-03-14 17:52:22,872 [INFO] FPS 30.0
2026-03-14 17:52:23,872 [INFO] FPS 30.0
2026-03-14 17:52:24,872 [INFO] FPS 30.0
2026-03-14 17:52:25,873 [INFO] FPS 30.0
2026-03-14 17:52:26,876 [INFO] FPS 29.9
2026-03-14 17:52:27,909 [INFO] FPS 30.0
2026-03-14 17:52:28,945 [INFO] FPS 29.9
2026-03-14 17:52:29,976 [INFO] FPS 30.1
2026-03-14 17:52:30,978 [INFO] FPS 29.9
2026-03-14 17:52:31,978 [INFO] FPS 30.0
2026-03-14 17:52:32,981 [INFO] FPS 29.9
2026-03-14 17:52:34,013 [INFO] FPS 30.0
2026-03-14 17:52:35,013 [INFO] FPS 30.0
2026-03-14 17:52:36,014 [INFO] FPS 30.0
2026-03-14 17:52:37,015 [INFO] FPS 30.0
2026-03-14 17:52:38,015 [INFO] FPS 30.0
2026-03-14 17:52:39,017 [INFO] FPS 30.0
2026-03-14 17:52:40,017 [INFO] FPS 30.0
2026-03-14 17:52:41,017 [INFO] FPS 30.0
2026-03-14 17:52:42,018 [INFO] FPS 30.0
2026-03-14 17:52:43,021 [INFO] FPS 29.9
2026-03-14 17:52:44,054 [INFO] FPS 30.0
2026-03-14 17:52:45,059 [INFO] FPS 29.9
2026-03-14 17:52:46,088 [INFO] FPS 30.1
2026-03-14 17:52:47,088 [INFO] FPS 30.0
2026-03-14 17:52:48,090 [INFO] FPS 30.0
2026-03-14 17:52:49,090 [INFO] FPS 30.0
2026-03-14 17:52:50,093 [INFO] FPS 29.9
2026-03-14 17:52:51,126 [INFO] FPS 30.0
2026-03-14 17:52:52,127 [INFO] FPS 29.9
2026-03-14 17:52:53,128 [INFO] FPS 30.0
2026-03-14 17:52:54,142 [INFO] FPS 29.6
2026-03-14 17:52:55,164 [INFO] FPS 30.3
2026-03-14 17:52:56,195 [INFO] FPS 30.0
2026-03-14 17:52:57,196 [INFO] FPS 30.0
2026-03-14 17:52:58,196 [INFO] FPS 30.0
2026-03-14 17:52:59,201 [INFO] FPS 29.9
2026-03-14 17:53:00,204 [INFO] FPS 29.9
2026-03-14 17:53:01,233 [INFO] FPS 30.1
2026-03-14 17:53:02,234 [INFO] FPS 30.0
2026-03-14 17:53:03,236 [INFO] FPS 29.9
2026-03-14 17:53:04,268 [INFO] FPS 30.1
2026-03-14 17:53:05,268 [INFO] FPS 30.0
2026-03-14 17:53:06,269 [INFO] FPS 30.0
2026-03-14 17:53:07,270 [INFO] FPS 30.0
2026-03-14 17:53:08,270 [INFO] FPS 30.0
2026-03-14 17:53:09,272 [INFO] FPS 30.0
2026-03-14 17:53:10,272 [INFO] FPS 30.0
2026-03-14 17:53:11,273 [INFO] FPS 30.0
2026-03-14 17:53:12,274 [INFO] FPS 30.0
2026-03-14 17:53:13,275 [INFO] FPS 30.0
2026-03-14 17:53:14,275 [INFO] FPS 30.0
2026-03-14 17:53:15,276 [INFO] FPS 30.0
2026-03-14 17:53:16,276 [INFO] FPS 30.0
2026-03-14 17:53:17,278 [INFO] FPS 29.9
2026-03-14 17:53:18,311 [INFO] FPS 30.0
2026-03-14 17:53:19,312 [INFO] FPS 30.0
2026-03-14 17:53:20,313 [INFO] FPS 30.0
2026-03-14 17:53:21,313 [INFO] FPS 30.0
2026-03-14 17:53:22,314 [INFO] FPS 30.0
2026-03-14 17:53:23,316 [INFO] FPS 30.0
2026-03-14 17:53:24,348 [INFO] FPS 30.0
2026-03-14 17:53:25,350 [INFO] FPS 30.0
2026-03-14 17:53:26,350 [INFO] FPS 30.0
2026-03-14 17:53:27,353 [INFO] FPS 29.9
2026-03-14 17:53:28,354 [INFO] FPS 30.0
2026-03-14 17:53:29,359 [INFO] FPS 29.8
2026-03-14 17:53:30,389 [INFO] FPS 29.1
2026-03-14 17:53:31,427 [INFO] FPS 30.8
2026-03-14 17:53:31,738 [INFO] TFLite stream program started
2026-03-14 17:53:31,746 [INFO] TFLite model loaded: /home/matt/follow_project/models/detect.tflite
2026-03-14 17:53:31,751 [INFO] Starting RealSense pipeline
2026-03-14 17:53:31,752 [ERROR] Initial pipeline start failed: module 'pyrealsense2' has no attribute 'pipeline'
2026-03-14 17:53:32,461 [INFO] FPS 28.0
2026-03-14 17:53:33,462 [INFO] FPS 30.0
2026-03-14 17:53:34,493 [INFO] FPS 30.1
2026-03-14 17:53:35,533 [INFO] FPS 29.8
2026-03-14 17:53:36,558 [INFO] FPS 30.2
2026-03-14 17:53:37,558 [INFO] FPS 30.0
2026-03-14 17:53:38,560 [INFO] FPS 30.0
2026-03-14 17:53:39,560 [INFO] FPS 30.0
2026-03-14 17:53:40,561 [INFO] FPS 30.0
2026-03-14 17:53:41,562 [INFO] FPS 30.0
2026-03-14 17:53:42,562 [INFO] FPS 30.0
2026-03-14 17:53:43,562 [INFO] FPS 30.0
2026-03-14 17:53:44,564 [INFO] FPS 30.0
2026-03-14 17:53:45,565 [INFO] FPS 29.9
2026-03-14 17:54:10,145 [INFO] TFLite stream program started
2026-03-14 17:54:10,152 [INFO] TFLite model loaded: /home/matt/follow_project/models/detect.tflite
2026-03-14 17:54:10,156 [INFO] Starting RealSense pipeline
2026-03-14 17:54:10,156 [ERROR] Initial pipeline start failed: module 'pyrealsense2' has no attribute 'pipeline'
2026-03-14 17:54:10,168 [INFO] [31m[1mWARNING: This is a development server. Do not use it in a production deployment. Use a production WSGI server instead.[0m
 * Running on all addresses (0.0.0.0)
 * Running on http://127.0.0.1:8000
 * Running on http://10.0.0.168:8000
2026-03-14 17:54:10,169 [INFO] [33mPress CTRL+C to quit[0m
2026-03-14 17:54:16,280 [INFO] 127.0.0.1 - - [14/Mar/2026 17:54:16] "GET / HTTP/1.1" 200 -
2026-03-14 17:54:16,334 [INFO] 127.0.0.1 - - [14/Mar/2026 17:54:16] "GET /stream HTTP/1.1" 200 -
2026-03-14 17:56:25,416 [INFO] 127.0.0.1 - - [14/Mar/2026 17:56:25] "GET /stream HTTP/1.1" 200 -
2026-03-14 17:57:53,849 [INFO] 10.0.0.154 - - [14/Mar/2026 17:57:53] "GET /stream HTTP/1.1" 200 -
2026-03-14 18:00:05,626 [INFO] TFLite stream program started
2026-03-14 18:00:05,634 [INFO] TFLite model loaded: /home/matt/follow_project/models/detect.tflite
2026-03-14 18:00:05,637 [INFO] Starting RealSense pipeline
2026-03-14 18:00:05,637 [ERROR] Initial pipeline start failed: module 'pyrealsense2' has no attribute 'pipeline'
2026-03-14 18:00:05,650 [INFO] [31m[1mWARNING: This is a development server. Do not use it in a production deployment. Use a production WSGI server instead.[0m
 * Running on all addresses (0.0.0.0)
 * Running on http://127.0.0.1:8000
 * Running on http://10.0.0.168:8000
2026-03-14 18:00:05,650 [INFO] [33mPress CTRL+C to quit[0m
2026-03-14 18:00:07,507 [INFO] 127.0.0.1 - - [14/Mar/2026 18:00:07] "GET / HTTP/1.1" 200 -
2026-03-14 18:00:07,561 [INFO] 127.0.0.1 - - [14/Mar/2026 18:00:07] "GET /stream HTTP/1.1" 200 -
2026-03-14 18:04:38,122 [INFO] TFLite stream program started
2026-03-14 18:04:38,129 [INFO] TFLite model loaded: /home/matt/follow_project/models/detect.tflite
2026-03-14 18:04:38,132 [INFO] Starting RealSense pipeline
2026-03-14 18:04:53,583 [ERROR] Initial pipeline start failed: No device connected
2026-03-14 18:04:53,619 [INFO] [31m[1mWARNING: This is a development server. Do not use it in a production deployment. Use a production WSGI server instead.[0m
 * Running on all addresses (0.0.0.0)
 * Running on http://127.0.0.1:8000
 * Running on http://10.0.0.168:8000
2026-03-14 18:04:53,619 [INFO] [33mPress CTRL+C to quit[0m
2026-03-14 18:06:09,689 [INFO] 127.0.0.1 - - [14/Mar/2026 18:06:09] "GET / HTTP/1.1" 200 -
2026-03-14 18:06:09,730 [INFO] 127.0.0.1 - - [14/Mar/2026 18:06:09] "GET /stream HTTP/1.1" 200 -
2026-03-14 18:11:17,499 [INFO] Stream program started
2026-03-14 18:11:17,504 [INFO] Starting RealSense pipeline
2026-03-14 18:11:17,504 [INFO] Streaming on http://0.0.0.0:8000/stream
2026-03-14 18:11:18,026 [INFO] RealSense pipeline started successfully
2026-03-14 18:11:18,052 [INFO] [31m[1mWARNING: This is a development server. Do not use it in a production deployment. Use a production WSGI server instead.[0m
 * Running on all addresses (0.0.0.0)
 * Running on http://127.0.0.1:8000
 * Running on http://10.0.0.168:8000
2026-03-14 18:11:18,052 [INFO] [33mPress CTRL+C to quit[0m
2026-03-14 18:11:18,514 [INFO] FPS 2.0
2026-03-14 18:11:19,544 [INFO] FPS 30.1
2026-03-14 18:11:20,574 [INFO] FPS 30.1
2026-03-14 18:11:21,158 [INFO] 127.0.0.1 - - [14/Mar/2026 18:11:21] "GET / HTTP/1.1" 200 -
2026-03-14 18:11:21,229 [INFO] MJPEG stream client connected
2026-03-14 18:11:21,229 [INFO] 127.0.0.1 - - [14/Mar/2026 18:11:21] "GET /stream HTTP/1.1" 200 -
2026-03-14 18:11:21,578 [INFO] FPS 29.9
2026-03-14 18:11:22,609 [INFO] FPS 30.1
2026-03-14 18:11:23,611 [INFO] FPS 30.0
2026-03-14 18:11:24,611 [INFO] FPS 30.0
2026-03-14 18:11:25,612 [INFO] FPS 30.0
2026-03-14 18:11:26,613 [INFO] FPS 30.0
2026-03-14 18:11:27,646 [INFO] FPS 30.0
2026-03-14 18:11:28,648 [INFO] FPS 30.0
2026-03-14 18:11:29,683 [INFO] FPS 30.0
2026-03-14 18:11:30,715 [INFO] FPS 30.0
2026-03-14 18:11:31,716 [INFO] FPS 30.0
2026-03-14 18:11:32,717 [INFO] FPS 30.0
2026-03-14 18:11:33,719 [INFO] FPS 29.9
2026-03-14 18:11:34,719 [INFO] FPS 30.0
2026-03-14 18:11:35,720 [INFO] FPS 30.0
2026-03-14 18:11:36,754 [INFO] FPS 30.0
2026-03-14 18:11:37,787 [INFO] FPS 30.0
2026-03-14 18:11:38,789 [INFO] FPS 30.0
2026-03-14 18:11:39,823 [INFO] FPS 30.0
2026-03-14 18:11:40,823 [INFO] FPS 30.0
2026-03-14 18:11:41,824 [INFO] FPS 30.0
2026-03-14 18:11:42,826 [INFO] FPS 30.0
2026-03-14 18:11:43,827 [INFO] FPS 30.0
2026-03-14 18:11:44,837 [INFO] FPS 29.7
2026-03-14 18:11:45,866 [INFO] FPS 30.1
2026-03-14 18:11:46,873 [INFO] FPS 29.8
2026-03-14 18:11:47,901 [INFO] FPS 30.2
2026-03-14 18:11:48,929 [INFO] FPS 30.1
2026-03-14 18:11:49,929 [INFO] FPS 30.0
2026-03-14 18:11:50,937 [INFO] FPS 29.8
2026-03-14 18:11:51,964 [INFO] FPS 30.2
2026-03-14 18:11:52,966 [INFO] FPS 29.9
2026-03-14 18:11:53,968 [INFO] FPS 29.9
2026-03-14 18:11:54,969 [INFO] FPS 29.0
2026-03-14 18:11:56,002 [INFO] FPS 30.0
2026-03-14 18:11:57,035 [INFO] FPS 30.0
2026-03-14 18:11:57,709 [INFO] MJPEG stream client connected
2026-03-14 18:11:57,710 [INFO] 127.0.0.1 - - [14/Mar/2026 18:11:57] "GET /stream HTTP/1.1" 200 -
2026-03-14 18:11:58,038 [INFO] FPS 29.9
2026-03-14 18:11:59,070 [INFO] FPS 30.0
2026-03-14 18:12:00,073 [INFO] FPS 29.9
2026-03-14 18:12:01,073 [INFO] FPS 29.0
2026-03-14 18:12:02,107 [INFO] FPS 30.0
2026-03-14 18:12:03,108 [INFO] FPS 30.0
2026-03-14 18:12:04,110 [INFO] FPS 29.9
2026-03-14 18:12:05,141 [INFO] FPS 30.1
2026-03-14 18:12:06,144 [INFO] FPS 29.9
2026-03-14 18:12:07,176 [INFO] FPS 30.0
2026-03-14 18:12:08,176 [INFO] FPS 30.0
2026-03-14 18:12:09,177 [INFO] FPS 30.0
2026-03-14 18:12:10,181 [INFO] FPS 29.9
2026-03-14 18:12:11,213 [INFO] FPS 29.1
2026-03-14 18:12:12,214 [INFO] FPS 29.9
2026-03-14 18:12:13,216 [INFO] FPS 29.9
2026-03-14 18:12:14,248 [INFO] FPS 30.0
2026-03-14 18:12:15,251 [INFO] FPS 29.9
2026-03-14 18:12:16,288 [INFO] FPS 28.0
2026-03-14 18:12:17,317 [INFO] FPS 29.1
2026-03-14 18:12:18,317 [INFO] FPS 30.0
2026-03-14 18:12:19,323 [INFO] FPS 28.8
2026-03-14 18:12:20,348 [INFO] FPS 29.3
2026-03-14 18:12:21,401 [INFO] FPS 29.4
2026-03-14 18:12:22,435 [INFO] FPS 29.0
2026-03-14 18:12:23,462 [INFO] FPS 30.2
2026-03-14 18:12:24,504 [INFO] FPS 29.8
2026-03-14 18:12:25,546 [INFO] FPS 29.8
2026-03-14 18:12:26,556 [INFO] FPS 30.7
2026-03-14 18:12:27,561 [INFO] FPS 29.9
2026-03-14 18:12:28,593 [INFO] FPS 30.0
2026-03-14 18:12:29,627 [INFO] FPS 30.0
2026-03-14 18:12:30,628 [INFO] FPS 29.0
2026-03-14 18:12:31,630 [INFO] FPS 29.0
2026-03-14 18:12:32,662 [INFO] FPS 30.0
2026-03-14 18:12:33,695 [INFO] FPS 30.0
2026-03-14 18:12:34,697 [INFO] FPS 29.0
2026-03-14 18:12:35,697 [INFO] FPS 29.0
2026-03-14 18:12:36,707 [INFO] FPS 29.7
2026-03-14 18:12:37,733 [INFO] FPS 30.2
2026-03-14 18:12:38,736 [INFO] FPS 28.9
2026-03-14 18:12:39,767 [INFO] FPS 30.1
2026-03-14 18:12:40,768 [INFO] FPS 29.0
2026-03-14 18:12:41,769 [INFO] FPS 30.0
2026-03-14 18:12:42,804 [INFO] FPS 30.0
2026-03-14 18:12:43,806 [INFO] FPS 29.9
2026-03-14 18:12:44,837 [INFO] FPS 30.1
2026-03-14 18:12:45,840 [INFO] FPS 29.9
2026-03-14 18:12:46,872 [INFO] FPS 30.1
2026-03-14 18:12:47,872 [INFO] FPS 30.0
2026-03-14 18:12:48,877 [INFO] FPS 29.9
2026-03-14 18:12:49,907 [INFO] FPS 29.1
2026-03-14 18:12:50,910 [INFO] FPS 28.9
2026-03-14 18:12:51,941 [INFO] FPS 30.0
2026-03-14 18:12:52,946 [INFO] FPS 29.9
2026-03-14 18:12:53,953 [INFO] FPS 28.8
2026-03-14 18:12:54,988 [INFO] FPS 29.9
2026-03-14 18:12:56,021 [INFO] FPS 29.1
2026-03-14 18:12:57,048 [INFO] FPS 30.2
2026-03-14 18:12:58,080 [INFO] FPS 29.0
2026-03-14 18:12:59,083 [INFO] FPS 30.9
2026-03-14 18:13:00,092 [INFO] FPS 29.7
2026-03-14 18:13:01,118 [INFO] FPS 30.2
2026-03-14 18:13:02,149 [INFO] FPS 30.1
2026-03-14 18:13:03,183 [INFO] FPS 29.0
2026-03-14 18:13:04,187 [INFO] FPS 29.9
2026-03-14 18:13:05,218 [INFO] FPS 29.1
2026-03-14 18:13:06,219 [INFO] FPS 29.0
2026-03-14 18:13:07,252 [INFO] FPS 30.0
2026-03-14 18:13:08,259 [INFO] FPS 29.8
2026-03-14 18:13:09,291 [INFO] FPS 29.1
2026-03-14 18:13:10,326 [INFO] FPS 29.9
2026-03-14 18:13:11,360 [INFO] FPS 29.0
2026-03-14 18:13:12,362 [INFO] FPS 28.9
2026-03-14 18:13:13,396 [INFO] FPS 30.0
2026-03-14 18:13:14,426 [INFO] FPS 30.1
2026-03-14 18:13:15,427 [INFO] FPS 29.0
2026-03-14 18:13:16,428 [INFO] FPS 30.0
2026-03-14 18:13:17,428 [INFO] FPS 30.0
2026-03-14 18:13:18,428 [INFO] FPS 30.0
2026-03-14 18:13:19,429 [INFO] FPS 30.0
2026-03-14 18:13:20,429 [INFO] FPS 30.0
2026-03-14 18:13:21,430 [INFO] FPS 29.0
2026-03-14 18:13:22,435 [INFO] FPS 29.9
2026-03-14 18:13:23,465 [INFO] FPS 30.1
2026-03-14 18:13:24,465 [INFO] FPS 29.0
2026-03-14 18:13:25,466 [INFO] FPS 30.0
2026-03-14 18:13:26,468 [INFO] FPS 30.0
2026-03-14 18:13:27,501 [INFO] FPS 30.0
2026-03-14 18:13:28,502 [INFO] FPS 30.0
2026-03-14 18:13:29,502 [INFO] FPS 28.0
2026-03-14 18:13:30,506 [INFO] FPS 29.9
2026-03-14 18:13:31,514 [INFO] FPS 29.7
2026-03-14 18:13:32,543 [INFO] FPS 30.1
2026-03-14 18:13:33,563 [INFO] FPS 29.4
2026-03-14 18:13:34,576 [INFO] FPS 30.6
2026-03-14 18:13:35,586 [INFO] FPS 29.7
2026-03-14 18:13:36,633 [INFO] FPS 29.6
2026-03-14 18:13:37,646 [INFO] FPS 29.6
2026-03-14 18:13:38,680 [INFO] FPS 30.0
2026-03-14 18:13:39,736 [INFO] FPS 29.4
2026-03-14 18:13:40,744 [INFO] FPS 29.8
2026-03-14 18:13:41,747 [INFO] FPS 29.9
2026-03-14 18:13:42,778 [INFO] FPS 30.1
2026-03-14 18:13:43,780 [INFO] FPS 30.0
2026-03-14 18:13:44,780 [INFO] FPS 30.0
2026-03-14 18:13:45,781 [INFO] FPS 30.0
2026-03-14 18:13:46,783 [INFO] FPS 30.0
2026-03-14 18:13:47,816 [INFO] FPS 30.0
2026-03-14 18:13:48,817 [INFO] FPS 30.0
2026-03-14 18:13:49,817 [INFO] FPS 29.0
2026-03-14 18:13:50,818 [INFO] FPS 30.0
2026-03-14 18:13:51,819 [INFO] FPS 30.0
2026-03-14 18:13:52,820 [INFO] FPS 27.0
2026-03-14 18:13:53,821 [INFO] FPS 30.0
2026-03-14 18:13:54,826 [INFO] FPS 29.8
2026-03-14 18:13:55,860 [INFO] FPS 29.0
2026-03-14 18:13:56,901 [INFO] FPS 29.8
2026-03-14 18:13:57,926 [INFO] FPS 30.2
2026-03-14 18:13:58,958 [INFO] FPS 30.1
2026-03-14 18:13:59,959 [INFO] FPS 30.0
2026-03-14 18:14:00,992 [INFO] FPS 30.0
2026-03-14 18:14:01,994 [INFO] FPS 29.9
2026-03-14 18:14:03,030 [INFO] FPS 29.9
2026-03-14 18:14:04,032 [INFO] FPS 28.9
2026-03-14 18:14:05,061 [INFO] FPS 30.1
2026-03-14 18:14:06,071 [INFO] FPS 28.7
2026-03-14 18:14:07,113 [INFO] FPS 28.8
2026-03-14 18:14:08,133 [INFO] FPS 30.4
2026-03-14 18:14:09,139 [INFO] FPS 28.8
2026-03-14 18:14:10,172 [INFO] FPS 30.0
2026-03-14 18:14:11,172 [INFO] FPS 30.0
2026-03-14 18:14:12,186 [INFO] FPS 29.6
2026-03-14 18:14:13,202 [INFO] FPS 29.5
2026-03-14 18:14:14,236 [INFO] FPS 30.0
2026-03-14 18:14:15,236 [INFO] FPS 30.0
2026-03-14 18:14:16,237 [INFO] FPS 29.0
2026-03-14 18:14:17,237 [INFO] FPS 30.0
2026-03-14 18:14:18,241 [INFO] FPS 29.9
2026-03-14 18:14:19,243 [INFO] FPS 29.9
2026-03-14 18:14:20,276 [INFO] FPS 29.0
2026-03-14 18:14:21,308 [INFO] FPS 30.0
2026-03-14 18:14:22,310 [INFO] FPS 28.9
2026-03-14 18:14:23,311 [INFO] FPS 30.0
2026-03-14 18:14:24,342 [INFO] FPS 30.1
2026-03-14 18:14:25,346 [INFO] FPS 28.9
2026-03-14 18:14:26,377 [INFO] FPS 29.1
2026-03-14 18:14:27,378 [INFO] FPS 29.0
2026-03-14 18:14:28,412 [INFO] FPS 30.0
2026-03-14 18:14:29,414 [INFO] FPS 30.0
2026-03-14 18:14:30,414 [INFO] FPS 30.0
2026-03-14 18:14:31,415 [INFO] FPS 30.0
2026-03-14 18:14:32,415 [INFO] FPS 28.0
2026-03-14 18:14:33,445 [INFO] FPS 27.2
2026-03-14 18:14:34,457 [INFO] FPS 29.6
2026-03-14 18:14:35,469 [INFO] FPS 28.7
2026-03-14 18:14:36,485 [INFO] FPS 30.5
2026-03-14 18:14:37,493 [INFO] FPS 29.8
2026-03-14 18:14:38,518 [INFO] FPS 30.2
2026-03-14 18:14:39,520 [INFO] FPS 30.0
2026-03-14 18:14:40,522 [INFO] FPS 29.9
2026-03-14 18:14:41,555 [INFO] FPS 30.0
2026-03-14 18:14:42,555 [INFO] FPS 30.0
2026-03-14 18:14:43,561 [INFO] FPS 28.8
2026-03-14 18:14:44,594 [INFO] FPS 29.1
2026-03-14 18:14:45,624 [INFO] FPS 30.1
2026-03-14 18:14:46,625 [INFO] FPS 30.0
2026-03-14 18:14:47,658 [INFO] FPS 30.0
2026-03-14 18:14:48,659 [INFO] FPS 29.0
2026-03-14 18:14:49,661 [INFO] FPS 30.0
2026-03-14 18:14:50,667 [INFO] FPS 28.8
2026-03-14 18:14:51,695 [INFO] FPS 29.2
2026-03-14 18:14:52,702 [INFO] FPS 29.8
2026-03-14 18:14:53,734 [INFO] FPS 30.0
2026-03-14 18:14:54,774 [INFO] FPS 29.8
2026-03-14 18:14:55,799 [INFO] FPS 30.2
2026-03-14 18:14:56,800 [INFO] FPS 30.0
2026-03-14 18:14:57,833 [INFO] FPS 30.0
2026-03-14 18:14:58,838 [INFO] FPS 29.8
2026-03-14 18:14:59,869 [INFO] FPS 30.1
2026-03-14 18:15:00,887 [INFO] FPS 29.5
2026-03-14 18:15:01,903 [INFO] FPS 30.5
2026-03-14 18:15:02,905 [INFO] FPS 29.9
2026-03-14 18:15:03,906 [INFO] FPS 30.0
2026-03-14 18:15:04,939 [INFO] FPS 30.0
2026-03-14 18:15:05,940 [INFO] FPS 30.0
2026-03-14 18:15:06,973 [INFO] FPS 30.0
2026-03-14 18:15:07,974 [INFO] FPS 30.0
2026-03-14 18:15:08,976 [INFO] FPS 29.9
2026-03-14 18:15:09,983 [INFO] FPS 29.8
2026-03-14 18:15:10,992 [INFO] FPS 29.7
2026-03-14 18:15:12,019 [INFO] FPS 30.2
2026-03-14 18:15:13,023 [INFO] FPS 29.9
2026-03-14 18:15:14,049 [INFO] FPS 30.2
2026-03-14 18:15:15,079 [INFO] FPS 30.1
2026-03-14 18:15:16,082 [INFO] FPS 28.9
2026-03-14 18:15:17,114 [INFO] FPS 29.1
2026-03-14 18:15:18,116 [INFO] FPS 29.9
2026-03-14 18:15:19,119 [INFO] FPS 28.9
2026-03-14 18:15:20,157 [INFO] FPS 29.9
2026-03-14 18:15:21,185 [INFO] FPS 30.2
2026-03-14 18:15:22,185 [INFO] FPS 30.0
2026-03-14 18:15:23,219 [INFO] FPS 30.0
2026-03-14 18:15:24,219 [INFO] FPS 29.0
2026-03-14 18:15:25,222 [INFO] FPS 28.9
2026-03-14 18:15:26,253 [INFO] FPS 30.0
2026-03-14 18:15:27,255 [INFO] FPS 30.0
2026-03-14 18:15:28,255 [INFO] FPS 30.0
2026-03-14 18:15:29,257 [INFO] FPS 30.0
2026-03-14 18:15:30,290 [INFO] FPS 30.0
2026-03-14 18:15:31,292 [INFO] FPS 30.0
2026-03-14 18:15:32,292 [INFO] FPS 28.0
2026-03-14 18:15:33,296 [INFO] FPS 28.9
2026-03-14 18:15:34,327 [INFO] FPS 30.0
2026-03-14 18:15:35,362 [INFO] FPS 30.0
2026-03-14 18:15:36,369 [INFO] FPS 29.8
2026-03-14 18:15:37,396 [INFO] FPS 30.2
2026-03-14 18:15:38,399 [INFO] FPS 29.9
2026-03-14 18:15:39,408 [INFO] FPS 29.7
2026-03-14 18:15:40,435 [INFO] FPS 30.2
2026-03-14 18:15:41,437 [INFO] FPS 30.0
2026-03-14 18:15:42,445 [INFO] FPS 29.7
2026-03-14 18:15:43,453 [INFO] FPS 29.8
2026-03-14 18:15:44,473 [INFO] FPS 30.4
2026-03-14 18:15:45,537 [INFO] FPS 29.1
2026-03-14 18:15:46,558 [INFO] FPS 28.4
2026-03-14 18:15:47,585 [INFO] FPS 29.2
2026-03-14 18:15:48,623 [INFO] FPS 29.9
2026-03-14 18:15:49,656 [INFO] FPS 30.0
2026-03-14 18:15:50,698 [INFO] FPS 29.7
2026-03-14 18:15:51,755 [INFO] FPS 28.4
2026-03-14 18:15:52,759 [INFO] FPS 29.9
2026-03-14 18:15:53,774 [INFO] FPS 30.5
2026-03-14 18:15:54,777 [INFO] FPS 28.9
2026-03-14 18:15:55,809 [INFO] FPS 30.0
2026-03-14 18:15:56,811 [INFO] FPS 29.9
2026-03-14 18:15:57,844 [INFO] FPS 29.0
2026-03-14 18:15:58,844 [INFO] FPS 30.0
2026-03-14 18:15:59,846 [INFO] FPS 29.9
2026-03-14 18:16:00,848 [INFO] FPS 29.0
2026-03-14 18:16:01,879 [INFO] FPS 30.1
2026-03-14 18:16:02,881 [INFO] FPS 29.9
2026-03-14 18:16:03,883 [INFO] FPS 29.0
2026-03-14 18:16:04,916 [INFO] FPS 30.0
2026-03-14 18:16:05,919 [INFO] FPS 29.9
2026-03-14 18:16:06,951 [INFO] FPS 30.1
2026-03-14 18:16:07,953 [INFO] FPS 28.9
2026-03-14 18:16:08,954 [INFO] FPS 30.0
2026-03-14 18:16:09,956 [INFO] FPS 29.9
2026-03-14 18:16:10,988 [INFO] FPS 30.0
2026-03-14 18:16:11,992 [INFO] FPS 29.9
2026-03-14 18:16:13,021 [INFO] FPS 30.1
2026-03-14 18:16:14,022 [INFO] FPS 30.0
2026-03-14 18:16:15,023 [INFO] FPS 30.0
2026-03-14 18:16:16,024 [INFO] FPS 30.0
2026-03-14 18:16:17,059 [INFO] FPS 30.0
2026-03-14 18:16:18,060 [INFO] FPS 29.9
2026-03-14 18:16:19,062 [INFO] FPS 29.9
2026-03-14 18:16:20,066 [INFO] FPS 29.9
2026-03-14 18:16:21,093 [INFO] FPS 29.2
2026-03-14 18:16:22,108 [INFO] FPS 29.6
2026-03-14 18:16:23,122 [INFO] FPS 29.6
2026-03-14 18:16:24,161 [INFO] FPS 29.8
2026-03-14 18:16:25,181 [INFO] FPS 30.4
2026-03-14 18:16:26,197 [INFO] FPS 27.6
2026-03-14 18:16:27,199 [INFO] FPS 29.0
2026-03-14 18:16:28,204 [INFO] FPS 29.8
2026-03-14 18:16:29,235 [INFO] FPS 30.1
2026-03-14 18:16:30,236 [INFO] FPS 30.0
2026-03-14 18:16:31,267 [INFO] FPS 30.1
2026-03-14 18:16:32,269 [INFO] FPS 29.0
2026-03-14 18:16:33,269 [INFO] FPS 30.0
2026-03-14 18:16:34,269 [INFO] FPS 30.0
2026-03-14 18:16:35,270 [INFO] FPS 30.0
2026-03-14 18:16:36,271 [INFO] FPS 30.0
2026-03-14 18:16:37,271 [INFO] FPS 30.0
2026-03-14 18:16:38,272 [INFO] FPS 30.0
2026-03-14 18:16:39,273 [INFO] FPS 30.0
2026-03-14 18:16:40,273 [INFO] FPS 30.0
2026-03-14 18:16:41,275 [INFO] FPS 30.0
2026-03-14 18:16:42,275 [INFO] FPS 30.0
2026-03-14 18:16:43,276 [INFO] FPS 30.0
2026-03-14 18:16:44,277 [INFO] FPS 30.0
2026-03-14 18:16:45,277 [INFO] FPS 30.0
2026-03-14 18:16:46,278 [INFO] FPS 30.0
2026-03-14 18:16:47,279 [INFO] FPS 30.0
2026-03-14 18:16:48,279 [INFO] FPS 30.0
2026-03-14 18:16:49,280 [INFO] FPS 30.0
2026-03-14 18:16:50,280 [INFO] FPS 30.0
2026-03-14 18:16:51,282 [INFO] FPS 30.0
2026-03-14 18:16:52,282 [INFO] FPS 30.0
2026-03-14 18:16:53,282 [INFO] FPS 30.0
2026-03-14 18:16:54,283 [INFO] FPS 30.0
2026-03-14 18:16:55,284 [INFO] FPS 30.0
2026-03-14 18:16:56,285 [INFO] FPS 30.0
2026-03-14 18:16:57,288 [INFO] FPS 29.9
2026-03-14 18:16:58,289 [INFO] FPS 30.0
2026-03-14 18:16:59,292 [INFO] FPS 29.9
2026-03-14 18:17:00,329 [INFO] FPS 29.9
2026-03-14 18:17:01,375 [INFO] FPS 29.6
2026-03-14 18:17:02,416 [INFO] FPS 29.8
2026-03-14 18:17:03,435 [INFO] FPS 30.4
2026-03-14 18:17:04,471 [INFO] FPS 29.9
2026-03-14 18:17:05,493 [INFO] FPS 30.3
2026-03-14 18:17:06,530 [INFO] FPS 29.9
2026-03-14 18:17:07,533 [INFO] FPS 29.9
2026-03-14 18:17:08,561 [INFO] FPS 30.1
2026-03-14 18:17:09,570 [INFO] FPS 29.7
2026-03-14 18:17:10,601 [INFO] FPS 30.1
2026-03-14 18:17:11,631 [INFO] FPS 30.1
2026-03-14 18:17:12,663 [INFO] FPS 30.0
2026-03-14 18:17:13,664 [INFO] FPS 30.0
2026-03-14 18:17:14,665 [INFO] FPS 30.0
2026-03-14 18:17:15,665 [INFO] FPS 30.0
2026-03-14 18:17:16,666 [INFO] FPS 30.0
2026-03-14 18:17:17,667 [INFO] FPS 30.0
2026-03-14 18:17:18,667 [INFO] FPS 30.0
2026-03-14 18:17:19,668 [INFO] FPS 30.0
2026-03-14 18:17:20,669 [INFO] FPS 30.0
2026-03-14 18:17:21,670 [INFO] FPS 30.0
2026-03-14 18:17:22,671 [INFO] FPS 30.0
2026-03-14 18:17:23,672 [INFO] FPS 30.0
2026-03-14 18:17:24,674 [INFO] FPS 28.9
2026-03-14 18:17:25,709 [INFO] FPS 29.9
2026-03-14 18:17:26,710 [INFO] FPS 30.0
2026-03-14 18:17:27,743 [INFO] FPS 30.0
2026-03-14 18:17:28,775 [INFO] FPS 30.0
2026-03-14 18:17:29,779 [INFO] FPS 29.9
2026-03-14 18:17:30,811 [INFO] FPS 30.1
2026-03-14 18:17:31,811 [INFO] FPS 30.0
2026-03-14 18:17:32,812 [INFO] FPS 30.0
2026-03-14 18:17:33,816 [INFO] FPS 29.9
2026-03-14 18:17:34,847 [INFO] FPS 30.1
2026-03-14 18:17:35,848 [INFO] FPS 30.0
2026-03-14 18:17:36,848 [INFO] FPS 30.0
2026-03-14 18:17:37,849 [INFO] FPS 30.0
2026-03-14 18:17:38,850 [INFO] FPS 30.0
2026-03-14 18:17:39,854 [INFO] FPS 29.9
2026-03-14 18:17:40,887 [INFO] FPS 30.0
2026-03-14 18:17:41,891 [INFO] FPS 28.9
2026-03-14 18:17:42,923 [INFO] FPS 30.0
2026-03-14 18:17:43,955 [INFO] FPS 30.0
2026-03-14 18:17:44,996 [INFO] FPS 29.8
2026-03-14 18:17:46,025 [INFO] FPS 30.1
2026-03-14 18:17:47,057 [INFO] FPS 30.0
2026-03-14 18:17:48,062 [INFO] FPS 29.9
2026-03-14 18:17:49,066 [INFO] FPS 28.9
2026-03-14 18:17:50,092 [INFO] FPS 30.2
2026-03-14 18:17:51,098 [INFO] FPS 28.8
2026-03-14 18:17:52,138 [INFO] FPS 30.8
2026-03-14 18:17:53,171 [INFO] FPS 30.0
2026-03-14 18:17:54,216 [INFO] FPS 29.7
2026-03-14 18:17:55,219 [INFO] FPS 29.9
2026-03-14 18:17:56,253 [INFO] FPS 30.0
2026-03-14 18:17:57,263 [INFO] FPS 29.7
2026-03-14 18:17:58,270 [INFO] FPS 29.8
2026-03-14 18:17:59,299 [INFO] FPS 30.1
2026-03-14 18:18:00,300 [INFO] FPS 30.0
2026-03-14 18:18:01,340 [INFO] FPS 29.8
2026-03-14 18:18:02,379 [INFO] FPS 29.8
2026-03-14 18:18:03,401 [INFO] FPS 30.3
2026-03-14 18:18:04,402 [INFO] FPS 30.0
2026-03-14 18:18:05,403 [INFO] FPS 30.0
2026-03-14 18:18:06,404 [INFO] FPS 30.0
2026-03-14 18:18:07,405 [INFO] FPS 30.0
2026-03-14 18:18:08,407 [INFO] FPS 27.9
2026-03-14 18:18:09,440 [INFO] FPS 29.1
2026-03-14 18:18:10,440 [INFO] FPS 30.0
2026-03-14 18:18:11,441 [INFO] FPS 30.0
2026-03-14 18:18:12,442 [INFO] FPS 30.0
2026-03-14 18:18:13,485 [INFO] FPS 29.7
2026-03-14 18:18:14,514 [INFO] FPS 30.2
2026-03-14 18:18:15,546 [INFO] FPS 30.0
2026-03-14 18:18:16,580 [INFO] FPS 30.0
2026-03-14 18:18:17,614 [INFO] FPS 30.0
2026-03-14 18:18:18,645 [INFO] FPS 30.1
2026-03-14 18:18:19,648 [INFO] FPS 28.9
2026-03-14 18:18:20,648 [INFO] FPS 30.0
2026-03-14 18:18:21,683 [INFO] FPS 29.9
2026-03-14 18:18:22,685 [INFO] FPS 29.0
2026-03-14 18:18:23,687 [INFO] FPS 29.9
2026-03-14 18:18:24,718 [INFO] FPS 30.1
2026-03-14 18:18:25,754 [INFO] FPS 29.9
2026-03-14 18:18:26,785 [INFO] FPS 30.1
2026-03-14 18:18:27,786 [INFO] FPS 30.0
2026-03-14 18:18:28,792 [INFO] FPS 28.8
2026-03-14 18:18:29,800 [INFO] FPS 27.8
2026-03-14 18:18:30,828 [INFO] FPS 30.2
2026-03-14 18:18:31,857 [INFO] FPS 30.1
2026-03-14 18:18:32,867 [INFO] FPS 29.7
2026-03-14 18:18:33,897 [INFO] FPS 30.1
2026-03-14 18:18:34,906 [INFO] FPS 29.8
2026-03-14 18:18:35,913 [INFO] FPS 29.8
2026-03-14 18:18:36,931 [INFO] FPS 30.5
2026-03-14 18:18:37,956 [INFO] FPS 28.3
2026-03-14 18:18:38,961 [INFO] FPS 29.9
2026-03-14 18:18:39,962 [INFO] FPS 30.0
2026-03-14 18:18:40,963 [INFO] FPS 29.9
2026-03-14 18:18:41,965 [INFO] FPS 30.0
2026-03-14 18:18:42,965 [INFO] FPS 30.0
2026-03-14 18:18:43,998 [INFO] FPS 30.0
2026-03-14 18:18:44,999 [INFO] FPS 30.0
2026-03-14 18:18:46,000 [INFO] FPS 30.0
2026-03-14 18:18:47,034 [INFO] FPS 30.0
2026-03-14 18:18:48,067 [INFO] FPS 30.0
2026-03-14 18:18:49,068 [INFO] FPS 30.0
2026-03-14 18:18:50,068 [INFO] FPS 30.0
2026-03-14 18:18:51,069 [INFO] FPS 30.0
2026-03-14 18:18:52,070 [INFO] FPS 30.0
2026-03-14 18:18:53,073 [INFO] FPS 29.9
2026-03-14 18:18:54,104 [INFO] FPS 30.1
2026-03-14 18:18:55,106 [INFO] FPS 29.9
2026-03-14 18:18:56,106 [INFO] FPS 28.0
2026-03-14 18:18:57,110 [INFO] FPS 29.9
2026-03-14 18:18:58,140 [INFO] FPS 30.1
2026-03-14 18:18:59,142 [INFO] FPS 29.0
2026-03-14 18:19:00,143 [INFO] FPS 30.0
2026-03-14 18:19:01,145 [INFO] FPS 29.9
2026-03-14 18:19:02,146 [INFO] FPS 30.0
2026-03-14 18:19:03,165 [INFO] FPS 29.4
2026-03-14 18:19:04,226 [INFO] FPS 27.3
2026-03-14 18:19:05,226 [INFO] FPS 31.0
2026-03-14 18:19:06,263 [INFO] FPS 29.9
2026-03-14 18:19:07,293 [INFO] FPS 29.1
2026-03-14 18:19:08,322 [INFO] FPS 29.1
2026-03-14 18:19:09,349 [INFO] FPS 30.2
2026-03-14 18:19:10,350 [INFO] FPS 30.0
2026-03-14 18:19:11,351 [INFO] FPS 30.0
2026-03-14 18:19:12,352 [INFO] FPS 30.0
2026-03-14 18:19:13,353 [INFO] FPS 30.0
2026-03-14 18:19:14,392 [INFO] FPS 29.8
2026-03-14 18:19:15,420 [INFO] FPS 30.2
2026-03-14 18:19:16,430 [INFO] FPS 28.7
2026-03-14 18:19:17,459 [INFO] FPS 30.1
2026-03-14 18:19:18,495 [INFO] FPS 29.9
2026-03-14 18:19:19,527 [INFO] FPS 30.0
2026-03-14 18:19:20,560 [INFO] FPS 29.1
2026-03-14 18:19:21,592 [INFO] FPS 28.1
2026-03-14 18:19:22,594 [INFO] FPS 29.9
2026-03-14 18:19:23,628 [INFO] FPS 30.0
2026-03-14 18:19:24,664 [INFO] FPS 29.9
2026-03-14 18:19:25,694 [INFO] FPS 30.1
2026-03-14 18:19:26,695 [INFO] FPS 30.0
2026-03-14 18:19:27,697 [INFO] FPS 29.0
2026-03-14 18:19:28,731 [INFO] FPS 30.0
2026-03-14 18:19:29,766 [INFO] FPS 29.9
2026-03-14 18:19:30,798 [INFO] FPS 30.0
2026-03-14 18:19:31,807 [INFO] FPS 29.8
2026-03-14 18:19:32,833 [INFO] FPS 29.2
2026-03-14 18:19:33,839 [INFO] FPS 29.8
2026-03-14 18:19:34,868 [INFO] FPS 30.1
2026-03-14 18:19:35,870 [INFO] FPS 30.0
2026-03-14 18:19:36,905 [INFO] FPS 29.9
2026-03-14 18:19:37,938 [INFO] FPS 30.0
2026-03-14 18:19:38,940 [INFO] FPS 29.9
2026-03-14 18:19:39,971 [INFO] FPS 30.1
2026-03-14 18:19:40,972 [INFO] FPS 30.0
2026-03-14 18:19:41,974 [INFO] FPS 28.9
2026-03-14 18:19:42,984 [INFO] FPS 29.7
2026-03-14 18:19:43,993 [INFO] FPS 29.8
2026-03-14 18:19:45,015 [INFO] FPS 30.3
2026-03-14 18:19:46,044 [INFO] FPS 30.1
2026-03-14 18:19:47,054 [INFO] FPS 29.7
2026-03-14 18:19:48,097 [INFO] FPS 29.7
2026-03-14 18:19:49,158 [INFO] FPS 29.2
2026-03-14 18:19:50,184 [INFO] FPS 29.3
2026-03-14 18:19:51,216 [INFO] FPS 30.0
2026-03-14 18:19:52,300 [INFO] FPS 28.6
2026-03-14 18:19:53,328 [INFO] FPS 28.2
2026-03-14 18:19:54,365 [INFO] FPS 29.9
2026-03-14 18:19:55,390 [INFO] FPS 30.2
2026-03-14 18:19:56,421 [INFO] FPS 30.1
2026-03-14 18:19:57,451 [INFO] FPS 30.1
2026-03-14 18:19:58,454 [INFO] FPS 29.9
2026-03-14 18:19:59,456 [INFO] FPS 29.9
2026-03-14 18:20:00,488 [INFO] FPS 29.0
2026-03-14 18:20:01,520 [INFO] FPS 30.0
2026-03-14 18:20:02,524 [INFO] FPS 29.9
2026-03-14 18:20:03,555 [INFO] FPS 30.1
2026-03-14 18:20:04,557 [INFO] FPS 29.9
2026-03-14 18:20:05,557 [INFO] FPS 30.0
2026-03-14 18:20:06,590 [INFO] FPS 30.0
2026-03-14 18:20:07,594 [INFO] FPS 29.9
2026-03-14 18:20:08,630 [INFO] FPS 29.9
2026-03-14 18:20:09,634 [INFO] FPS 28.9
2026-03-14 18:20:10,662 [INFO] FPS 30.2
2026-03-14 18:20:11,667 [INFO] FPS 29.8
2026-03-14 18:20:12,703 [INFO] FPS 29.9
2026-03-14 18:20:13,731 [INFO] FPS 30.1
2026-03-14 18:20:14,735 [INFO] FPS 29.9
2026-03-14 18:20:15,765 [INFO] FPS 30.1
2026-03-14 18:20:16,766 [INFO] FPS 30.0
2026-03-14 18:20:17,799 [INFO] FPS 30.0
2026-03-14 18:20:18,803 [INFO] FPS 29.9
2026-03-14 18:20:19,838 [INFO] FPS 29.9
2026-03-14 18:20:20,868 [INFO] FPS 30.1
2026-03-14 18:20:21,869 [INFO] FPS 30.0
2026-03-14 18:20:22,869 [INFO] FPS 30.0
2026-03-14 18:20:23,871 [INFO] FPS 29.9
2026-03-14 18:20:24,904 [INFO] FPS 30.0
2026-03-14 18:20:25,905 [INFO] FPS 30.0
2026-03-14 18:20:26,943 [INFO] FPS 29.9
2026-03-14 18:20:27,949 [INFO] FPS 28.8
2026-03-14 18:20:28,973 [INFO] FPS 29.3
2026-03-14 18:20:29,995 [INFO] FPS 29.4
2026-03-14 18:20:31,010 [INFO] FPS 30.6
2026-03-14 18:20:32,049 [INFO] FPS 29.8
2026-03-14 18:20:33,079 [INFO] FPS 30.1
2026-03-14 18:20:34,079 [INFO] FPS 30.0
2026-03-14 18:20:35,113 [INFO] FPS 30.0
2026-03-14 18:20:36,146 [INFO] FPS 30.0
2026-03-14 18:20:37,185 [INFO] FPS 28.9
2026-03-14 18:20:38,214 [INFO] FPS 29.2
2026-03-14 18:20:39,214 [INFO] FPS 30.0
2026-03-14 18:20:40,216 [INFO] FPS 29.9
2026-03-14 18:20:41,217 [INFO] FPS 29.0
2026-03-14 18:20:42,250 [INFO] FPS 30.0
2026-03-14 18:20:43,253 [INFO] FPS 28.9
2026-03-14 18:20:44,255 [INFO] FPS 29.9
2026-03-14 18:20:45,287 [INFO] FPS 30.0
2026-03-14 18:20:46,287 [INFO] FPS 30.0
2026-03-14 18:20:47,291 [INFO] FPS 29.9
2026-03-14 18:20:48,323 [INFO] FPS 30.0
2026-03-14 18:20:49,323 [INFO] FPS 30.0
2026-03-14 18:20:50,323 [INFO] FPS 28.0
2026-03-14 18:20:51,323 [INFO] FPS 29.0
2026-03-14 18:20:52,327 [INFO] FPS 28.9
2026-03-14 18:20:53,358 [INFO] FPS 30.1
2026-03-14 18:20:54,360 [INFO] FPS 28.9
2026-03-14 18:20:55,395 [INFO] FPS 30.0
2026-03-14 18:20:56,395 [INFO] FPS 30.0
2026-03-14 18:20:57,405 [INFO] FPS 29.7
2026-03-14 18:20:58,440 [INFO] FPS 30.0
2026-03-14 18:20:59,505 [INFO] FPS 29.1
2026-03-14 18:21:00,538 [INFO] FPS 31.0
2026-03-14 18:21:01,540 [INFO] FPS 29.9
2026-03-14 18:21:02,566 [INFO] FPS 30.2
2026-03-14 18:21:03,570 [INFO] FPS 28.9
2026-03-14 18:21:04,601 [INFO] FPS 30.1
2026-03-14 18:21:05,634 [INFO] FPS 30.0
2026-03-14 18:21:06,634 [INFO] FPS 30.0
2026-03-14 18:21:07,635 [INFO] FPS 30.0
2026-03-14 18:21:08,637 [INFO] FPS 29.9
2026-03-14 18:21:09,672 [INFO] FPS 30.0
2026-03-14 18:21:10,674 [INFO] FPS 29.9
2026-03-14 18:21:11,704 [INFO] FPS 30.1
2026-03-14 18:21:12,706 [INFO] FPS 30.0
2026-03-14 18:21:13,709 [INFO] FPS 28.9
2026-03-14 18:21:14,740 [INFO] FPS 30.1
2026-03-14 18:21:15,740 [INFO] FPS 30.0
2026-03-14 18:21:16,746 [INFO] FPS 29.8
2026-03-14 18:21:17,777 [INFO] FPS 30.0
2026-03-14 18:21:18,815 [INFO] FPS 29.9
2026-03-14 18:21:19,845 [INFO] FPS 30.1
2026-03-14 18:21:20,845 [INFO] FPS 30.0
2026-03-14 18:21:21,886 [INFO] FPS 29.8
2026-03-14 18:21:22,915 [INFO] FPS 30.1
2026-03-14 18:21:23,917 [INFO] FPS 29.9
2026-03-14 18:21:24,955 [INFO] FPS 29.9
2026-03-14 18:21:25,964 [INFO] FPS 29.7
2026-03-14 18:21:26,988 [INFO] FPS 30.3
2026-03-14 18:21:28,017 [INFO] FPS 30.1
2026-03-14 18:21:29,018 [INFO] FPS 30.0
2026-03-14 18:21:30,019 [INFO] FPS 29.0
2026-03-14 18:21:31,052 [INFO] FPS 30.0
2026-03-14 18:21:32,055 [INFO] FPS 29.9
2026-03-14 18:21:33,056 [INFO] FPS 30.0
2026-03-14 18:21:34,070 [INFO] FPS 29.6
2026-03-14 18:21:35,077 [INFO] FPS 29.8
2026-03-14 18:21:36,077 [INFO] FPS 30.0
2026-03-14 18:21:37,139 [INFO] FPS 28.3
2026-03-14 18:21:38,158 [INFO] FPS 29.4
2026-03-14 18:21:39,165 [INFO] FPS 29.8
2026-03-14 18:21:40,195 [INFO] FPS 30.1
2026-03-14 18:21:41,226 [INFO] FPS 30.1
2026-03-14 18:21:42,268 [INFO] FPS 29.8
2026-03-14 18:21:43,301 [INFO] FPS 29.0
2026-03-14 18:21:44,329 [INFO] FPS 28.2
2026-03-14 18:21:45,331 [INFO] FPS 29.9
2026-03-14 18:21:46,334 [INFO] FPS 29.9
2026-03-14 18:21:47,366 [INFO] FPS 28.1
2026-03-14 18:21:48,369 [INFO] FPS 29.9
2026-03-14 18:21:49,402 [INFO] FPS 30.0
2026-03-14 18:21:50,446 [INFO] FPS 29.7
2026-03-14 18:21:51,467 [INFO] FPS 30.4
2026-03-14 18:21:52,469 [INFO] FPS 29.9
2026-03-14 18:21:53,472 [INFO] FPS 27.9
2026-03-14 18:21:54,504 [INFO] FPS 30.0
2026-03-14 18:21:55,504 [INFO] FPS 30.0
2026-03-14 18:21:56,510 [INFO] FPS 28.8
2026-03-14 18:21:57,541 [INFO] FPS 30.1
2026-03-14 18:21:58,575 [INFO] FPS 30.0
2026-03-14 18:21:59,607 [INFO] FPS 30.0
2026-03-14 18:22:00,644 [INFO] FPS 29.9
2026-03-14 18:22:01,675 [INFO] FPS 30.0
2026-03-14 18:22:02,677 [INFO] FPS 29.9
2026-03-14 18:22:03,711 [INFO] FPS 29.0
2026-03-14 18:22:04,745 [INFO] FPS 29.0
2026-03-14 18:22:05,745 [INFO] FPS 29.0
2026-03-14 18:22:06,748 [INFO] FPS 29.9
2026-03-14 18:22:07,782 [INFO] FPS 30.0
2026-03-14 18:22:08,816 [INFO] FPS 30.0
2026-03-14 18:22:09,858 [INFO] FPS 29.8
2026-03-14 18:22:10,863 [INFO] FPS 29.8
2026-03-14 18:22:11,883 [INFO] FPS 30.4
2026-03-14 18:22:12,906 [INFO] FPS 29.3
2026-03-14 18:22:13,916 [INFO] FPS 30.7
2026-03-14 18:22:14,926 [INFO] FPS 29.7
2026-03-14 18:22:15,962 [INFO] FPS 29.9
2026-03-14 18:22:16,966 [INFO] FPS 29.9
2026-03-14 18:22:17,988 [INFO] FPS 30.3
2026-03-14 18:22:19,022 [INFO] FPS 30.0
2026-03-14 18:22:20,023 [INFO] FPS 30.0
2026-03-14 18:22:21,055 [INFO] FPS 30.0
2026-03-14 18:22:22,057 [INFO] FPS 29.9
2026-03-14 18:22:23,057 [INFO] FPS 30.0
2026-03-14 18:22:24,062 [INFO] FPS 29.9
2026-03-14 18:22:25,095 [INFO] FPS 28.1
2026-03-14 18:22:26,130 [INFO] FPS 29.9
2026-03-14 18:22:27,162 [INFO] FPS 30.0
2026-03-14 18:22:28,163 [INFO] FPS 30.0
2026-03-14 18:22:29,194 [INFO] FPS 29.1
2026-03-14 18:22:30,195 [INFO] FPS 30.0
2026-03-14 18:22:31,218 [INFO] FPS 29.3
2026-03-14 18:22:32,231 [INFO] FPS 30.6
2026-03-14 18:22:33,263 [INFO] FPS 30.0
2026-03-14 18:22:34,264 [INFO] FPS 30.0
2026-03-14 18:22:35,264 [INFO] FPS 30.0
2026-03-14 18:22:36,265 [INFO] FPS 30.0
2026-03-14 18:22:37,269 [INFO] FPS 29.9
2026-03-14 18:22:38,301 [INFO] FPS 28.1
2026-03-14 18:22:39,309 [INFO] FPS 29.8
2026-03-14 18:22:40,336 [INFO] FPS 29.2
2026-03-14 18:22:41,336 [INFO] FPS 29.0
2026-03-14 18:22:42,349 [INFO] FPS 29.6
2026-03-14 18:22:43,375 [INFO] FPS 30.2
2026-03-14 18:22:44,408 [INFO] FPS 29.0
2026-03-14 18:22:45,434 [INFO] FPS 25.3
2026-03-14 18:22:46,450 [INFO] FPS 29.5
2026-03-14 18:22:47,480 [INFO] FPS 29.1
2026-03-14 18:22:48,495 [INFO] FPS 28.6
2026-03-14 18:22:49,559 [INFO] FPS 27.3
2026-03-14 18:22:50,573 [INFO] FPS 28.6
2026-03-14 18:22:51,035 [INFO] Stream program started
2026-03-14 18:22:51,048 [INFO] Starting RealSense pipeline
2026-03-14 18:22:51,049 [INFO] Streaming on http://0.0.0.0:8000/stream
2026-03-14 18:22:51,589 [INFO] FPS 28.5
2026-03-14 18:22:52,597 [INFO] FPS 27.8
2026-03-14 18:22:53,619 [INFO] FPS 26.4
2026-03-14 18:22:54,643 [INFO] FPS 23.4
2026-03-14 18:22:55,119 [ERROR] Initial pipeline start failed: failed to set power state
2026-03-14 18:22:55,654 [INFO] FPS 21.8
2026-03-14 18:22:56,681 [INFO] FPS 30.2
2026-03-14 18:22:57,681 [INFO] FPS 29.0
2026-03-14 18:22:58,693 [INFO] FPS 28.7
2026-03-14 18:22:59,700 [INFO] FPS 29.8
2026-03-14 18:23:00,726 [INFO] FPS 29.2
2026-03-14 18:23:01,753 [INFO] FPS 28.2
2026-03-14 18:23:02,754 [INFO] FPS 28.0
2026-03-14 18:23:03,787 [INFO] FPS 29.0
2026-03-14 18:23:04,791 [INFO] FPS 28.9
2026-03-14 18:23:05,821 [INFO] FPS 30.1
2026-03-14 18:23:06,822 [INFO] FPS 30.0
2026-03-14 18:23:07,564 [INFO] MJPEG stream client connected
2026-03-14 18:23:07,565 [INFO] 127.0.0.1 - - [14/Mar/2026 18:23:07] "GET /stream HTTP/1.1" 200 -
2026-03-14 18:23:07,829 [INFO] FPS 29.8
2026-03-14 18:23:08,835 [INFO] FPS 29.8
2026-03-14 18:23:09,842 [INFO] FPS 29.8
2026-03-14 18:23:10,863 [INFO] FPS 27.4
2026-03-14 18:23:11,912 [INFO] FPS 28.6
2026-03-14 18:23:12,917 [INFO] FPS 29.8
2026-03-14 18:23:14,004 [INFO] FPS 28.5
2026-03-14 18:23:15,025 [INFO] FPS 29.4
2026-03-14 18:23:16,077 [INFO] FPS 27.6
2026-03-14 18:23:17,077 [INFO] FPS 29.0
2026-03-14 18:23:18,104 [INFO] FPS 30.2
2026-03-14 18:23:19,176 [INFO] FPS 28.9
2026-03-14 18:23:20,186 [INFO] FPS 29.7
2026-03-14 18:23:21,204 [INFO] FPS 29.5
2026-03-14 18:23:22,236 [INFO] FPS 30.0
2026-03-14 18:23:23,240 [INFO] FPS 28.9
2026-03-14 18:23:24,245 [INFO] FPS 29.9
2026-03-14 18:23:25,273 [INFO] FPS 29.2
2026-03-14 18:23:26,273 [INFO] FPS 28.0
2026-03-14 18:23:27,305 [INFO] FPS 30.0
2026-03-14 18:23:28,307 [INFO] FPS 29.9
2026-03-14 18:23:29,308 [INFO] FPS 30.0
2026-03-14 18:23:30,340 [INFO] FPS 30.1
2026-03-14 18:23:31,342 [INFO] FPS 25.9
2026-03-14 18:24:10,742 [INFO] Stream program started
2026-03-14 18:24:10,749 [INFO] Starting RealSense pipeline
2026-03-14 18:24:10,749 [INFO] Streaming on http://0.0.0.0:8000/stream
2026-03-14 18:24:11,381 [INFO] RealSense pipeline started successfully
2026-03-14 18:24:11,402 [INFO] [31m[1mWARNING: This is a development server. Do not use it in a production deployment. Use a production WSGI server instead.[0m
 * Running on all addresses (0.0.0.0)
 * Running on http://127.0.0.1:8000
 * Running on http://10.0.0.168:8000
2026-03-14 18:24:11,403 [INFO] [33mPress CTRL+C to quit[0m
2026-03-14 18:24:11,833 [INFO] FPS 0.9
2026-03-14 18:24:12,863 [INFO] FPS 30.1
2026-03-14 18:24:13,889 [INFO] FPS 30.2
2026-03-14 18:24:14,890 [INFO] FPS 30.0
2026-03-14 18:24:15,891 [INFO] FPS 30.0
2026-03-14 18:24:16,892 [INFO] FPS 30.0
2026-03-14 18:24:17,925 [INFO] FPS 30.0
2026-03-14 18:24:18,926 [INFO] FPS 30.0
2026-03-14 18:24:19,927 [INFO] FPS 30.0
2026-03-14 18:24:20,927 [INFO] FPS 30.0
2026-03-14 18:24:21,928 [INFO] FPS 30.0
2026-03-14 18:24:22,929 [INFO] FPS 30.0
2026-03-14 18:24:23,929 [INFO] FPS 30.0
2026-03-14 18:24:24,930 [INFO] FPS 30.0
2026-03-14 18:24:25,939 [INFO] FPS 29.7
2026-03-14 18:24:26,965 [INFO] FPS 30.2
2026-03-14 18:24:27,968 [INFO] FPS 29.9
2026-03-14 18:24:29,000 [INFO] FPS 30.0
2026-03-14 18:24:30,001 [INFO] FPS 30.0
2026-03-14 18:24:31,001 [INFO] FPS 30.0
2026-03-14 18:24:32,002 [INFO] FPS 30.0
2026-03-14 18:24:33,003 [INFO] FPS 30.0
2026-03-14 18:24:34,007 [INFO] FPS 29.9
2026-03-14 18:24:34,275 [INFO] MJPEG stream client connected
2026-03-14 18:24:34,278 [INFO] 127.0.0.1 - - [14/Mar/2026 18:24:34] "GET /stream HTTP/1.1" 200 -
2026-03-14 18:24:35,039 [INFO] FPS 30.0
2026-03-14 18:24:36,050 [INFO] FPS 29.6
2026-03-14 18:24:37,084 [INFO] FPS 29.0
2026-03-14 18:24:38,089 [INFO] FPS 28.9
2026-03-14 18:24:39,119 [INFO] FPS 30.1
2026-03-14 18:24:40,146 [INFO] FPS 30.2
2026-03-14 18:24:41,161 [INFO] FPS 27.6
2026-03-14 18:24:42,183 [INFO] FPS 30.4
2026-03-14 18:24:43,196 [INFO] FPS 29.6
2026-03-14 18:24:44,212 [INFO] FPS 30.5
2026-03-14 18:24:45,212 [INFO] FPS 30.0
2026-03-14 18:24:46,215 [INFO] FPS 29.9
2026-03-14 18:24:47,249 [INFO] FPS 30.0
2026-03-14 18:24:48,251 [INFO] FPS 29.9
2026-03-14 18:24:49,282 [INFO] FPS 30.1
2026-03-14 18:24:50,285 [INFO] FPS 29.9
2026-03-14 18:24:51,319 [INFO] FPS 30.0
2026-03-14 18:24:52,351 [INFO] FPS 29.1
2026-03-14 18:24:53,355 [INFO] FPS 28.9
2026-03-14 18:24:54,359 [INFO] FPS 29.9
2026-03-14 18:24:55,386 [INFO] FPS 30.2
2026-03-14 18:24:56,388 [INFO] FPS 29.9
2026-03-14 18:24:57,389 [INFO] FPS 30.0
2026-03-14 18:24:58,389 [INFO] FPS 30.0
2026-03-14 18:24:59,390 [INFO] FPS 29.0
2026-03-14 18:25:00,392 [INFO] FPS 30.0
2026-03-14 18:25:01,394 [INFO] FPS 29.9
2026-03-14 18:25:02,399 [INFO] FPS 28.9
2026-03-14 18:25:03,426 [INFO] FPS 30.2
2026-03-14 18:25:04,427 [INFO] FPS 30.0
2026-03-14 18:25:05,440 [INFO] FPS 29.6
2026-03-14 18:25:06,462 [INFO] FPS 30.3
2026-03-14 18:25:07,466 [INFO] FPS 29.9
2026-03-14 18:25:08,477 [INFO] FPS 29.7
2026-03-14 18:25:09,498 [INFO] FPS 30.3
2026-03-14 18:25:10,508 [INFO] FPS 29.7
2026-03-14 18:25:11,517 [INFO] FPS 28.7
2026-03-14 18:25:12,533 [INFO] FPS 29.5
2026-03-14 18:25:13,534 [INFO] FPS 30.0
2026-03-14 18:25:14,534 [INFO] FPS 30.0
2026-03-14 18:25:15,538 [INFO] FPS 28.9
2026-03-14 18:25:16,568 [INFO] FPS 30.1
2026-03-14 18:25:17,569 [INFO] FPS 30.0
2026-03-14 18:25:18,570 [INFO] FPS 30.0
2026-03-14 18:25:19,571 [INFO] FPS 30.0
2026-03-14 18:25:20,573 [INFO] FPS 29.9
2026-03-14 18:25:21,605 [INFO] FPS 30.0
2026-03-14 18:25:22,613 [INFO] FPS 29.8
2026-03-14 18:25:23,620 [INFO] FPS 29.8
2026-03-14 18:25:24,648 [INFO] FPS 30.2
2026-03-14 18:25:25,675 [INFO] FPS 30.2
2026-03-14 18:25:26,676 [INFO] FPS 30.0
2026-03-14 18:25:27,676 [INFO] FPS 30.0
2026-03-14 18:25:28,677 [INFO] FPS 30.0
2026-03-14 18:25:29,678 [INFO] FPS 30.0
2026-03-14 18:25:30,712 [INFO] FPS 30.0
2026-03-14 18:25:31,715 [INFO] FPS 29.9
2026-03-14 18:25:32,727 [INFO] FPS 29.6
2026-03-14 18:25:33,748 [INFO] FPS 30.4
2026-03-14 18:25:34,748 [INFO] FPS 29.0
2026-03-14 18:25:35,751 [INFO] FPS 29.9
2026-03-14 18:25:36,752 [INFO] FPS 30.0
2026-03-14 18:25:37,752 [INFO] FPS 30.0
2026-03-14 18:25:38,756 [INFO] FPS 29.9
2026-03-14 18:25:39,761 [INFO] FPS 29.8
2026-03-14 18:25:40,788 [INFO] FPS 30.2
2026-03-14 18:25:41,794 [INFO] FPS 29.8
2026-03-14 18:25:42,802 [INFO] FPS 29.8
2026-03-14 18:25:43,835 [INFO] FPS 30.0
2026-03-14 18:25:44,856 [INFO] FPS 29.4
2026-03-14 18:25:45,856 [INFO] FPS 30.0
2026-03-14 18:25:46,857 [INFO] FPS 30.0
2026-03-14 18:25:47,858 [INFO] FPS 30.0
2026-03-14 18:25:48,860 [INFO] FPS 29.9
2026-03-14 18:25:49,892 [INFO] FPS 30.0
2026-03-14 18:25:50,897 [INFO] FPS 29.8
2026-03-14 18:25:51,905 [INFO] FPS 29.8
2026-03-14 18:25:52,928 [INFO] FPS 30.3
2026-03-14 18:25:53,929 [INFO] FPS 30.0
2026-03-14 18:25:54,930 [INFO] FPS 30.0
2026-03-14 18:25:55,930 [INFO] FPS 30.0
2026-03-14 18:25:56,932 [INFO] FPS 30.0
2026-03-14 18:25:57,935 [INFO] FPS 29.9
2026-03-14 18:25:58,966 [INFO] FPS 30.1
2026-03-14 18:25:59,967 [INFO] FPS 29.9
2026-03-14 18:26:01,000 [INFO] FPS 30.0
2026-03-14 18:26:02,005 [INFO] FPS 28.9
2026-03-14 18:26:03,038 [INFO] FPS 30.0
2026-03-14 18:26:04,069 [INFO] FPS 30.1
2026-03-14 18:26:05,071 [INFO] FPS 28.0
2026-03-14 18:26:06,072 [INFO] FPS 30.0
2026-03-14 18:26:07,073 [INFO] FPS 30.0
2026-03-14 18:26:08,102 [INFO] FPS 26.3
2026-03-14 18:26:09,112 [INFO] FPS 30.6
2026-03-14 18:26:10,141 [INFO] FPS 30.1
2026-03-14 18:26:11,261 [INFO] FPS 26.8
2026-03-14 18:26:12,278 [INFO] FPS 28.5
2026-03-14 18:26:13,311 [INFO] FPS 30.0
2026-03-14 18:26:14,313 [INFO] FPS 29.9
2026-03-14 18:26:15,352 [INFO] FPS 27.9
2026-03-14 18:26:16,388 [INFO] FPS 29.9
2026-03-14 18:26:17,399 [INFO] FPS 29.7
2026-03-14 18:26:18,468 [INFO] FPS 28.1
2026-03-14 18:26:19,486 [INFO] FPS 29.5
2026-03-14 18:26:20,507 [INFO] FPS 29.4
2026-03-14 18:26:21,528 [INFO] FPS 30.4
2026-03-14 18:26:22,534 [INFO] FPS 29.8
2026-03-14 18:26:23,562 [INFO] FPS 30.1
2026-03-14 18:26:24,586 [INFO] FPS 29.3
2026-03-14 18:26:25,594 [INFO] FPS 28.8
2026-03-14 18:26:26,620 [INFO] FPS 30.2
2026-03-14 18:26:27,620 [INFO] FPS 29.0
2026-03-14 18:26:28,621 [INFO] FPS 30.0
2026-03-14 18:26:29,621 [INFO] FPS 30.0
2026-03-14 18:26:30,628 [INFO] FPS 29.8
2026-03-14 18:26:31,657 [INFO] FPS 30.1
2026-03-14 18:26:32,658 [INFO] FPS 30.0
2026-03-14 18:26:33,658 [INFO] FPS 30.0
2026-03-14 18:26:34,660 [INFO] FPS 30.0
2026-03-14 18:26:35,660 [INFO] FPS 30.0
2026-03-14 18:26:36,660 [INFO] FPS 30.0
2026-03-14 18:26:37,660 [INFO] FPS 29.0
2026-03-14 18:26:38,662 [INFO] FPS 30.0
2026-03-14 18:26:39,662 [INFO] FPS 30.0
2026-03-14 18:26:40,664 [INFO] FPS 29.9
2026-03-14 18:26:41,696 [INFO] FPS 30.0
2026-03-14 18:26:42,697 [INFO] FPS 30.0
2026-03-14 18:26:43,709 [INFO] FPS 28.7
2026-03-14 18:26:44,736 [INFO] FPS 29.2
2026-03-14 18:26:45,767 [INFO] FPS 30.1
2026-03-14 18:26:46,781 [INFO] FPS 29.6
2026-03-14 18:26:47,802 [INFO] FPS 30.4
2026-03-14 18:26:48,802 [INFO] FPS 30.0
2026-03-14 18:26:49,802 [INFO] FPS 30.0
2026-03-14 18:26:50,814 [INFO] FPS 26.7
2026-03-14 18:26:51,839 [INFO] FPS 30.3
2026-03-14 18:26:52,847 [INFO] FPS 29.8
2026-03-14 18:26:53,859 [INFO] FPS 29.6
2026-03-14 18:26:54,874 [INFO] FPS 30.5
2026-03-14 18:26:55,889 [INFO] FPS 29.5
2026-03-14 18:26:56,891 [INFO] FPS 29.9
2026-03-14 18:26:57,916 [INFO] FPS 29.3
2026-03-14 18:26:58,949 [INFO] FPS 30.0
2026-03-14 18:26:59,986 [INFO] FPS 28.9
2026-03-14 18:27:01,011 [INFO] FPS 29.3
2026-03-14 18:27:02,012 [INFO] FPS 30.0
2026-03-14 18:27:03,012 [INFO] FPS 29.0
2026-03-14 18:27:04,015 [INFO] FPS 29.9
2026-03-14 18:27:05,015 [INFO] FPS 30.0
2026-03-14 18:27:06,016 [INFO] FPS 30.0
2026-03-14 18:27:07,020 [INFO] FPS 28.9
2026-03-14 18:27:08,050 [INFO] FPS 30.1
2026-03-14 18:27:09,050 [INFO] FPS 30.0
2026-03-14 18:27:10,051 [INFO] FPS 30.0
2026-03-14 18:27:11,051 [INFO] FPS 30.0
2026-03-14 18:27:12,052 [INFO] FPS 30.0
2026-03-14 18:27:13,061 [INFO] FPS 29.7
2026-03-14 18:27:14,088 [INFO] FPS 29.2
2026-03-14 18:27:15,121 [INFO] FPS 30.0
2026-03-14 18:27:16,126 [INFO] FPS 29.8
2026-03-14 18:27:17,135 [INFO] FPS 29.8
2026-03-14 18:27:18,157 [INFO] FPS 30.3
2026-03-14 18:27:19,158 [INFO] FPS 30.0
2026-03-14 18:27:20,160 [INFO] FPS 29.9
2026-03-14 18:27:21,160 [INFO] FPS 28.0
2026-03-14 18:27:22,193 [INFO] FPS 30.0
2026-03-14 18:27:23,194 [INFO] FPS 30.0
2026-03-14 18:27:24,194 [INFO] FPS 29.0
2026-03-14 18:27:25,196 [INFO] FPS 30.0
2026-03-14 18:27:26,210 [INFO] FPS 29.6
2026-03-14 18:27:27,233 [INFO] FPS 28.3
2026-03-14 18:27:28,264 [INFO] FPS 31.0
2026-03-14 18:27:29,282 [INFO] FPS 29.5
2026-03-14 18:27:30,308 [INFO] FPS 28.3
2026-03-14 18:27:31,311 [INFO] FPS 29.9
2026-03-14 18:27:32,334 [INFO] FPS 30.3
2026-03-14 18:27:33,367 [INFO] FPS 30.0
2026-03-14 18:27:34,369 [INFO] FPS 29.9
2026-03-14 18:27:35,372 [INFO] FPS 29.9
2026-03-14 18:27:36,403 [INFO] FPS 29.1
2026-03-14 18:27:37,403 [INFO] FPS 30.0
2026-03-14 18:27:38,404 [INFO] FPS 30.0
2026-03-14 18:27:39,405 [INFO] FPS 30.0
2026-03-14 18:27:40,407 [INFO] FPS 29.9
2026-03-14 18:27:41,440 [INFO] FPS 30.0
2026-03-14 18:27:42,441 [INFO] FPS 27.0
2026-03-14 18:27:43,442 [INFO] FPS 30.0
2026-03-14 18:27:44,444 [INFO] FPS 28.9
2026-03-14 18:27:45,448 [INFO] FPS 29.9
2026-03-14 18:27:46,478 [INFO] FPS 30.1
2026-03-14 18:27:47,513 [INFO] FPS 30.0
2026-03-14 18:27:48,521 [INFO] FPS 27.8
2026-03-14 18:27:49,546 [INFO] FPS 30.2
2026-03-14 18:27:50,547 [INFO] FPS 30.0
2026-03-14 18:27:51,548 [INFO] FPS 30.0
2026-03-14 18:27:52,581 [INFO] FPS 30.0
2026-03-14 18:27:53,582 [INFO] FPS 30.0
2026-03-14 18:27:54,584 [INFO] FPS 26.0
2026-03-14 18:27:55,588 [INFO] FPS 26.9
2026-03-14 18:27:56,618 [INFO] FPS 30.1
2026-03-14 18:27:57,618 [INFO] FPS 30.0
2026-03-14 18:27:58,619 [INFO] FPS 30.0
2026-03-14 18:27:59,623 [INFO] FPS 29.9
2026-03-14 18:28:00,628 [INFO] FPS 29.8
2026-03-14 18:28:01,631 [INFO] FPS 29.9
2026-03-14 18:28:02,642 [INFO] FPS 29.7
2026-03-14 18:28:03,668 [INFO] FPS 30.2
2026-03-14 18:28:04,669 [INFO] FPS 30.0
2026-03-14 18:28:05,670 [INFO] FPS 26.0
2026-03-14 18:28:06,692 [INFO] FPS 30.3
2026-03-14 18:28:07,692 [INFO] FPS 30.0
2026-03-14 18:28:08,693 [INFO] FPS 30.0
2026-03-14 18:28:09,695 [INFO] FPS 29.9
2026-03-14 18:28:10,728 [INFO] FPS 30.0
2026-03-14 18:28:11,744 [INFO] FPS 29.5
2026-03-14 18:28:12,762 [INFO] FPS 29.5
2026-03-14 18:28:13,763 [INFO] FPS 30.0
2026-03-14 18:28:14,765 [INFO] FPS 29.9
2026-03-14 18:28:15,766 [INFO] FPS 30.0
2026-03-14 18:28:16,766 [INFO] FPS 30.0
2026-03-14 18:28:17,767 [INFO] FPS 30.0
2026-03-14 18:28:18,775 [INFO] FPS 29.8
2026-03-14 18:28:19,801 [INFO] FPS 29.2
2026-03-14 18:28:20,802 [INFO] FPS 30.0
2026-03-14 18:28:21,807 [INFO] FPS 29.8
2026-03-14 18:28:22,837 [INFO] FPS 29.1
2026-03-14 18:28:23,838 [INFO] FPS 30.0
2026-03-14 18:28:24,838 [INFO] FPS 30.0
2026-03-14 18:28:25,841 [INFO] FPS 28.9
2026-03-14 18:28:26,842 [INFO] FPS 30.0
2026-03-14 18:28:27,874 [INFO] FPS 30.0
2026-03-14 18:28:28,875 [INFO] FPS 30.0
2026-03-14 18:28:29,875 [INFO] FPS 30.0
2026-03-14 18:28:30,877 [INFO] FPS 29.9
2026-03-14 18:28:31,882 [INFO] FPS 29.8
2026-03-14 18:28:32,885 [INFO] FPS 29.9
2026-03-14 18:28:33,908 [INFO] FPS 29.3
2026-03-14 18:28:34,914 [INFO] FPS 29.8
2026-03-14 18:28:35,926 [INFO] FPS 29.7
2026-03-14 18:28:36,950 [INFO] FPS 30.3
2026-03-14 18:28:37,991 [INFO] FPS 29.8
2026-03-14 18:28:39,024 [INFO] FPS 30.0
2026-03-14 18:28:40,065 [INFO] FPS 29.8
2026-03-14 18:28:41,086 [INFO] FPS 30.3
2026-03-14 18:28:42,119 [INFO] FPS 29.1
2026-03-14 18:28:43,133 [INFO] FPS 29.6
2026-03-14 18:28:44,152 [INFO] FPS 28.5
2026-03-14 18:28:45,157 [INFO] FPS 29.8
2026-03-14 18:28:46,188 [INFO] FPS 30.0
2026-03-14 18:28:47,221 [INFO] FPS 30.0
2026-03-14 18:28:48,224 [INFO] FPS 29.9
2026-03-14 18:28:49,256 [INFO] FPS 30.0
2026-03-14 18:28:50,279 [INFO] FPS 29.3
2026-03-14 18:28:51,295 [INFO] FPS 29.5
2026-03-14 18:28:52,327 [INFO] FPS 29.1
2026-03-14 18:28:53,359 [INFO] FPS 30.0
2026-03-14 18:28:54,360 [INFO] FPS 28.0
2026-03-14 18:28:55,361 [INFO] FPS 28.0
2026-03-14 18:28:56,362 [INFO] FPS 30.0
2026-03-14 18:28:57,367 [INFO] FPS 29.9
2026-03-14 18:28:58,395 [INFO] FPS 30.1
2026-03-14 18:28:59,399 [INFO] FPS 28.9
2026-03-14 18:29:00,432 [INFO] FPS 30.0
2026-03-14 18:29:01,465 [INFO] FPS 26.1
2026-03-14 18:29:02,466 [INFO] FPS 30.0
2026-03-14 18:29:03,466 [INFO] FPS 30.0
2026-03-14 18:29:04,467 [INFO] FPS 30.0
2026-03-14 18:29:05,467 [INFO] FPS 29.0
2026-03-14 18:29:06,469 [INFO] FPS 29.9
2026-03-14 18:29:07,469 [INFO] FPS 30.0
2026-03-14 18:29:08,471 [INFO] FPS 29.9
2026-03-14 18:29:09,482 [INFO] FPS 26.7
2026-03-14 18:29:10,505 [INFO] FPS 30.3
2026-03-14 18:29:11,506 [INFO] FPS 30.0
2026-03-14 18:29:12,528 [INFO] FPS 28.4
2026-03-14 18:29:13,540 [INFO] FPS 30.6
2026-03-14 18:29:14,563 [INFO] FPS 29.3
2026-03-14 18:29:15,606 [INFO] FPS 29.7
2026-03-14 18:29:16,609 [INFO] FPS 30.9
2026-03-14 18:29:17,612 [INFO] FPS 29.9
2026-03-14 18:29:18,643 [INFO] FPS 30.1
2026-03-14 18:29:19,648 [INFO] FPS 29.9
2026-03-14 18:29:20,649 [INFO] FPS 29.0
2026-03-14 18:29:21,683 [INFO] FPS 30.0
2026-03-14 18:29:22,713 [INFO] FPS 30.1
2026-03-14 18:29:23,715 [INFO] FPS 27.9
2026-03-14 18:29:24,748 [INFO] FPS 30.0
2026-03-14 18:29:25,749 [INFO] FPS 30.0
2026-03-14 18:29:26,750 [INFO] FPS 30.0
2026-03-14 18:29:27,750 [INFO] FPS 30.0
2026-03-14 18:29:28,753 [INFO] FPS 29.9
2026-03-14 18:29:29,786 [INFO] FPS 30.0
2026-03-14 18:29:30,786 [INFO] FPS 30.0
2026-03-14 18:29:31,789 [INFO] FPS 28.9
2026-03-14 18:29:32,789 [INFO] FPS 30.0
2026-03-14 18:29:33,821 [INFO] FPS 30.0
2026-03-14 18:29:34,822 [INFO] FPS 29.0
2026-03-14 18:29:35,824 [INFO] FPS 27.0
2026-03-14 18:29:36,825 [INFO] FPS 30.0
2026-03-14 18:29:37,838 [INFO] FPS 29.6
2026-03-14 18:29:38,858 [INFO] FPS 30.4
2026-03-14 18:29:39,859 [INFO] FPS 30.0
2026-03-14 18:29:40,862 [INFO] FPS 29.9
2026-03-14 18:29:41,894 [INFO] FPS 30.0
2026-03-14 18:29:42,894 [INFO] FPS 29.0
2026-03-14 18:29:43,898 [INFO] FPS 29.9
2026-03-14 18:29:44,935 [INFO] FPS 29.9
2026-03-14 18:29:45,939 [INFO] FPS 28.9
2026-03-14 18:29:46,957 [INFO] FPS 29.5
2026-03-14 18:29:47,971 [INFO] FPS 30.6
2026-03-14 18:29:48,984 [INFO] FPS 29.6
2026-03-14 18:29:50,004 [INFO] FPS 30.4
2026-03-14 18:29:51,055 [INFO] FPS 28.5
2026-03-14 18:29:52,082 [INFO] FPS 30.2
2026-03-14 18:29:53,114 [INFO] FPS 30.0
2026-03-14 18:29:54,150 [INFO] FPS 29.9
2026-03-14 18:29:55,173 [INFO] FPS 30.3
2026-03-14 18:29:56,175 [INFO] FPS 29.9
2026-03-14 18:29:57,212 [INFO] FPS 28.9
2026-03-14 18:29:58,242 [INFO] FPS 27.2
2026-03-14 18:29:59,274 [INFO] FPS 30.0
2026-03-14 18:30:00,274 [INFO] FPS 30.0
2026-03-14 18:30:01,276 [INFO] FPS 29.9
2026-03-14 18:30:02,309 [INFO] FPS 29.0
2026-03-14 18:30:03,310 [INFO] FPS 30.0
2026-03-14 18:30:04,310 [INFO] FPS 30.0
2026-03-14 18:30:05,312 [INFO] FPS 28.0
2026-03-14 18:30:06,313 [INFO] FPS 30.0
2026-03-14 18:30:07,313 [INFO] FPS 30.0
2026-03-14 18:30:08,314 [INFO] FPS 30.0
2026-03-14 18:30:09,347 [INFO] FPS 30.0
2026-03-14 18:30:10,349 [INFO] FPS 28.9
2026-03-14 18:30:11,352 [INFO] FPS 29.9
2026-03-14 18:30:12,358 [INFO] FPS 29.8
2026-03-14 18:30:13,383 [INFO] FPS 30.3
2026-03-14 18:30:14,385 [INFO] FPS 30.0
2026-03-14 18:30:15,385 [INFO] FPS 30.0
2026-03-14 18:30:16,385 [INFO] FPS 27.0
2026-03-14 18:30:17,386 [INFO] FPS 30.0
2026-03-14 18:30:18,388 [INFO] FPS 29.9
2026-03-14 18:30:19,421 [INFO] FPS 30.0
2026-03-14 18:30:20,422 [INFO] FPS 30.0
2026-03-14 18:30:21,435 [INFO] FPS 29.6
2026-03-14 18:30:22,456 [INFO] FPS 30.3
2026-03-14 18:30:23,458 [INFO] FPS 30.0
2026-03-14 18:30:24,464 [INFO] FPS 29.8
2026-03-14 18:30:25,495 [INFO] FPS 29.1
2026-03-14 18:30:26,510 [INFO] FPS 29.6
2026-03-14 18:30:27,530 [INFO] FPS 30.4
2026-03-14 18:30:28,545 [INFO] FPS 29.6
2026-03-14 18:30:29,583 [INFO] FPS 28.9
2026-03-14 18:30:30,603 [INFO] FPS 29.4
2026-03-14 18:30:31,651 [INFO] FPS 29.6
2026-03-14 18:30:32,670 [INFO] FPS 29.4
2026-03-14 18:30:33,703 [INFO] FPS 30.0
2026-03-14 18:30:34,743 [INFO] FPS 29.8
2026-03-14 18:30:35,767 [INFO] FPS 30.3
2026-03-14 18:30:36,804 [INFO] FPS 29.9
2026-03-14 18:30:37,834 [INFO] FPS 30.1
2026-03-14 18:30:38,835 [INFO] FPS 30.0
2026-03-14 18:30:39,873 [INFO] FPS 28.9
2026-03-14 18:30:40,903 [INFO] FPS 29.1
2026-03-14 18:30:41,905 [INFO] FPS 28.9
2026-03-14 18:30:42,939 [INFO] FPS 30.0
2026-03-14 18:30:43,973 [INFO] FPS 30.0
2026-03-14 18:30:45,006 [INFO] FPS 29.0
2026-03-14 18:30:46,007 [INFO] FPS 28.0
2026-03-14 18:30:47,008 [INFO] FPS 30.0
2026-03-14 18:30:48,014 [INFO] FPS 29.8
2026-03-14 18:30:49,042 [INFO] FPS 30.2
2026-03-14 18:30:50,045 [INFO] FPS 29.9
2026-03-14 18:30:51,078 [INFO] FPS 30.0
2026-03-14 18:30:52,086 [INFO] FPS 29.8
2026-03-14 18:30:53,112 [INFO] FPS 30.2
2026-03-14 18:30:54,115 [INFO] FPS 28.9
2026-03-14 18:30:55,115 [INFO] FPS 30.0
2026-03-14 18:30:56,148 [INFO] FPS 30.0
2026-03-14 18:30:57,181 [INFO] FPS 30.0
2026-03-14 18:30:58,183 [INFO] FPS 30.0
2026-03-14 18:30:59,184 [INFO] FPS 30.0
2026-03-14 18:31:00,184 [INFO] FPS 30.0
2026-03-14 18:31:01,184 [INFO] FPS 30.0
2026-03-14 18:31:02,186 [INFO] FPS 28.0
2026-03-14 18:31:03,187 [INFO] FPS 30.0
2026-03-14 18:31:04,190 [INFO] FPS 29.9
2026-03-14 18:31:05,220 [INFO] FPS 30.1
2026-03-14 18:31:06,224 [INFO] FPS 29.9
2026-03-14 18:31:07,232 [INFO] FPS 29.8
2026-03-14 18:31:08,283 [INFO] FPS 27.6
2026-03-14 18:31:09,294 [INFO] FPS 30.7
2026-03-14 18:31:10,306 [INFO] FPS 28.7
2026-03-14 18:31:11,331 [INFO] FPS 30.2
2026-03-14 18:31:12,411 [INFO] FPS 27.8
2026-03-14 18:31:13,428 [INFO] FPS 31.5
2026-03-14 18:31:14,430 [INFO] FPS 29.9
2026-03-14 18:31:15,446 [INFO] FPS 29.5
2026-03-14 18:31:16,471 [INFO] FPS 30.3
2026-03-14 18:31:17,496 [INFO] FPS 30.2
2026-03-14 18:31:18,499 [INFO] FPS 28.9
2026-03-14 18:31:19,503 [INFO] FPS 29.9
2026-03-14 18:31:20,516 [INFO] FPS 29.6
2026-03-14 18:31:21,533 [INFO] FPS 30.5
2026-03-14 18:31:22,537 [INFO] FPS 29.9
2026-03-14 18:31:23,568 [INFO] FPS 30.0
2026-03-14 18:31:24,588 [INFO] FPS 29.4
2026-03-14 18:31:25,602 [INFO] FPS 30.6
2026-03-14 18:31:26,603 [INFO] FPS 30.0
2026-03-14 18:31:27,604 [INFO] FPS 28.0
2026-03-14 18:31:28,626 [INFO] FPS 29.3
2026-03-14 18:31:29,638 [INFO] FPS 30.6
2026-03-14 18:31:30,640 [INFO] FPS 27.0
2026-03-14 18:31:31,676 [INFO] FPS 29.9
2026-03-14 18:31:32,711 [INFO] FPS 29.0
2026-03-14 18:31:33,741 [INFO] FPS 30.1
2026-03-14 18:31:34,742 [INFO] FPS 30.0
2026-03-14 18:31:35,743 [INFO] FPS 30.0
2026-03-14 18:31:36,745 [INFO] FPS 29.0
2026-03-14 18:31:37,777 [INFO] FPS 30.0
2026-03-14 18:31:38,783 [INFO] FPS 27.9
2026-03-14 18:31:39,813 [INFO] FPS 30.1
2026-03-14 18:31:40,814 [INFO] FPS 29.0
2026-03-14 18:31:41,847 [INFO] FPS 30.0
2026-03-14 18:31:42,848 [INFO] FPS 29.0
2026-03-14 18:31:43,849 [INFO] FPS 30.0
2026-03-14 18:31:44,858 [INFO] FPS 29.7
2026-03-14 18:31:45,883 [INFO] FPS 30.2
2026-03-14 18:31:46,886 [INFO] FPS 29.9
2026-03-14 18:31:47,893 [INFO] FPS 29.8
2026-03-14 18:31:48,909 [INFO] FPS 29.5
2026-03-14 18:31:49,922 [INFO] FPS 29.6
2026-03-14 18:31:50,946 [INFO] FPS 29.3
2026-03-14 18:31:51,967 [INFO] FPS 30.4
2026-03-14 18:31:52,995 [INFO] FPS 29.2
2026-03-14 18:31:54,023 [INFO] FPS 28.2
2026-03-14 18:31:55,024 [INFO] FPS 28.9
2026-03-14 18:31:56,025 [INFO] FPS 30.0
2026-03-14 18:31:57,026 [INFO] FPS 30.0
2026-03-14 18:31:58,059 [INFO] FPS 30.0
2026-03-14 18:31:59,061 [INFO] FPS 29.9
2026-03-14 18:32:00,062 [INFO] FPS 30.0
2026-03-14 18:32:01,095 [INFO] FPS 30.0
2026-03-14 18:32:02,128 [INFO] FPS 30.0
2026-03-14 18:32:03,131 [INFO] FPS 29.9
2026-03-14 18:32:04,131 [INFO] FPS 30.0
2026-03-14 18:32:05,133 [INFO] FPS 30.0
2026-03-14 18:32:06,134 [INFO] FPS 30.0
2026-03-14 18:32:07,147 [INFO] FPS 29.6
2026-03-14 18:32:08,167 [INFO] FPS 30.4
2026-03-14 18:32:09,168 [INFO] FPS 30.0
2026-03-14 18:32:10,168 [INFO] FPS 29.0
2026-03-14 18:32:11,169 [INFO] FPS 30.0
2026-03-14 18:32:12,173 [INFO] FPS 29.9
2026-03-14 18:32:13,204 [INFO] FPS 30.1
2026-03-14 18:32:14,206 [INFO] FPS 28.9
2026-03-14 18:32:15,238 [INFO] FPS 30.1
2026-03-14 18:32:16,240 [INFO] FPS 27.9
2026-03-14 18:32:17,273 [INFO] FPS 30.0
2026-03-14 18:32:18,313 [INFO] FPS 28.9
2026-03-14 18:32:19,341 [INFO] FPS 29.2
2026-03-14 18:32:20,342 [INFO] FPS 29.0
2026-03-14 18:32:21,344 [INFO] FPS 29.9
2026-03-14 18:32:22,359 [INFO] FPS 28.6
2026-03-14 18:32:23,379 [INFO] FPS 30.4
2026-03-14 18:32:24,394 [INFO] FPS 28.6
2026-03-14 18:32:25,434 [INFO] FPS 29.8
2026-03-14 18:32:26,475 [INFO] FPS 29.8
2026-03-14 18:32:27,486 [INFO] FPS 29.7
2026-03-14 18:32:28,495 [INFO] FPS 29.7
2026-03-14 18:32:29,515 [INFO] FPS 30.4
2026-03-14 18:32:30,516 [INFO] FPS 30.0
2026-03-14 18:32:31,517 [INFO] FPS 29.0
2026-03-14 18:32:32,550 [INFO] FPS 30.0
2026-03-14 18:32:33,553 [INFO] FPS 28.9
2026-03-14 18:32:34,554 [INFO] FPS 30.0
2026-03-14 18:32:35,587 [INFO] FPS 29.1
2026-03-14 18:32:36,588 [INFO] FPS 28.0
2026-03-14 18:32:37,613 [INFO] FPS 29.3
2026-03-14 18:32:38,623 [INFO] FPS 30.7
2026-03-14 18:32:39,624 [INFO] FPS 30.0
2026-03-14 18:32:40,657 [INFO] FPS 27.1
2026-03-14 18:32:41,657 [INFO] FPS 30.0
2026-03-14 18:32:42,658 [INFO] FPS 30.0
2026-03-14 18:32:43,658 [INFO] FPS 30.0
2026-03-14 18:32:44,660 [INFO] FPS 30.0
2026-03-14 18:32:45,664 [INFO] FPS 22.9
2026-03-14 18:32:46,694 [INFO] FPS 30.1
2026-03-14 18:32:47,696 [INFO] FPS 29.9
2026-03-14 18:32:48,696 [INFO] FPS 30.0
2026-03-14 18:32:49,698 [INFO] FPS 29.9
2026-03-14 18:32:50,705 [INFO] FPS 29.8
2026-03-14 18:32:51,749 [INFO] FPS 27.8
2026-03-14 18:32:52,769 [INFO] FPS 29.4
2026-03-14 18:32:53,802 [INFO] FPS 30.0
2026-03-14 18:32:54,834 [INFO] FPS 30.0
2026-03-14 18:32:55,867 [INFO] FPS 30.0
2026-03-14 18:32:56,869 [INFO] FPS 29.0
2026-03-14 18:32:57,880 [INFO] FPS 29.7
2026-03-14 18:32:58,903 [INFO] FPS 29.3
2026-03-14 18:32:59,904 [INFO] FPS 30.0
2026-03-14 18:33:00,911 [INFO] FPS 28.8
2026-03-14 18:33:01,939 [INFO] FPS 30.1
2026-03-14 18:33:02,997 [INFO] FPS 28.4
2026-03-14 18:33:04,007 [INFO] FPS 29.7
2026-03-14 18:33:05,010 [INFO] FPS 28.9
2026-03-14 18:33:06,042 [INFO] FPS 30.0
2026-03-14 18:33:07,044 [INFO] FPS 29.9
2026-03-14 18:33:08,078 [INFO] FPS 25.2
2026-03-14 18:33:09,113 [INFO] FPS 29.0
2026-03-14 18:33:10,115 [INFO] FPS 28.9
2026-03-14 18:33:11,146 [INFO] FPS 30.1
2026-03-14 18:33:12,148 [INFO] FPS 29.9
2026-03-14 18:33:13,180 [INFO] FPS 30.0
2026-03-14 18:33:14,188 [INFO] FPS 29.8
2026-03-14 18:33:15,215 [INFO] FPS 30.2
2026-03-14 18:33:16,216 [INFO] FPS 29.0
2026-03-14 18:33:17,216 [INFO] FPS 30.0
2026-03-14 18:33:18,218 [INFO] FPS 28.9
2026-03-14 18:33:19,221 [INFO] FPS 29.9
2026-03-14 18:33:20,245 [INFO] FPS 29.3
2026-03-14 18:33:21,252 [INFO] FPS 30.8
2026-03-14 18:33:22,260 [INFO] FPS 29.8
2026-03-14 18:33:23,293 [INFO] FPS 30.0
2026-03-14 18:33:24,294 [INFO] FPS 30.0
2026-03-14 18:33:25,322 [INFO] FPS 30.2
2026-03-14 18:33:26,324 [INFO] FPS 30.0
2026-03-14 18:33:27,325 [INFO] FPS 30.0
2026-03-14 18:33:28,363 [INFO] FPS 29.9
2026-03-14 18:33:29,381 [INFO] FPS 28.5
2026-03-14 18:33:30,399 [INFO] FPS 30.5
2026-03-14 18:33:31,430 [INFO] FPS 30.1
2026-03-14 18:33:32,435 [INFO] FPS 29.9
2026-03-14 18:33:33,469 [INFO] FPS 30.0
2026-03-14 18:33:34,504 [INFO] FPS 29.9
2026-03-14 18:33:35,531 [INFO] FPS 29.2
2026-03-14 18:33:36,564 [INFO] FPS 30.0
2026-03-14 18:33:37,567 [INFO] FPS 27.9
2026-03-14 18:33:38,598 [INFO] FPS 27.1
2026-03-14 18:33:39,607 [INFO] FPS 29.8
2026-03-14 18:33:40,634 [INFO] FPS 30.2
2026-03-14 18:33:41,636 [INFO] FPS 27.9
2026-03-14 18:33:42,671 [INFO] FPS 27.1
2026-03-14 18:33:43,702 [INFO] FPS 30.1
2026-03-14 18:33:44,703 [INFO] FPS 30.0
2026-03-14 18:33:45,706 [INFO] FPS 29.9
2026-03-14 18:33:46,742 [INFO] FPS 29.9
2026-03-14 18:33:47,772 [INFO] FPS 30.1
2026-03-14 18:33:48,773 [INFO] FPS 30.0
2026-03-14 18:33:49,778 [INFO] FPS 29.9
2026-03-14 18:33:50,787 [INFO] FPS 29.7
2026-03-14 18:33:51,808 [INFO] FPS 28.4
2026-03-14 18:33:52,810 [INFO] FPS 29.9
2026-03-14 18:33:53,810 [INFO] FPS 29.0
2026-03-14 18:33:54,812 [INFO] FPS 29.9
2026-03-14 18:33:55,813 [INFO] FPS 29.0
2026-03-14 18:33:56,845 [INFO] FPS 30.0
2026-03-14 18:33:57,848 [INFO] FPS 27.9
2026-03-14 18:33:58,880 [INFO] FPS 29.1
2026-03-14 18:33:59,941 [INFO] FPS 25.5
2026-03-14 18:34:00,948 [INFO] FPS 26.8
2026-03-14 18:34:01,969 [INFO] FPS 29.4
2026-03-14 18:34:02,983 [INFO] FPS 30.5
2026-03-14 18:34:03,985 [INFO] FPS 30.0
2026-03-14 18:34:05,018 [INFO] FPS 30.0
2026-03-14 18:34:06,018 [INFO] FPS 30.0
2026-03-14 18:34:07,020 [INFO] FPS 29.9
2026-03-14 18:34:08,048 [INFO] FPS 27.2
2026-03-14 18:34:09,082 [INFO] FPS 30.0
2026-03-14 18:34:10,096 [INFO] FPS 30.6
2026-03-14 18:34:11,103 [INFO] FPS 29.8
2026-03-14 18:34:12,146 [INFO] FPS 29.7
2026-03-14 18:34:13,229 [INFO] FPS 27.7
2026-03-14 18:34:14,258 [INFO] FPS 29.2
2026-03-14 18:34:15,266 [INFO] FPS 29.7
2026-03-14 18:34:16,310 [INFO] FPS 28.7
2026-03-14 18:34:17,329 [INFO] FPS 30.4
2026-03-14 18:34:18,331 [INFO] FPS 29.9
2026-03-14 18:34:19,361 [INFO] FPS 30.1
2026-03-14 18:34:20,369 [INFO] FPS 28.8
2026-03-14 18:34:21,375 [INFO] FPS 29.8
2026-03-14 18:34:22,397 [INFO] FPS 28.4
2026-03-14 18:34:23,397 [INFO] FPS 30.0
2026-03-14 18:34:24,402 [INFO] FPS 27.9
2026-03-14 18:34:25,432 [INFO] FPS 30.1
2026-03-14 18:34:26,433 [INFO] FPS 30.0
2026-03-14 18:34:27,435 [INFO] FPS 24.9
2026-03-14 18:34:28,468 [INFO] FPS 30.0
2026-03-14 18:34:29,469 [INFO] FPS 30.0
2026-03-14 18:34:30,469 [INFO] FPS 30.0
2026-03-14 18:34:31,487 [INFO] FPS 29.5
2026-03-14 18:34:32,504 [INFO] FPS 30.5
2026-03-14 18:34:33,516 [INFO] FPS 29.6
2026-03-14 18:34:34,539 [INFO] FPS 30.3
2026-03-14 18:34:35,543 [INFO] FPS 29.9
2026-03-14 18:34:36,575 [INFO] FPS 29.1
2026-03-14 18:34:37,608 [INFO] FPS 30.0
2026-03-14 18:34:38,612 [INFO] FPS 29.9
2026-03-14 18:34:39,644 [INFO] FPS 30.0
2026-03-14 18:34:40,660 [INFO] FPS 29.5
2026-03-14 18:34:41,677 [INFO] FPS 28.5
2026-03-14 18:34:42,686 [INFO] FPS 29.7
2026-03-14 18:34:43,713 [INFO] FPS 28.3
2026-03-14 18:34:44,714 [INFO] FPS 30.0
2026-03-14 18:34:45,715 [INFO] FPS 29.9
2026-03-14 18:34:46,716 [INFO] FPS 30.0
2026-03-14 18:34:47,737 [INFO] FPS 28.4
2026-03-14 18:34:48,749 [INFO] FPS 29.6
2026-03-14 18:34:49,836 [INFO] FPS 27.6
2026-03-14 18:34:50,851 [INFO] FPS 30.5
2026-03-14 18:34:51,867 [INFO] FPS 29.5
2026-03-14 18:34:52,888 [INFO] FPS 29.4
2026-03-14 18:34:53,920 [INFO] FPS 30.0
2026-03-14 18:34:54,921 [INFO] FPS 29.0
2026-03-14 18:34:55,954 [INFO] FPS 30.0
2026-03-14 18:34:56,957 [INFO] FPS 28.9
2026-03-14 18:34:57,992 [INFO] FPS 30.0
2026-03-14 18:34:59,026 [INFO] FPS 30.0
2026-03-14 18:35:00,057 [INFO] FPS 27.2
2026-03-14 18:35:01,058 [INFO] FPS 30.0
2026-03-14 18:35:02,060 [INFO] FPS 27.9
2026-03-14 18:35:03,063 [INFO] FPS 29.9
2026-03-14 18:35:04,080 [INFO] FPS 28.5
2026-03-14 18:35:05,094 [INFO] FPS 30.5
2026-03-14 18:35:06,097 [INFO] FPS 26.9
2026-03-14 18:35:07,099 [INFO] FPS 29.9
2026-03-14 18:35:08,101 [INFO] FPS 29.9
2026-03-14 18:35:09,131 [INFO] FPS 30.1
2026-03-14 18:35:10,131 [INFO] FPS 30.0
2026-03-14 18:35:11,133 [INFO] FPS 27.0
2026-03-14 18:35:12,135 [INFO] FPS 29.9
2026-03-14 18:35:13,136 [INFO] FPS 26.0
2026-03-14 18:35:14,168 [INFO] FPS 30.0
2026-03-14 18:35:15,171 [INFO] FPS 28.9
2026-03-14 18:35:16,175 [INFO] FPS 28.9
2026-03-14 18:35:17,203 [INFO] FPS 30.1
2026-03-14 18:35:18,212 [INFO] FPS 29.7
2026-03-14 18:35:19,238 [INFO] FPS 30.2
2026-03-14 18:35:20,252 [INFO] FPS 29.6
2026-03-14 18:35:21,275 [INFO] FPS 30.3
2026-03-14 18:35:22,374 [INFO] FPS 27.3
2026-03-14 18:35:23,375 [INFO] FPS 31.0
2026-03-14 18:35:24,448 [INFO] FPS 27.9
2026-03-14 18:35:25,477 [INFO] FPS 28.2
2026-03-14 18:35:26,480 [INFO] FPS 28.9
2026-03-14 18:35:27,483 [INFO] FPS 26.9
2026-03-14 18:35:28,511 [INFO] FPS 30.2
2026-03-14 18:35:29,512 [INFO] FPS 30.0
2026-03-14 18:35:30,514 [INFO] FPS 25.9
2026-03-14 18:35:31,516 [INFO] FPS 30.0
2026-03-14 18:35:32,516 [INFO] FPS 28.0
2026-03-14 18:35:33,548 [INFO] FPS 30.0
2026-03-14 18:35:34,550 [INFO] FPS 30.0
2026-03-14 18:35:35,550 [INFO] FPS 30.0
2026-03-14 18:35:36,551 [INFO] FPS 30.0
2026-03-14 18:35:37,553 [INFO] FPS 22.0
2026-03-14 18:35:38,585 [INFO] FPS 30.0
2026-03-14 18:35:39,589 [INFO] FPS 28.9
2026-03-14 18:35:40,589 [INFO] FPS 30.0
2026-03-14 18:35:41,622 [INFO] FPS 27.1
2026-03-14 18:35:42,623 [INFO] FPS 28.0
2026-03-14 18:35:43,656 [INFO] FPS 30.0
2026-03-14 18:35:44,658 [INFO] FPS 27.9
2026-03-14 18:35:45,692 [INFO] FPS 30.0
2026-03-14 18:35:46,696 [INFO] FPS 29.9
2026-03-14 18:35:47,725 [INFO] FPS 30.1
2026-03-14 18:35:48,726 [INFO] FPS 30.0
2026-03-14 18:35:49,735 [INFO] FPS 29.7
2026-03-14 18:35:50,749 [INFO] FPS 29.6
2026-03-14 18:35:51,785 [INFO] FPS 29.0
2026-03-14 18:35:52,802 [INFO] FPS 29.5
2026-03-14 18:35:53,835 [INFO] FPS 30.0
2026-03-14 18:35:54,877 [INFO] FPS 29.7
2026-03-14 18:35:55,924 [INFO] FPS 29.6
2026-03-14 18:35:56,937 [INFO] FPS 28.6
2026-03-14 18:35:57,966 [INFO] FPS 30.1
2026-03-14 18:35:58,975 [INFO] FPS 28.7
2026-03-14 18:36:00,001 [INFO] FPS 30.2
2026-03-14 18:36:01,002 [INFO] FPS 30.0
2026-03-14 18:36:02,004 [INFO] FPS 24.0
2026-03-14 18:36:03,036 [INFO] FPS 30.0
2026-03-14 18:36:04,038 [INFO] FPS 29.9
2026-03-14 18:36:05,039 [INFO] FPS 30.0
2026-03-14 18:36:06,077 [INFO] FPS 27.0
2026-03-14 18:36:07,107 [INFO] FPS 29.1
2026-03-14 18:36:08,140 [INFO] FPS 30.0
2026-03-14 18:36:09,144 [INFO] FPS 28.9
2026-03-14 18:36:10,177 [INFO] FPS 30.0
2026-03-14 18:36:11,210 [INFO] FPS 29.0
2026-03-14 18:36:12,243 [INFO] FPS 29.0
2026-03-14 18:36:13,244 [INFO] FPS 30.0
2026-03-14 18:36:14,246 [INFO] FPS 27.9
2026-03-14 18:36:15,248 [INFO] FPS 29.9
2026-03-14 18:36:16,280 [INFO] FPS 30.0
2026-03-14 18:36:17,280 [INFO] FPS 28.0
2026-03-14 18:36:18,281 [INFO] FPS 30.0
2026-03-14 18:36:19,283 [INFO] FPS 27.9
2026-03-14 18:36:20,316 [INFO] FPS 30.0
2026-03-14 18:36:21,332 [INFO] FPS 29.5
2026-03-14 18:36:22,350 [INFO] FPS 30.4
2026-03-14 18:36:23,351 [INFO] FPS 30.0
2026-03-14 18:36:24,360 [INFO] FPS 28.7
2026-03-14 18:36:25,388 [INFO] FPS 30.2
2026-03-14 18:36:26,678 [INFO] FPS 28.9
2026-03-14 18:36:29,603 [INFO] FPS 0.3
2026-03-14 18:36:30,736 [INFO] FPS 0.9
2026-03-14 18:36:31,658 [INFO] FPS 28.0
2026-03-14 18:36:32,658 [INFO] FPS 30.0
2026-03-14 18:36:33,661 [INFO] FPS 29.9
2026-03-14 18:36:35,676 [INFO] FPS 9.0
2026-03-14 18:36:36,570 [INFO] FPS 23.6
2026-03-14 18:36:37,596 [INFO] FPS 30.1
2026-03-14 18:36:38,600 [INFO] FPS 23.9
2026-03-14 18:36:39,633 [INFO] FPS 29.0
2026-03-14 18:36:40,634 [INFO] FPS 29.9
2026-03-14 18:36:41,664 [INFO] FPS 30.1
2026-03-14 18:36:42,668 [INFO] FPS 29.9
2026-03-14 18:36:43,669 [INFO] FPS 30.0
2026-03-14 18:36:45,774 [INFO] FPS 24.2
2026-03-14 18:47:39,553 [INFO] TFLite stream program started
2026-03-14 18:47:39,706 [INFO] TFLite model loaded: /home/matt/follow_project/models/detect.tflite
2026-03-14 18:47:39,711 [INFO] Starting RealSense pipeline
2026-03-14 18:47:55,188 [WARNING] Warmup failed: No device connected
2026-03-14 18:47:55,190 [INFO] Starting RealSense pipeline
2026-03-14 18:48:10,648 [ERROR] Initial pipeline start failed: No device connected
2026-03-14 18:48:10,686 [INFO] [31m[1mWARNING: This is a development server. Do not use it in a production deployment. Use a production WSGI server instead.[0m
 * Running on all addresses (0.0.0.0)
 * Running on http://127.0.0.1:8000
 * Running on http://10.0.0.168:8000
2026-03-14 18:48:10,686 [INFO] [33mPress CTRL+C to quit[0m
2026-03-14 18:49:36,595 [INFO] 127.0.0.1 - - [14/Mar/2026 18:49:36] "GET /stream HTTP/1.1" 200 -
2026-03-14 18:54:25,926 [INFO] TFLite stream program started
2026-03-14 18:54:25,933 [INFO] TFLite model loaded: /home/matt/follow_project/models/detect.tflite
2026-03-14 18:54:25,936 [INFO] Starting RealSense pipeline
2026-03-14 18:54:41,377 [ERROR] Initial pipeline start failed: No device connected
2026-03-14 18:54:41,392 [INFO] [31m[1mWARNING: This is a development server. Do not use it in a production deployment. Use a production WSGI server instead.[0m
 * Running on all addresses (0.0.0.0)
 * Running on http://127.0.0.1:8000
 * Running on http://10.0.0.168:8000
2026-03-14 18:54:41,393 [INFO] [33mPress CTRL+C to quit[0m
2026-03-14 18:54:47,209 [INFO] 127.0.0.1 - - [14/Mar/2026 18:54:47] "GET /stream HTTP/1.1" 200 -
2026-03-14 19:01:27,878 [INFO] TFLite stream program started
2026-03-14 19:01:27,885 [INFO] TFLite model loaded: /home/matt/follow_project/models/detect.tflite
2026-03-14 19:01:27,889 [INFO] Starting RealSense pipeline
2026-03-14 19:01:43,336 [ERROR] Initial pipeline start failed: No device connected
2026-03-14 19:01:43,370 [INFO] [31m[1mWARNING: This is a development server. Do not use it in a production deployment. Use a production WSGI server instead.[0m
 * Running on all addresses (0.0.0.0)
 * Running on http://127.0.0.1:8000
 * Running on http://10.0.0.168:8000
2026-03-14 19:01:43,370 [INFO] [33mPress CTRL+C to quit[0m
2026-03-14 19:01:50,944 [INFO] 127.0.0.1 - - [14/Mar/2026 19:01:50] "GET /stream HTTP/1.1" 200 -
2026-03-14 19:02:05,151 [INFO] 127.0.0.1 - - [14/Mar/2026 19:02:05] "GET /stream HTTP/1.1" 200 -
2026-03-14 19:04:37,111 [INFO] Stream program started
2026-03-14 19:04:37,117 [INFO] Starting RealSense pipeline
2026-03-14 19:04:37,118 [INFO] Streaming on http://0.0.0.0:8000/stream
2026-03-14 19:04:37,689 [INFO] RealSense pipeline started successfully
2026-03-14 19:04:37,727 [INFO] [31m[1mWARNING: This is a development server. Do not use it in a production deployment. Use a production WSGI server instead.[0m
 * Running on all addresses (0.0.0.0)
 * Running on http://127.0.0.1:8000
 * Running on http://10.0.0.168:8000
2026-03-14 19:04:37,727 [INFO] [33mPress CTRL+C to quit[0m
2026-03-14 19:04:38,156 [INFO] FPS 1.0
2026-03-14 19:04:39,172 [INFO] FPS 29.5
2026-03-14 19:04:40,205 [INFO] FPS 30.0
2026-03-14 19:04:41,207 [INFO] FPS 27.9
2026-03-14 19:04:42,216 [INFO] FPS 27.8
2026-03-14 19:04:43,242 [INFO] FPS 30.2
2026-03-14 19:04:44,282 [INFO] FPS 29.8
2026-03-14 19:04:45,308 [INFO] FPS 30.2
2026-03-14 19:04:46,315 [INFO] FPS 29.8
2026-03-14 19:04:47,343 [INFO] FPS 30.2
2026-03-14 19:04:48,343 [INFO] FPS 30.0
2026-03-14 19:04:49,344 [INFO] FPS 30.0
2026-03-14 19:04:50,348 [INFO] FPS 29.9
2026-03-14 19:04:51,390 [INFO] FPS 24.0
2026-03-14 19:04:52,426 [INFO] FPS 29.9
2026-03-14 19:04:52,670 [INFO] MJPEG stream client connected
2026-03-14 19:04:52,675 [INFO] 127.0.0.1 - - [14/Mar/2026 19:04:52] "GET /stream HTTP/1.1" 200 -
2026-03-14 19:04:53,431 [INFO] FPS 25.9
2026-03-14 19:04:54,446 [INFO] FPS 27.6
2026-03-14 19:04:55,458 [INFO] FPS 29.7
2026-03-14 19:04:56,470 [INFO] FPS 29.6
2026-03-14 19:04:57,483 [INFO] FPS 29.6
2026-03-14 19:04:58,483 [INFO] FPS 30.0
2026-03-14 19:04:59,484 [INFO] FPS 30.0
2026-03-14 19:05:00,485 [INFO] FPS 30.0
2026-03-14 19:05:01,485 [INFO] FPS 30.0
2026-03-14 19:05:02,486 [INFO] FPS 30.0
2026-03-14 19:05:03,487 [INFO] FPS 30.0
2026-03-14 19:05:04,488 [INFO] FPS 30.0
2026-03-14 19:05:05,488 [INFO] FPS 30.0
2026-03-14 19:05:06,489 [INFO] FPS 30.0
2026-03-14 19:05:07,489 [INFO] FPS 30.0
2026-03-14 19:05:08,491 [INFO] FPS 30.0
2026-03-14 19:05:09,491 [INFO] FPS 30.0
2026-03-14 19:05:10,491 [INFO] FPS 30.0
2026-03-14 19:05:11,492 [INFO] FPS 30.0
2026-03-14 19:05:12,492 [INFO] FPS 30.0
2026-03-14 19:05:13,496 [INFO] FPS 29.9
2026-03-14 19:05:14,528 [INFO] FPS 29.1
2026-03-14 19:05:15,528 [INFO] FPS 30.0
2026-03-14 19:05:16,529 [INFO] FPS 30.0
2026-03-14 19:05:17,529 [INFO] FPS 30.0
2026-03-14 19:05:18,530 [INFO] FPS 29.0
2026-03-14 19:05:19,531 [INFO] FPS 30.0
2026-03-14 19:05:20,531 [INFO] FPS 30.0
2026-03-14 19:05:21,532 [INFO] FPS 30.0
2026-03-14 19:05:22,536 [INFO] FPS 29.9
2026-03-14 19:05:23,566 [INFO] FPS 30.1
2026-03-14 19:05:24,572 [INFO] FPS 29.8
2026-03-14 19:05:25,572 [INFO] FPS 30.0
2026-03-14 19:05:26,604 [INFO] FPS 30.1
2026-03-14 19:05:27,604 [INFO] FPS 30.0
2026-03-14 19:05:28,609 [INFO] FPS 29.9
2026-03-14 19:05:29,648 [INFO] FPS 29.8
2026-03-14 19:05:30,679 [INFO] FPS 30.1
2026-03-14 19:05:31,710 [INFO] FPS 30.1
2026-03-14 19:05:32,751 [INFO] FPS 29.8
2026-03-14 19:05:33,774 [INFO] FPS 30.3
2026-03-14 19:05:34,774 [INFO] FPS 30.0
2026-03-14 19:05:35,775 [INFO] FPS 30.0
2026-03-14 19:05:36,776 [INFO] FPS 30.0
2026-03-14 19:05:37,808 [INFO] FPS 30.0
2026-03-14 19:05:38,810 [INFO] FPS 30.0
2026-03-14 19:05:39,811 [INFO] FPS 30.0
2026-03-14 19:05:40,811 [INFO] FPS 30.0
2026-03-14 19:05:41,811 [INFO] FPS 30.0
2026-03-14 19:05:42,813 [INFO] FPS 30.0
2026-03-14 19:05:43,813 [INFO] FPS 30.0
2026-03-14 19:05:44,814 [INFO] FPS 30.0
2026-03-14 19:05:45,815 [INFO] FPS 30.0
2026-03-14 19:05:46,816 [INFO] FPS 30.0
2026-03-14 19:05:47,816 [INFO] FPS 30.0
2026-03-14 19:05:48,816 [INFO] FPS 30.0
2026-03-14 19:05:49,817 [INFO] FPS 30.0
2026-03-14 19:05:50,818 [INFO] FPS 30.0
2026-03-14 19:05:51,818 [INFO] FPS 30.0
2026-03-14 19:05:52,819 [INFO] FPS 30.0
2026-03-14 19:05:53,819 [INFO] FPS 30.0
2026-03-14 19:05:54,820 [INFO] FPS 30.0
2026-03-14 19:05:55,821 [INFO] FPS 30.0
2026-03-14 19:05:56,822 [INFO] FPS 30.0
2026-03-14 19:05:57,822 [INFO] FPS 30.0
2026-03-14 19:05:58,824 [INFO] FPS 30.0
2026-03-14 19:05:59,824 [INFO] FPS 30.0
2026-03-14 19:06:00,824 [INFO] FPS 30.0
2026-03-14 19:06:01,825 [INFO] FPS 30.0
2026-03-14 19:06:02,826 [INFO] FPS 30.0
2026-03-14 19:06:03,827 [INFO] FPS 30.0
2026-03-14 19:06:04,828 [INFO] FPS 30.0
2026-03-14 19:06:05,835 [INFO] FPS 29.8
2026-03-14 19:06:06,836 [INFO] FPS 30.0
2026-03-14 19:06:07,863 [INFO] FPS 30.2
2026-03-14 19:06:08,866 [INFO] FPS 29.9
2026-03-14 19:06:09,910 [INFO] FPS 29.7
2026-03-14 19:06:10,936 [INFO] FPS 30.2
2026-03-14 19:06:11,967 [INFO] FPS 30.1
2026-03-14 19:06:13,010 [INFO] FPS 29.7
2026-03-14 19:06:14,037 [INFO] FPS 30.2
2026-03-14 19:06:15,068 [INFO] FPS 30.1
2026-03-14 19:06:16,101 [INFO] FPS 30.0
2026-03-14 19:06:17,101 [INFO] FPS 30.0
2026-03-14 19:06:18,102 [INFO] FPS 30.0
2026-03-14 19:06:19,103 [INFO] FPS 30.0
2026-03-14 19:06:20,104 [INFO] FPS 30.0
2026-03-14 19:06:21,137 [INFO] FPS 30.0
2026-03-14 19:06:22,138 [INFO] FPS 30.0
2026-03-14 19:06:23,139 [INFO] FPS 30.0
2026-03-14 19:06:24,140 [INFO] FPS 30.0
2026-03-14 19:06:25,140 [INFO] FPS 30.0
2026-03-14 19:06:26,141 [INFO] FPS 30.0
2026-03-14 19:06:27,142 [INFO] FPS 30.0
2026-03-14 19:06:28,143 [INFO] FPS 30.0
2026-03-14 19:06:29,144 [INFO] FPS 30.0
2026-03-14 19:06:30,144 [INFO] FPS 30.0
2026-03-14 19:06:31,145 [INFO] FPS 30.0
2026-03-14 19:06:32,178 [INFO] FPS 30.0
2026-03-14 19:06:33,181 [INFO] FPS 29.9
2026-03-14 19:06:34,213 [INFO] FPS 30.0
2026-03-14 19:06:35,213 [INFO] FPS 30.0
2026-03-14 19:06:36,214 [INFO] FPS 30.0
2026-03-14 19:06:37,215 [INFO] FPS 30.0
2026-03-14 19:06:38,216 [INFO] FPS 30.0
2026-03-14 19:06:39,216 [INFO] FPS 30.0
2026-03-14 19:06:40,217 [INFO] FPS 30.0
2026-03-14 19:06:41,217 [INFO] FPS 30.0
2026-03-14 19:06:42,218 [INFO] FPS 30.0
2026-03-14 19:06:43,222 [INFO] FPS 29.9
2026-03-14 19:06:44,253 [INFO] FPS 30.1
2026-03-14 19:06:45,253 [INFO] FPS 30.0
2026-03-14 19:06:46,254 [INFO] FPS 30.0
2026-03-14 19:06:47,255 [INFO] FPS 30.0
2026-03-14 19:06:48,256 [INFO] FPS 30.0
2026-03-14 19:06:49,265 [INFO] FPS 29.7
2026-03-14 19:06:50,297 [INFO] FPS 30.0
2026-03-14 19:06:51,331 [INFO] FPS 30.0
2026-03-14 19:06:52,360 [INFO] FPS 30.1
2026-03-14 19:06:53,364 [INFO] FPS 29.9
2026-03-14 19:06:54,364 [INFO] FPS 29.9
2026-03-14 19:06:55,397 [INFO] FPS 30.0
2026-03-14 19:06:56,449 [INFO] FPS 29.5
2026-03-14 19:06:57,467 [INFO] FPS 30.4
2026-03-14 19:06:58,472 [INFO] FPS 29.8
2026-03-14 19:06:59,510 [INFO] FPS 29.9
2026-03-14 19:07:00,542 [INFO] FPS 30.0
2026-03-14 19:07:01,573 [INFO] FPS 30.1
2026-03-14 19:07:02,610 [INFO] FPS 29.9
2026-03-14 19:07:03,632 [INFO] FPS 30.3
2026-03-14 19:07:04,633 [INFO] FPS 30.0
2026-03-14 19:07:05,634 [INFO] FPS 30.0
2026-03-14 19:07:06,634 [INFO] FPS 30.0
2026-03-14 19:07:07,635 [INFO] FPS 30.0
2026-03-14 19:07:08,636 [INFO] FPS 30.0
2026-03-14 19:07:09,637 [INFO] FPS 30.0
2026-03-14 19:07:10,637 [INFO] FPS 30.0
2026-03-14 19:07:11,638 [INFO] FPS 30.0
2026-03-14 19:07:12,639 [INFO] FPS 30.0
2026-03-14 19:07:13,672 [INFO] FPS 30.0
2026-03-14 19:07:14,673 [INFO] FPS 30.0
2026-03-14 19:07:15,673 [INFO] FPS 30.0
2026-03-14 19:07:16,674 [INFO] FPS 30.0
2026-03-14 19:07:17,675 [INFO] FPS 30.0
2026-03-14 19:07:18,675 [INFO] FPS 30.0
2026-03-14 19:07:19,676 [INFO] FPS 30.0
2026-03-14 19:07:20,677 [INFO] FPS 30.0
2026-03-14 19:07:21,678 [INFO] FPS 30.0
2026-03-14 19:07:22,679 [INFO] FPS 30.0
2026-03-14 19:07:23,679 [INFO] FPS 30.0
2026-03-14 19:07:24,680 [INFO] FPS 30.0
2026-03-14 19:07:25,681 [INFO] FPS 30.0
2026-03-14 19:07:26,681 [INFO] FPS 30.0
2026-03-14 19:07:27,682 [INFO] FPS 30.0
2026-03-14 19:07:28,682 [INFO] FPS 30.0
2026-03-14 19:07:29,685 [INFO] FPS 29.9
2026-03-14 19:07:30,717 [INFO] FPS 30.0
2026-03-14 19:07:31,718 [INFO] FPS 30.0
2026-03-14 19:07:32,719 [INFO] FPS 30.0
2026-03-14 19:07:33,722 [INFO] FPS 29.9
2026-03-14 19:07:34,724 [INFO] FPS 30.0
2026-03-14 19:07:35,755 [INFO] FPS 30.1
2026-03-14 19:07:36,761 [INFO] FPS 29.8
2026-03-14 19:07:37,766 [INFO] FPS 29.9
2026-03-14 19:07:38,793 [INFO] FPS 30.2
2026-03-14 19:07:39,836 [INFO] FPS 29.7
2026-03-14 19:07:40,871 [INFO] FPS 29.9
2026-03-14 19:07:41,891 [INFO] FPS 30.4
2026-03-14 19:07:42,892 [INFO] FPS 30.0
2026-03-14 19:07:43,892 [INFO] FPS 30.0
2026-03-14 19:07:44,893 [INFO] FPS 30.0
2026-03-14 19:07:45,894 [INFO] FPS 30.0
2026-03-14 19:07:46,894 [INFO] FPS 30.0
2026-03-14 19:07:47,895 [INFO] FPS 30.0
2026-03-14 19:07:48,895 [INFO] FPS 30.0
2026-03-14 19:07:49,896 [INFO] FPS 30.0
2026-03-14 19:07:50,897 [INFO] FPS 30.0
2026-03-14 19:07:51,897 [INFO] FPS 30.0
2026-03-14 19:07:52,899 [INFO] FPS 30.0
2026-03-14 19:07:53,899 [INFO] FPS 30.0
2026-03-14 19:07:54,899 [INFO] FPS 30.0
2026-03-14 19:07:55,900 [INFO] FPS 30.0
2026-03-14 19:07:56,902 [INFO] FPS 29.9
2026-03-14 19:07:57,936 [INFO] FPS 30.0
2026-03-14 19:07:58,936 [INFO] FPS 30.0
2026-03-14 19:07:59,937 [INFO] FPS 29.0
2026-03-14 19:08:00,939 [INFO] FPS 29.9
2026-03-14 19:08:01,971 [INFO] FPS 30.0
2026-03-14 19:08:02,972 [INFO] FPS 30.0
2026-03-14 19:08:03,973 [INFO] FPS 30.0
2026-03-14 19:08:04,973 [INFO] FPS 30.0
2026-03-14 19:08:05,974 [INFO] FPS 30.0
2026-03-14 19:08:06,974 [INFO] FPS 30.0
2026-03-14 19:08:07,975 [INFO] FPS 30.0
2026-03-14 19:08:08,976 [INFO] FPS 30.0
2026-03-14 19:08:09,977 [INFO] FPS 30.0
2026-03-14 19:08:10,979 [INFO] FPS 29.9
2026-03-14 19:08:11,987 [INFO] FPS 29.8
2026-03-14 19:08:12,988 [INFO] FPS 29.9
2026-03-14 19:08:14,017 [INFO] FPS 30.2
2026-03-14 19:08:15,049 [INFO] FPS 30.0
2026-03-14 19:08:16,084 [INFO] FPS 30.0
2026-03-14 19:08:17,114 [INFO] FPS 30.1
2026-03-14 19:08:18,115 [INFO] FPS 30.0
2026-03-14 19:08:19,116 [INFO] FPS 30.0
2026-03-14 19:08:20,116 [INFO] FPS 30.0
2026-03-14 19:08:21,120 [INFO] FPS 29.9
2026-03-14 19:08:22,152 [INFO] FPS 30.1
2026-03-14 19:08:23,153 [INFO] FPS 30.0
2026-03-14 19:08:24,186 [INFO] FPS 30.0
2026-03-14 19:08:25,190 [INFO] FPS 29.9
2026-03-14 19:08:26,221 [INFO] FPS 30.1
2026-03-14 19:08:27,221 [INFO] FPS 30.0
2026-03-14 19:08:28,222 [INFO] FPS 30.0
2026-03-14 19:08:29,223 [INFO] FPS 30.0
2026-03-14 19:08:30,224 [INFO] FPS 30.0
2026-03-14 19:08:31,261 [INFO] FPS 29.9
2026-03-14 19:08:32,291 [INFO] FPS 30.1
2026-03-14 19:08:33,294 [INFO] FPS 29.9
2026-03-14 19:08:34,326 [INFO] FPS 30.0
2026-03-14 19:08:35,328 [INFO] FPS 29.9
2026-03-14 19:08:36,360 [INFO] FPS 30.0
2026-03-14 19:08:37,361 [INFO] FPS 30.0
2026-03-14 19:08:38,362 [INFO] FPS 30.0
2026-03-14 19:08:39,370 [INFO] FPS 29.7
2026-03-14 19:08:40,400 [INFO] FPS 30.1
2026-03-14 19:08:41,402 [INFO] FPS 29.9
2026-03-14 19:08:42,432 [INFO] FPS 30.1
2026-03-14 19:08:43,432 [INFO] FPS 30.0
2026-03-14 19:08:44,433 [INFO] FPS 30.0
2026-03-14 19:08:45,433 [INFO] FPS 30.0
2026-03-14 19:08:46,434 [INFO] FPS 30.0
2026-03-14 19:08:47,435 [INFO] FPS 30.0
2026-03-14 19:08:48,435 [INFO] FPS 30.0
2026-03-14 19:08:49,436 [INFO] FPS 30.0
2026-03-14 19:08:50,437 [INFO] FPS 30.0
2026-03-14 19:08:51,437 [INFO] FPS 30.0
2026-03-14 19:08:52,438 [INFO] FPS 30.0
2026-03-14 19:08:53,440 [INFO] FPS 30.0
2026-03-14 19:08:54,442 [INFO] FPS 29.9
2026-03-14 19:08:55,448 [INFO] FPS 29.8
2026-03-14 19:08:56,480 [INFO] FPS 30.0
2026-03-14 19:08:57,484 [INFO] FPS 29.9
2026-03-14 19:08:58,514 [INFO] FPS 30.1
2026-03-14 19:08:59,518 [INFO] FPS 29.9
2026-03-14 19:09:00,545 [INFO] FPS 30.2
2026-03-14 19:09:01,580 [INFO] FPS 30.0
2026-03-14 19:09:02,590 [INFO] FPS 29.7
2026-03-14 19:09:03,613 [INFO] FPS 30.3
2026-03-14 19:09:04,615 [INFO] FPS 29.9
2026-03-14 19:09:05,647 [INFO] FPS 30.0
2026-03-14 19:09:06,648 [INFO] FPS 30.0
2026-03-14 19:09:07,649 [INFO] FPS 30.0
2026-03-14 19:09:08,649 [INFO] FPS 30.0
2026-03-14 19:09:09,650 [INFO] FPS 30.0
2026-03-14 19:09:10,651 [INFO] FPS 30.0
2026-03-14 19:09:11,652 [INFO] FPS 30.0
2026-03-14 19:09:12,652 [INFO] FPS 30.0
2026-03-14 19:09:13,652 [INFO] FPS 30.0
2026-03-14 19:09:14,653 [INFO] FPS 30.0
2026-03-14 19:09:15,653 [INFO] FPS 30.0
2026-03-14 19:09:16,654 [INFO] FPS 30.0
2026-03-14 19:09:17,655 [INFO] FPS 30.0
2026-03-14 19:09:18,656 [INFO] FPS 30.0
2026-03-14 19:09:19,656 [INFO] FPS 30.0
2026-03-14 19:09:20,657 [INFO] FPS 30.0
2026-03-14 19:09:21,658 [INFO] FPS 30.0
2026-03-14 19:09:22,658 [INFO] FPS 30.0
2026-03-14 19:09:23,659 [INFO] FPS 30.0
2026-03-14 19:09:24,660 [INFO] FPS 30.0
2026-03-14 19:09:25,660 [INFO] FPS 30.0
2026-03-14 19:09:26,661 [INFO] FPS 30.0
2026-03-14 19:09:27,662 [INFO] FPS 30.0
2026-03-14 19:09:28,663 [INFO] FPS 30.0
2026-03-14 19:09:29,664 [INFO] FPS 30.0
2026-03-14 19:09:30,664 [INFO] FPS 30.0
2026-03-14 19:09:31,671 [INFO] FPS 29.8
2026-03-14 19:09:32,700 [INFO] FPS 30.1
2026-03-14 19:09:33,718 [INFO] FPS 29.5
2026-03-14 19:09:34,738 [INFO] FPS 30.4
2026-03-14 19:09:35,749 [INFO] FPS 29.7
2026-03-14 19:09:36,775 [INFO] FPS 30.2
2026-03-14 19:09:37,814 [INFO] FPS 29.8
2026-03-14 19:09:38,843 [INFO] FPS 30.1
2026-03-14 19:09:39,879 [INFO] FPS 29.9
2026-03-14 19:09:40,913 [INFO] FPS 30.0
2026-03-14 19:09:41,940 [INFO] FPS 30.2
2026-03-14 19:09:42,948 [INFO] FPS 29.8
2026-03-14 19:09:43,981 [INFO] FPS 30.0
2026-03-14 19:09:45,025 [INFO] FPS 29.7
2026-03-14 19:09:46,057 [INFO] FPS 30.1
2026-03-14 19:09:47,076 [INFO] FPS 30.4
2026-03-14 19:09:48,113 [INFO] FPS 29.9
2026-03-14 19:09:49,144 [INFO] FPS 30.1
2026-03-14 19:09:50,145 [INFO] FPS 29.9
2026-03-14 19:09:51,148 [INFO] FPS 29.9
2026-03-14 19:09:52,148 [INFO] FPS 30.0
2026-03-14 19:09:53,616 [INFO] FPS 0.7
2026-03-14 19:09:54,650 [INFO] FPS 30.0
2026-03-14 19:09:55,681 [INFO] FPS 30.1
2026-03-14 19:09:56,684 [INFO] FPS 29.9
2026-03-14 19:09:57,715 [INFO] FPS 30.1
2026-03-14 19:09:58,716 [INFO] FPS 30.0
2026-03-14 19:09:59,717 [INFO] FPS 30.0
2026-03-14 19:10:00,717 [INFO] FPS 30.0
2026-03-14 19:10:01,721 [INFO] FPS 29.9
2026-03-14 19:10:02,753 [INFO] FPS 30.0
2026-03-14 19:10:03,755 [INFO] FPS 5.0
2026-03-14 19:10:04,759 [INFO] FPS 29.9
2026-03-14 19:10:05,789 [INFO] FPS 30.1
2026-03-14 19:10:06,791 [INFO] FPS 29.9
2026-03-14 19:10:07,800 [INFO] FPS 29.8
2026-03-14 19:10:08,823 [INFO] FPS 30.3
2026-03-14 19:10:09,824 [INFO] FPS 30.0
2026-03-14 19:10:10,828 [INFO] FPS 29.9
2026-03-14 19:10:11,859 [INFO] FPS 29.1
2026-03-14 19:10:12,859 [INFO] FPS 30.0
2026-03-14 19:10:13,859 [INFO] FPS 30.0
2026-03-14 19:10:14,860 [INFO] FPS 30.0
2026-03-14 19:10:15,861 [INFO] FPS 30.0
2026-03-14 19:10:16,862 [INFO] FPS 30.0
2026-03-14 19:10:17,862 [INFO] FPS 30.0
2026-03-14 19:10:18,863 [INFO] FPS 30.0
2026-03-14 19:10:19,864 [INFO] FPS 30.0
2026-03-14 19:10:20,865 [INFO] FPS 30.0
2026-03-14 19:10:21,865 [INFO] FPS 30.0
2026-03-14 19:10:22,866 [INFO] FPS 30.0
2026-03-14 19:10:23,866 [INFO] FPS 30.0
2026-03-14 19:10:24,867 [INFO] FPS 30.0
2026-03-14 19:10:25,868 [INFO] FPS 30.0
2026-03-14 19:10:26,868 [INFO] FPS 30.0
2026-03-14 19:10:27,869 [INFO] FPS 30.0
2026-03-14 19:10:28,870 [INFO] FPS 30.0
2026-03-14 19:10:29,875 [INFO] FPS 29.9
2026-03-14 19:10:30,905 [INFO] FPS 30.1
2026-03-14 19:10:31,905 [INFO] FPS 30.0
2026-03-14 19:10:32,907 [INFO] FPS 30.0
2026-03-14 19:10:33,907 [INFO] FPS 30.0
2026-03-14 19:10:34,911 [INFO] FPS 29.9
2026-03-14 19:10:35,912 [INFO] FPS 30.0
2026-03-14 19:10:36,916 [INFO] FPS 29.9
2026-03-14 19:10:37,943 [INFO] FPS 30.1
2026-03-14 19:10:38,946 [INFO] FPS 29.9
2026-03-14 19:10:39,963 [INFO] FPS 29.5
2026-03-14 19:10:40,983 [INFO] FPS 30.4
2026-03-14 19:10:41,986 [INFO] FPS 29.9
2026-03-14 19:10:43,016 [INFO] FPS 30.1
2026-03-14 19:10:44,048 [INFO] FPS 30.1
2026-03-14 19:10:45,087 [INFO] FPS 29.8
2026-03-14 19:10:46,116 [INFO] FPS 30.1
2026-03-14 19:10:47,159 [INFO] FPS 29.7
2026-03-14 19:10:48,183 [INFO] FPS 30.3
2026-03-14 19:10:49,184 [INFO] FPS 30.0
2026-03-14 19:10:50,184 [INFO] FPS 30.0
2026-03-14 19:10:51,185 [INFO] FPS 30.0
2026-03-14 19:10:52,186 [INFO] FPS 30.0
2026-03-14 19:10:53,187 [INFO] FPS 30.0
2026-03-14 19:10:54,187 [INFO] FPS 30.0
2026-03-14 19:10:55,188 [INFO] FPS 30.0
2026-03-14 19:10:56,189 [INFO] FPS 30.0
2026-03-14 19:10:57,189 [INFO] FPS 30.0
2026-03-14 19:10:58,190 [INFO] FPS 30.0
2026-03-14 19:10:59,191 [INFO] FPS 30.0
2026-03-14 19:11:00,191 [INFO] FPS 30.0
2026-03-14 19:11:01,192 [INFO] FPS 30.0
2026-03-14 19:11:02,193 [INFO] FPS 30.0
2026-03-14 19:11:03,193 [INFO] FPS 30.0
2026-03-14 19:11:04,194 [INFO] FPS 30.0
2026-03-14 19:11:05,195 [INFO] FPS 30.0
2026-03-14 19:11:06,195 [INFO] FPS 30.0
2026-03-14 19:11:07,197 [INFO] FPS 30.0
2026-03-14 19:11:08,197 [INFO] FPS 30.0
2026-03-14 19:11:09,198 [INFO] FPS 30.0
2026-03-14 19:11:10,198 [INFO] FPS 30.0
2026-03-14 19:11:11,232 [INFO] FPS 30.0
2026-03-14 19:11:12,233 [INFO] FPS 30.0
2026-03-14 19:11:13,233 [INFO] FPS 30.0
2026-03-14 19:11:14,234 [INFO] FPS 30.0
2026-03-14 19:11:15,235 [INFO] FPS 30.0
2026-03-14 19:11:16,252 [INFO] FPS 29.5
2026-03-14 19:11:17,274 [INFO] FPS 30.3
2026-03-14 19:11:18,275 [INFO] FPS 30.0
2026-03-14 19:11:19,276 [INFO] FPS 30.0
2026-03-14 19:11:20,310 [INFO] FPS 30.0
2026-03-14 19:11:21,342 [INFO] FPS 30.1
2026-03-14 19:11:22,383 [INFO] FPS 29.8
2026-03-14 19:11:23,409 [INFO] FPS 30.2
2026-03-14 19:11:24,447 [INFO] FPS 29.9
2026-03-14 19:11:25,487 [INFO] FPS 29.8
2026-03-14 19:11:26,515 [INFO] FPS 30.1
2026-03-14 19:11:27,517 [INFO] FPS 29.9
2026-03-14 19:11:28,561 [INFO] FPS 29.7
2026-03-14 19:11:29,578 [INFO] FPS 30.5
2026-03-14 19:11:30,579 [INFO] FPS 30.0
2026-03-14 19:11:31,579 [INFO] FPS 30.0
2026-03-14 19:11:32,581 [INFO] FPS 29.0
2026-03-14 19:11:33,581 [INFO] FPS 30.0
2026-03-14 19:11:34,582 [INFO] FPS 30.0
2026-03-14 19:11:35,583 [INFO] FPS 30.0
2026-03-14 19:11:36,583 [INFO] FPS 30.0
2026-03-14 19:11:37,587 [INFO] FPS 29.9
2026-03-14 19:11:38,619 [INFO] FPS 30.0
2026-03-14 19:11:39,652 [INFO] FPS 30.0
2026-03-14 19:11:40,653 [INFO] FPS 30.0
2026-03-14 19:11:41,653 [INFO] FPS 30.0
2026-03-14 19:11:42,654 [INFO] FPS 30.0
2026-03-14 19:11:43,654 [INFO] FPS 30.0
2026-03-14 19:11:44,655 [INFO] FPS 30.0
2026-03-14 19:11:45,656 [INFO] FPS 30.0
2026-03-14 19:11:46,656 [INFO] FPS 30.0
2026-03-14 19:11:47,657 [INFO] FPS 30.0
2026-03-14 19:11:48,658 [INFO] FPS 30.0
2026-03-14 19:11:49,658 [INFO] FPS 30.0
2026-03-14 19:11:50,659 [INFO] FPS 30.0
2026-03-14 19:11:51,660 [INFO] FPS 30.0
2026-03-14 19:11:52,694 [INFO] FPS 30.0
2026-03-14 19:11:53,695 [INFO] FPS 30.0
2026-03-14 19:11:54,696 [INFO] FPS 30.0
2026-03-14 19:11:55,697 [INFO] FPS 30.0
2026-03-14 19:11:56,698 [INFO] FPS 30.0
2026-03-14 19:11:57,700 [INFO] FPS 29.9
2026-03-14 19:11:58,732 [INFO] FPS 30.0
2026-03-14 19:11:59,737 [INFO] FPS 29.9
2026-03-14 19:12:00,771 [INFO] FPS 30.0
2026-03-14 19:12:01,804 [INFO] FPS 30.0
2026-03-14 19:12:02,836 [INFO] FPS 30.0
2026-03-14 19:12:03,874 [INFO] FPS 29.9
2026-03-14 19:12:04,907 [INFO] FPS 30.0
2026-03-14 19:12:05,908 [INFO] FPS 30.0
2026-03-14 19:12:06,917 [INFO] FPS 29.7
2026-03-14 19:12:07,948 [INFO] FPS 30.1
2026-03-14 19:12:08,986 [INFO] FPS 29.9
2026-03-14 19:12:10,022 [INFO] FPS 29.9
2026-03-14 19:12:11,051 [INFO] FPS 30.1
2026-03-14 19:12:12,077 [INFO] FPS 30.2
2026-03-14 19:12:13,118 [INFO] FPS 29.8
2026-03-14 19:12:14,147 [INFO] FPS 30.1
2026-03-14 19:12:15,184 [INFO] FPS 29.9
2026-03-14 19:12:16,226 [INFO] FPS 29.7
2026-03-14 19:12:17,258 [INFO] FPS 30.1
2026-03-14 19:12:18,293 [INFO] FPS 29.9
2026-03-14 19:12:19,322 [INFO] FPS 30.1
2026-03-14 19:12:20,353 [INFO] FPS 30.1
2026-03-14 19:12:21,400 [INFO] FPS 29.6
2026-03-14 19:12:22,432 [INFO] FPS 30.0
2026-03-14 19:12:23,470 [INFO] FPS 29.9
2026-03-14 19:12:24,482 [INFO] FPS 30.6
2026-03-14 19:12:25,483 [INFO] FPS 30.0
2026-03-14 19:12:26,484 [INFO] FPS 30.0
2026-03-14 19:12:27,485 [INFO] FPS 30.0
2026-03-14 19:12:28,485 [INFO] FPS 30.0
2026-03-14 19:12:29,486 [INFO] FPS 30.0
2026-03-14 19:12:30,487 [INFO] FPS 30.0
2026-03-14 19:12:31,487 [INFO] FPS 30.0
2026-03-14 19:12:32,488 [INFO] FPS 30.0
2026-03-14 19:12:33,489 [INFO] FPS 30.0
2026-03-14 19:12:34,490 [INFO] FPS 30.0
2026-03-14 19:12:35,490 [INFO] FPS 30.0
2026-03-14 19:12:36,493 [INFO] FPS 29.9
2026-03-14 19:12:37,525 [INFO] FPS 30.0
2026-03-14 19:12:38,525 [INFO] FPS 30.0
2026-03-14 19:12:39,526 [INFO] FPS 30.0
2026-03-14 19:12:40,526 [INFO] FPS 30.0
2026-03-14 19:12:41,527 [INFO] FPS 30.0
2026-03-14 19:12:42,528 [INFO] FPS 30.0
2026-03-14 19:12:43,529 [INFO] FPS 30.0
2026-03-14 19:12:44,529 [INFO] FPS 30.0
2026-03-14 19:12:45,530 [INFO] FPS 30.0
2026-03-14 19:12:46,531 [INFO] FPS 30.0
2026-03-14 19:12:47,531 [INFO] FPS 30.0
2026-03-14 19:12:48,532 [INFO] FPS 30.0
2026-03-14 19:12:49,533 [INFO] FPS 30.0
2026-03-14 19:12:50,539 [INFO] FPS 29.8
2026-03-14 19:12:51,571 [INFO] FPS 30.1
2026-03-14 19:12:52,602 [INFO] FPS 30.1
2026-03-14 19:12:53,603 [INFO] FPS 30.0
2026-03-14 19:12:54,605 [INFO] FPS 29.9
2026-03-14 19:12:55,640 [INFO] FPS 30.0
2026-03-14 19:12:56,680 [INFO] FPS 29.8
2026-03-14 19:12:57,716 [INFO] FPS 29.9
2026-03-14 19:12:58,741 [INFO] FPS 30.2
2026-03-14 19:12:59,748 [INFO] FPS 29.8
2026-03-14 19:13:00,787 [INFO] FPS 29.8
2026-03-14 19:13:01,817 [INFO] FPS 30.1
2026-03-14 19:13:02,844 [INFO] FPS 30.2
2026-03-14 19:13:03,866 [INFO] FPS 29.4
2026-03-14 19:13:04,883 [INFO] FPS 30.5
2026-03-14 19:13:05,918 [INFO] FPS 30.0
2026-03-14 19:13:06,945 [INFO] FPS 30.2
2026-03-14 19:13:07,945 [INFO] FPS 30.0
2026-03-14 19:13:08,946 [INFO] FPS 30.0
2026-03-14 19:13:09,947 [INFO] FPS 30.0
2026-03-14 19:13:10,948 [INFO] FPS 30.0
2026-03-14 19:13:11,948 [INFO] FPS 30.0
2026-03-14 19:13:12,952 [INFO] FPS 29.9
2026-03-14 19:13:13,983 [INFO] FPS 30.1
2026-03-14 19:13:14,984 [INFO] FPS 30.0
2026-03-14 19:13:15,985 [INFO] FPS 30.0
2026-03-14 19:13:16,986 [INFO] FPS 29.9
2026-03-14 19:13:18,019 [INFO] FPS 30.0
2026-03-14 19:13:19,020 [INFO] FPS 30.0
2026-03-14 19:13:20,021 [INFO] FPS 30.0
2026-03-14 19:13:21,021 [INFO] FPS 30.0
2026-03-14 19:13:22,022 [INFO] FPS 30.0
2026-03-14 19:13:23,023 [INFO] FPS 30.0
2026-03-14 19:13:24,025 [INFO] FPS 30.0
2026-03-14 19:13:25,057 [INFO] FPS 30.0
2026-03-14 19:13:26,058 [INFO] FPS 30.0
2026-03-14 19:13:27,059 [INFO] FPS 30.0
2026-03-14 19:13:28,059 [INFO] FPS 30.0
2026-03-14 19:13:29,060 [INFO] FPS 30.0
2026-03-14 19:13:30,061 [INFO] FPS 30.0
2026-03-14 19:13:31,061 [INFO] FPS 30.0
2026-03-14 19:13:32,062 [INFO] FPS 30.0
2026-03-14 19:13:33,063 [INFO] FPS 30.0
2026-03-14 19:13:34,063 [INFO] FPS 30.0
2026-03-14 19:13:35,064 [INFO] FPS 30.0
2026-03-14 19:13:36,065 [INFO] FPS 30.0
2026-03-14 19:13:37,066 [INFO] FPS 30.0
2026-03-14 19:13:38,067 [INFO] FPS 30.0
2026-03-14 19:13:39,071 [INFO] FPS 29.9
2026-03-14 19:13:40,106 [INFO] FPS 29.9
2026-03-14 19:13:41,107 [INFO] FPS 30.0
2026-03-14 19:13:42,143 [INFO] FPS 29.9
2026-03-14 19:13:43,176 [INFO] FPS 30.0
2026-03-14 19:13:44,179 [INFO] FPS 29.9
2026-03-14 19:13:45,209 [INFO] FPS 30.1
2026-03-14 19:13:46,238 [INFO] FPS 30.1
2026-03-14 19:13:47,239 [INFO] FPS 30.0
2026-03-14 19:13:48,240 [INFO] FPS 30.0
2026-03-14 19:13:49,241 [INFO] FPS 30.0
2026-03-14 19:13:50,241 [INFO] FPS 30.0
2026-03-14 19:13:51,242 [INFO] FPS 30.0
2026-03-14 19:13:52,243 [INFO] FPS 30.0
2026-03-14 19:13:53,244 [INFO] FPS 30.0
2026-03-14 19:13:54,245 [INFO] FPS 30.0
2026-03-14 19:13:55,278 [INFO] FPS 30.0
2026-03-14 19:13:56,279 [INFO] FPS 30.0
2026-03-14 19:13:57,280 [INFO] FPS 30.0
2026-03-14 19:13:58,280 [INFO] FPS 30.0
2026-03-14 19:13:59,281 [INFO] FPS 30.0
2026-03-14 19:14:00,281 [INFO] FPS 30.0
2026-03-14 19:14:01,282 [INFO] FPS 30.0
2026-03-14 19:14:02,283 [INFO] FPS 30.0
2026-03-14 19:14:03,284 [INFO] FPS 30.0
2026-03-14 19:14:04,284 [INFO] FPS 30.0
2026-03-14 19:14:05,285 [INFO] FPS 30.0
2026-03-14 19:14:06,286 [INFO] FPS 30.0
2026-03-14 19:14:07,286 [INFO] FPS 30.0
2026-03-14 19:14:08,287 [INFO] FPS 30.0
2026-03-14 19:14:09,288 [INFO] FPS 30.0
2026-03-14 19:14:10,290 [INFO] FPS 29.9
2026-03-14 19:14:11,323 [INFO] FPS 30.0
2026-03-14 19:14:12,323 [INFO] FPS 30.0
2026-03-14 19:14:13,324 [INFO] FPS 30.0
2026-03-14 19:14:14,325 [INFO] FPS 30.0
2026-03-14 19:14:15,332 [INFO] FPS 29.8
2026-03-14 19:14:16,334 [INFO] FPS 28.9
2026-03-14 19:14:17,374 [INFO] FPS 29.8
2026-03-14 19:14:18,375 [INFO] FPS 30.0
2026-03-14 19:14:19,394 [INFO] FPS 30.4
2026-03-14 19:14:20,395 [INFO] FPS 30.0
2026-03-14 19:14:21,396 [INFO] FPS 30.0
2026-03-14 19:14:22,397 [INFO] FPS 30.0
2026-03-14 19:14:23,398 [INFO] FPS 30.0
2026-03-14 19:14:24,399 [INFO] FPS 30.0
2026-03-14 19:14:25,399 [INFO] FPS 30.0
2026-03-14 19:14:26,401 [INFO] FPS 30.0
2026-03-14 19:14:27,401 [INFO] FPS 30.0
2026-03-14 19:14:28,401 [INFO] FPS 30.0
2026-03-14 19:14:29,402 [INFO] FPS 30.0
2026-03-14 19:14:30,403 [INFO] FPS 30.0
2026-03-14 19:14:31,403 [INFO] FPS 30.0
2026-03-14 19:14:32,404 [INFO] FPS 30.0
2026-03-14 19:14:33,405 [INFO] FPS 30.0
2026-03-14 19:14:34,405 [INFO] FPS 30.0
2026-03-14 19:14:35,406 [INFO] FPS 30.0
2026-03-14 19:14:36,407 [INFO] FPS 30.0
2026-03-14 19:14:37,408 [INFO] FPS 30.0
2026-03-14 19:14:38,408 [INFO] FPS 30.0
2026-03-14 19:14:39,409 [INFO] FPS 30.0
2026-03-14 19:14:40,410 [INFO] FPS 30.0
2026-03-14 19:14:41,410 [INFO] FPS 30.0
2026-03-14 19:14:42,411 [INFO] FPS 30.0
2026-03-14 19:14:43,413 [INFO] FPS 29.9
2026-03-14 19:14:44,445 [INFO] FPS 30.0
2026-03-14 19:14:45,446 [INFO] FPS 30.0
2026-03-14 19:14:46,448 [INFO] FPS 29.9
2026-03-14 19:14:47,452 [INFO] FPS 29.9
2026-03-14 19:14:48,484 [INFO] FPS 30.0
2026-03-14 19:14:49,518 [INFO] FPS 30.0
2026-03-14 19:14:50,523 [INFO] FPS 29.9
2026-03-14 19:14:51,533 [INFO] FPS 29.7
2026-03-14 19:14:52,559 [INFO] FPS 30.2
2026-03-14 19:14:53,589 [INFO] FPS 30.1
2026-03-14 19:14:54,624 [INFO] FPS 30.0
2026-03-14 19:14:55,659 [INFO] FPS 29.9
2026-03-14 19:14:56,691 [INFO] FPS 30.1
2026-03-14 19:14:57,696 [INFO] FPS 29.9
2026-03-14 19:14:58,732 [INFO] FPS 29.9
2026-03-14 19:14:59,761 [INFO] FPS 30.1
2026-03-14 19:15:00,793 [INFO] FPS 30.1
2026-03-14 19:15:01,834 [INFO] FPS 29.8
2026-03-14 19:15:02,858 [INFO] FPS 30.3
2026-03-14 19:15:03,859 [INFO] FPS 30.0
2026-03-14 19:15:04,860 [INFO] FPS 30.0
2026-03-14 19:15:05,894 [INFO] FPS 30.0
2026-03-14 19:15:06,895 [INFO] FPS 30.0
2026-03-14 19:15:07,895 [INFO] FPS 30.0
2026-03-14 19:15:08,896 [INFO] FPS 30.0
2026-03-14 19:15:09,896 [INFO] FPS 30.0
2026-03-14 19:15:10,897 [INFO] FPS 30.0
2026-03-14 19:15:11,898 [INFO] FPS 30.0
2026-03-14 19:15:12,898 [INFO] FPS 30.0
2026-03-14 19:15:13,899 [INFO] FPS 30.0
2026-03-14 19:15:14,900 [INFO] FPS 30.0
2026-03-14 19:15:15,900 [INFO] FPS 30.0
2026-03-14 19:15:16,901 [INFO] FPS 30.0
2026-03-14 19:15:17,902 [INFO] FPS 30.0
2026-03-14 19:15:18,903 [INFO] FPS 30.0
2026-03-14 19:15:19,903 [INFO] FPS 30.0
2026-03-14 19:15:20,904 [INFO] FPS 30.0
2026-03-14 19:15:21,905 [INFO] FPS 30.0
2026-03-14 19:15:22,905 [INFO] FPS 30.0
2026-03-14 19:15:23,906 [INFO] FPS 30.0
2026-03-14 19:15:24,907 [INFO] FPS 30.0
2026-03-14 19:15:25,907 [INFO] FPS 30.0
2026-03-14 19:15:26,908 [INFO] FPS 30.0
2026-03-14 19:15:27,909 [INFO] FPS 30.0
2026-03-14 19:15:28,909 [INFO] FPS 30.0
2026-03-14 19:15:29,911 [INFO] FPS 30.0
2026-03-14 19:15:30,913 [INFO] FPS 29.9
2026-03-14 19:15:31,919 [INFO] FPS 29.8
2026-03-14 19:15:32,947 [INFO] FPS 30.1
2026-03-14 19:15:33,950 [INFO] FPS 29.9
2026-03-14 19:15:34,955 [INFO] FPS 29.9
2026-03-14 19:15:35,958 [INFO] FPS 29.9
2026-03-14 19:15:36,994 [INFO] FPS 29.9
2026-03-14 19:15:38,027 [INFO] FPS 30.0
2026-03-14 19:15:39,055 [INFO] FPS 30.2
2026-03-14 19:15:40,090 [INFO] FPS 29.9
2026-03-14 19:15:41,118 [INFO] FPS 30.2
2026-03-14 19:15:42,123 [INFO] FPS 29.9
2026-03-14 19:15:43,126 [INFO] FPS 29.9
2026-03-14 19:15:44,156 [INFO] FPS 30.1
2026-03-14 19:15:45,191 [INFO] FPS 29.9
2026-03-14 19:15:46,221 [INFO] FPS 30.1
2026-03-14 19:15:47,228 [INFO] FPS 29.8
2026-03-14 19:15:48,256 [INFO] FPS 30.1
2026-03-14 19:15:49,257 [INFO] FPS 30.0
2026-03-14 19:15:50,258 [INFO] FPS 30.0
2026-03-14 19:15:51,258 [INFO] FPS 30.0
2026-03-14 19:15:52,259 [INFO] FPS 30.0
2026-03-14 19:15:53,260 [INFO] FPS 30.0
2026-03-14 19:15:54,260 [INFO] FPS 30.0
2026-03-14 19:15:55,261 [INFO] FPS 30.0
2026-03-14 19:15:56,262 [INFO] FPS 30.0
2026-03-14 19:15:57,264 [INFO] FPS 30.0
2026-03-14 19:15:58,268 [INFO] FPS 29.9
2026-03-14 19:15:59,297 [INFO] FPS 30.1
2026-03-14 19:16:00,298 [INFO] FPS 30.0
2026-03-14 19:16:01,299 [INFO] FPS 30.0
2026-03-14 19:16:02,300 [INFO] FPS 30.0
2026-03-14 19:16:03,300 [INFO] FPS 30.0
2026-03-14 19:16:04,301 [INFO] FPS 30.0
2026-03-14 19:16:05,302 [INFO] FPS 30.0
2026-03-14 19:16:06,303 [INFO] FPS 30.0
2026-03-14 19:16:07,304 [INFO] FPS 30.0
2026-03-14 19:16:08,337 [INFO] FPS 30.0
2026-03-14 19:16:09,340 [INFO] FPS 29.9
2026-03-14 19:16:10,372 [INFO] FPS 30.0
2026-03-14 19:16:11,373 [INFO] FPS 30.0
2026-03-14 19:16:12,376 [INFO] FPS 29.9
2026-03-14 19:16:13,378 [INFO] FPS 29.9
2026-03-14 19:16:14,408 [INFO] FPS 30.1
2026-03-14 19:16:15,413 [INFO] FPS 29.9
2026-03-14 19:16:16,444 [INFO] FPS 30.1
2026-03-14 19:16:17,477 [INFO] FPS 30.0
2026-03-14 19:16:18,478 [INFO] FPS 30.0
2026-03-14 19:16:19,489 [INFO] FPS 29.7
2026-03-14 19:16:20,490 [INFO] FPS 30.0
2026-03-14 19:16:21,519 [INFO] FPS 30.3
2026-03-14 19:16:22,524 [INFO] FPS 29.8
2026-03-14 19:16:23,548 [INFO] FPS 30.2
2026-03-14 19:16:24,548 [INFO] FPS 30.0
2026-03-14 19:16:25,549 [INFO] FPS 30.0
2026-03-14 19:16:26,550 [INFO] FPS 30.0
2026-03-14 19:16:27,551 [INFO] FPS 30.0
2026-03-14 19:16:28,552 [INFO] FPS 30.0
2026-03-14 19:16:29,552 [INFO] FPS 30.0
2026-03-14 19:16:30,553 [INFO] FPS 30.0
2026-03-14 19:16:31,553 [INFO] FPS 30.0
2026-03-14 19:16:32,555 [INFO] FPS 30.0
2026-03-14 19:16:33,555 [INFO] FPS 30.0
2026-03-14 19:16:34,562 [INFO] FPS 29.8
2026-03-14 19:16:35,589 [INFO] FPS 30.2
2026-03-14 19:16:36,590 [INFO] FPS 30.0
2026-03-14 19:16:37,591 [INFO] FPS 30.0
2026-03-14 19:16:38,591 [INFO] FPS 30.0
2026-03-14 19:16:39,592 [INFO] FPS 30.0
2026-03-14 19:16:40,593 [INFO] FPS 30.0
2026-03-14 19:16:41,593 [INFO] FPS 30.0
2026-03-14 19:16:42,594 [INFO] FPS 30.0
2026-03-14 19:16:43,595 [INFO] FPS 30.0
2026-03-14 19:16:44,595 [INFO] FPS 30.0
2026-03-14 19:16:45,596 [INFO] FPS 30.0
2026-03-14 19:16:46,597 [INFO] FPS 30.0
2026-03-14 19:16:47,598 [INFO] FPS 30.0
2026-03-14 19:16:48,598 [INFO] FPS 30.0
2026-03-14 19:16:49,599 [INFO] FPS 30.0
2026-03-14 19:16:50,600 [INFO] FPS 30.0
2026-03-14 19:16:51,600 [INFO] FPS 30.0
2026-03-14 19:16:52,601 [INFO] FPS 30.0
2026-03-14 19:16:53,605 [INFO] FPS 29.9
2026-03-14 19:16:54,612 [INFO] FPS 29.8
2026-03-14 19:16:55,646 [INFO] FPS 30.0
2026-03-14 19:16:56,673 [INFO] FPS 30.2
2026-03-14 19:16:57,705 [INFO] FPS 30.0
2026-03-14 19:16:58,709 [INFO] FPS 29.9
2026-03-14 19:16:59,744 [INFO] FPS 30.0
2026-03-14 19:17:00,777 [INFO] FPS 30.0
2026-03-14 19:17:01,782 [INFO] FPS 29.8
2026-03-14 19:17:02,832 [INFO] FPS 29.5
2026-03-14 19:17:03,855 [INFO] FPS 30.3
2026-03-14 19:17:04,876 [INFO] FPS 30.4
2026-03-14 19:17:05,877 [INFO] FPS 30.0
2026-03-14 19:17:06,877 [INFO] FPS 30.0
2026-03-14 19:17:07,878 [INFO] FPS 30.0
2026-03-14 19:17:08,879 [INFO] FPS 30.0
2026-03-14 19:17:09,880 [INFO] FPS 30.0
2026-03-14 19:17:10,880 [INFO] FPS 30.0
2026-03-14 19:17:11,881 [INFO] FPS 30.0
2026-03-14 19:17:12,882 [INFO] FPS 30.0
2026-03-14 19:17:13,882 [INFO] FPS 30.0
2026-03-14 19:17:14,883 [INFO] FPS 30.0
2026-03-14 19:17:15,884 [INFO] FPS 30.0
2026-03-14 19:17:16,885 [INFO] FPS 30.0
2026-03-14 19:17:17,886 [INFO] FPS 30.0
2026-03-14 19:17:18,886 [INFO] FPS 30.0
2026-03-14 19:17:19,887 [INFO] FPS 30.0
2026-03-14 19:17:20,887 [INFO] FPS 30.0
2026-03-14 19:17:21,889 [INFO] FPS 30.0
2026-03-14 19:17:22,889 [INFO] FPS 30.0
2026-03-14 19:17:23,890 [INFO] FPS 30.0
2026-03-14 19:17:24,891 [INFO] FPS 30.0
2026-03-14 19:17:25,891 [INFO] FPS 30.0
2026-03-14 19:17:26,925 [INFO] FPS 30.0
2026-03-14 19:17:27,928 [INFO] FPS 29.9
2026-03-14 19:17:28,959 [INFO] FPS 30.0
2026-03-14 19:17:29,960 [INFO] FPS 30.0
2026-03-14 19:17:30,961 [INFO] FPS 30.0
2026-03-14 19:17:31,961 [INFO] FPS 30.0
2026-03-14 19:17:32,962 [INFO] FPS 30.0
2026-03-14 19:17:33,963 [INFO] FPS 30.0
2026-03-14 19:17:34,963 [INFO] FPS 30.0
2026-03-14 19:17:35,965 [INFO] FPS 30.0
2026-03-14 19:17:36,979 [INFO] FPS 29.6
2026-03-14 19:17:38,000 [INFO] FPS 30.3
2026-03-14 19:17:39,021 [INFO] FPS 29.4
2026-03-14 19:17:40,047 [INFO] FPS 30.2
2026-03-14 19:17:41,068 [INFO] FPS 30.4
2026-03-14 19:17:42,069 [INFO] FPS 30.0
2026-03-14 19:17:43,069 [INFO] FPS 30.0
2026-03-14 19:17:44,070 [INFO] FPS 30.0
2026-03-14 19:17:45,071 [INFO] FPS 30.0
2026-03-14 19:17:46,072 [INFO] FPS 30.0
2026-03-14 19:17:47,072 [INFO] FPS 30.0
2026-03-14 19:17:48,073 [INFO] FPS 30.0
2026-03-14 19:17:49,075 [INFO] FPS 29.9
2026-03-14 19:17:50,108 [INFO] FPS 30.0
2026-03-14 19:17:51,108 [INFO] FPS 30.0
2026-03-14 19:17:52,109 [INFO] FPS 30.0
2026-03-14 19:17:53,112 [INFO] FPS 29.9
2026-03-14 19:17:54,144 [INFO] FPS 30.0
2026-03-14 19:17:55,145 [INFO] FPS 30.0
2026-03-14 19:17:56,146 [INFO] FPS 30.0
2026-03-14 19:17:57,146 [INFO] FPS 30.0
2026-03-14 19:17:58,147 [INFO] FPS 30.0
2026-03-14 19:17:59,147 [INFO] FPS 30.0
2026-03-14 19:18:00,148 [INFO] FPS 30.0
2026-03-14 19:18:01,149 [INFO] FPS 30.0
2026-03-14 19:18:02,150 [INFO] FPS 30.0
2026-03-14 19:18:03,150 [INFO] FPS 30.0
2026-03-14 19:18:04,151 [INFO] FPS 30.0
2026-03-14 19:18:05,152 [INFO] FPS 30.0
2026-03-14 19:18:06,152 [INFO] FPS 30.0
2026-03-14 19:18:07,153 [INFO] FPS 30.0
2026-03-14 19:18:08,154 [INFO] FPS 30.0
2026-03-14 19:18:09,156 [INFO] FPS 29.9
2026-03-14 19:18:10,156 [INFO] FPS 30.0
2026-03-14 19:18:11,166 [INFO] FPS 29.7
2026-03-14 19:18:12,197 [INFO] FPS 30.1
2026-03-14 19:18:13,198 [INFO] FPS 30.0
2026-03-14 19:18:14,228 [INFO] FPS 30.1
2026-03-14 19:18:15,262 [INFO] FPS 30.0
2026-03-14 19:18:16,302 [INFO] FPS 29.8
2026-03-14 19:18:17,328 [INFO] FPS 30.2
2026-03-14 19:18:18,334 [INFO] FPS 29.8
2026-03-14 19:18:19,362 [INFO] FPS 30.2
2026-03-14 19:18:20,362 [INFO] FPS 30.0
2026-03-14 19:18:21,364 [INFO] FPS 29.9
2026-03-14 19:18:22,367 [INFO] FPS 29.9
2026-03-14 19:18:23,398 [INFO] FPS 30.1
2026-03-14 19:18:24,398 [INFO] FPS 30.0
2026-03-14 19:18:25,400 [INFO] FPS 30.0
2026-03-14 19:18:26,401 [INFO] FPS 30.0
2026-03-14 19:18:27,434 [INFO] FPS 30.0
2026-03-14 19:18:28,435 [INFO] FPS 30.0
2026-03-14 19:18:29,436 [INFO] FPS 30.0
2026-03-14 19:18:30,436 [INFO] FPS 30.0
2026-03-14 19:18:31,437 [INFO] FPS 30.0
2026-03-14 19:18:32,437 [INFO] FPS 30.0
2026-03-14 19:18:33,438 [INFO] FPS 30.0
2026-03-14 19:18:34,441 [INFO] FPS 29.9
2026-03-14 19:18:35,473 [INFO] FPS 30.0
2026-03-14 19:18:36,474 [INFO] FPS 30.0
2026-03-14 19:18:37,474 [INFO] FPS 30.0
2026-03-14 19:18:38,475 [INFO] FPS 30.0
2026-03-14 19:18:39,476 [INFO] FPS 30.0
2026-03-14 19:18:40,477 [INFO] FPS 30.0
2026-03-14 19:18:41,477 [INFO] FPS 30.0
2026-03-14 19:18:42,478 [INFO] FPS 30.0
2026-03-14 19:18:43,479 [INFO] FPS 30.0
2026-03-14 19:18:44,479 [INFO] FPS 30.0
2026-03-14 19:18:45,479 [INFO] FPS 30.0
2026-03-14 19:18:46,480 [INFO] FPS 30.0
2026-03-14 19:18:47,482 [INFO] FPS 30.0
2026-03-14 19:18:48,483 [INFO] FPS 30.0
2026-03-14 19:18:49,486 [INFO] FPS 29.9
2026-03-14 19:18:50,518 [INFO] FPS 30.0
2026-03-14 19:18:51,554 [INFO] FPS 29.9
2026-03-14 19:18:52,591 [INFO] FPS 29.9
2026-03-14 19:18:53,621 [INFO] FPS 30.1
2026-03-14 19:18:54,668 [INFO] FPS 29.6
2026-03-14 19:18:55,697 [INFO] FPS 30.1
2026-03-14 19:18:56,726 [INFO] FPS 30.1
2026-03-14 19:18:57,730 [INFO] FPS 29.9
2026-03-14 19:18:58,761 [INFO] FPS 30.1
2026-03-14 19:18:59,798 [INFO] FPS 29.9
2026-03-14 19:19:00,828 [INFO] FPS 30.1
2026-03-14 19:19:01,878 [INFO] FPS 29.5
2026-03-14 19:19:02,892 [INFO] FPS 30.6
2026-03-14 19:19:03,894 [INFO] FPS 30.0
2026-03-14 19:19:04,927 [INFO] FPS 30.0
2026-03-14 19:19:05,928 [INFO] FPS 30.0
2026-03-14 19:19:06,929 [INFO] FPS 30.0
2026-03-14 19:19:07,929 [INFO] FPS 30.0
2026-03-14 19:19:08,942 [INFO] FPS 29.6
2026-03-14 19:19:09,964 [INFO] FPS 30.3
2026-03-14 19:19:10,965 [INFO] FPS 30.0
2026-03-14 19:19:11,965 [INFO] FPS 30.0
2026-03-14 19:19:12,966 [INFO] FPS 30.0
2026-03-14 19:19:13,967 [INFO] FPS 30.0
2026-03-14 19:19:14,967 [INFO] FPS 30.0
2026-03-14 19:19:15,968 [INFO] FPS 30.0
2026-03-14 19:19:16,969 [INFO] FPS 30.0
2026-03-14 19:19:17,970 [INFO] FPS 30.0
2026-03-14 19:19:18,970 [INFO] FPS 30.0
2026-03-14 19:19:19,972 [INFO] FPS 29.9
2026-03-14 19:19:20,976 [INFO] FPS 29.9
2026-03-14 19:19:22,006 [INFO] FPS 30.1
2026-03-14 19:19:23,007 [INFO] FPS 30.0
2026-03-14 19:19:24,007 [INFO] FPS 30.0
2026-03-14 19:19:25,008 [INFO] FPS 30.0
2026-03-14 19:19:26,009 [INFO] FPS 30.0
2026-03-14 19:19:27,042 [INFO] FPS 30.0
2026-03-14 19:19:28,043 [INFO] FPS 30.0
2026-03-14 19:19:29,044 [INFO] FPS 30.0
2026-03-14 19:19:30,045 [INFO] FPS 30.0
2026-03-14 19:19:31,045 [INFO] FPS 30.0
2026-03-14 19:19:32,046 [INFO] FPS 30.0
2026-03-14 19:19:33,047 [INFO] FPS 30.0
2026-03-14 19:19:34,055 [INFO] FPS 29.8
2026-03-14 19:19:35,083 [INFO] FPS 30.2
2026-03-14 19:19:36,090 [INFO] FPS 29.8
2026-03-14 19:19:37,123 [INFO] FPS 30.0
2026-03-14 19:19:38,150 [INFO] FPS 30.2
2026-03-14 19:19:39,162 [INFO] FPS 29.6
2026-03-14 19:19:40,195 [INFO] FPS 30.0
2026-03-14 19:19:41,224 [INFO] FPS 30.1
2026-03-14 19:19:42,237 [INFO] FPS 29.6
2026-03-14 19:19:43,258 [INFO] FPS 30.4
2026-03-14 19:19:44,290 [INFO] FPS 30.0
2026-03-14 19:19:45,293 [INFO] FPS 29.9
2026-03-14 19:19:46,336 [INFO] FPS 29.7
2026-03-14 19:19:47,358 [INFO] FPS 30.3
2026-03-14 19:19:48,366 [INFO] FPS 29.7
2026-03-14 19:19:49,399 [INFO] FPS 30.0
2026-03-14 19:19:50,440 [INFO] FPS 29.8
2026-03-14 19:19:51,459 [INFO] FPS 30.4
2026-03-14 19:19:52,460 [INFO] FPS 30.0
2026-03-14 19:19:53,461 [INFO] FPS 30.0
2026-03-14 19:19:54,461 [INFO] FPS 30.0
2026-03-14 19:19:55,462 [INFO] FPS 30.0
2026-03-14 19:19:56,463 [INFO] FPS 30.0
2026-03-14 19:19:57,464 [INFO] FPS 30.0
2026-03-14 19:19:58,464 [INFO] FPS 30.0
2026-03-14 19:19:59,465 [INFO] FPS 30.0
2026-03-14 19:20:00,466 [INFO] FPS 30.0
2026-03-14 19:20:01,467 [INFO] FPS 30.0
2026-03-14 19:20:02,467 [INFO] FPS 30.0
2026-03-14 19:20:03,468 [INFO] FPS 30.0
2026-03-14 19:20:04,468 [INFO] FPS 30.0
2026-03-14 19:20:05,469 [INFO] FPS 30.0
2026-03-14 19:20:06,470 [INFO] FPS 30.0
2026-03-14 19:20:07,471 [INFO] FPS 30.0
2026-03-14 19:20:08,471 [INFO] FPS 30.0
2026-03-14 19:20:09,472 [INFO] FPS 30.0
2026-03-14 19:20:10,473 [INFO] FPS 30.0
2026-03-14 19:20:11,473 [INFO] FPS 30.0
2026-03-14 19:20:12,474 [INFO] FPS 30.0
2026-03-14 19:20:13,475 [INFO] FPS 30.0
2026-03-14 19:20:14,476 [INFO] FPS 30.0
2026-03-14 19:20:15,476 [INFO] FPS 30.0
2026-03-14 19:20:16,477 [INFO] FPS 30.0
2026-03-14 19:20:17,477 [INFO] FPS 30.0
2026-03-14 19:20:18,479 [INFO] FPS 29.9
2026-03-14 19:20:19,487 [INFO] FPS 29.8
2026-03-14 19:20:20,516 [INFO] FPS 30.1
2026-03-14 19:20:21,520 [INFO] FPS 29.9
2026-03-14 19:20:22,550 [INFO] FPS 30.1
2026-03-14 19:20:23,587 [INFO] FPS 29.9
2026-03-14 19:20:24,589 [INFO] FPS 29.9
2026-03-14 19:20:25,620 [INFO] FPS 30.1
2026-03-14 19:20:26,632 [INFO] FPS 29.7
2026-03-14 19:20:27,653 [INFO] FPS 30.3
2026-03-14 19:20:28,690 [INFO] FPS 29.9
2026-03-14 19:20:29,724 [INFO] FPS 30.0
2026-03-14 19:20:30,754 [INFO] FPS 30.1
2026-03-14 19:20:31,755 [INFO] FPS 30.0
2026-03-14 19:20:32,756 [INFO] FPS 30.0
2026-03-14 19:20:33,756 [INFO] FPS 30.0
2026-03-14 19:20:34,756 [INFO] FPS 30.0
2026-03-14 19:20:35,757 [INFO] FPS 30.0
2026-03-14 19:20:36,758 [INFO] FPS 30.0
2026-03-14 19:20:37,759 [INFO] FPS 30.0
2026-03-14 19:20:38,761 [INFO] FPS 29.9
2026-03-14 19:20:39,794 [INFO] FPS 30.0
2026-03-14 19:20:40,794 [INFO] FPS 30.0
2026-03-14 19:20:41,799 [INFO] FPS 29.9
2026-03-14 19:20:42,829 [INFO] FPS 30.1
2026-03-14 19:20:43,830 [INFO] FPS 30.0
2026-03-14 19:20:44,830 [INFO] FPS 30.0
2026-03-14 19:20:45,831 [INFO] FPS 30.0
2026-03-14 19:20:46,832 [INFO] FPS 30.0
2026-03-14 19:20:47,832 [INFO] FPS 30.0
2026-03-14 19:20:48,833 [INFO] FPS 30.0
2026-03-14 19:20:49,834 [INFO] FPS 30.0
2026-03-14 19:20:50,834 [INFO] FPS 30.0
2026-03-14 19:20:51,835 [INFO] FPS 30.0
2026-03-14 19:20:52,836 [INFO] FPS 30.0
2026-03-14 19:20:53,837 [INFO] FPS 30.0
2026-03-14 19:20:54,838 [INFO] FPS 30.0
2026-03-14 19:20:55,839 [INFO] FPS 30.0
2026-03-14 19:20:56,872 [INFO] FPS 30.0
2026-03-14 19:20:57,873 [INFO] FPS 30.0
2026-03-14 19:20:58,874 [INFO] FPS 30.0
2026-03-14 19:20:59,874 [INFO] FPS 30.0
2026-03-14 19:21:00,875 [INFO] FPS 30.0
2026-03-14 19:21:01,876 [INFO] FPS 30.0
2026-03-14 19:21:02,878 [INFO] FPS 29.9
2026-03-14 19:21:03,880 [INFO] FPS 29.9
2026-03-14 19:21:04,885 [INFO] FPS 29.9
2026-03-14 19:21:05,918 [INFO] FPS 30.0
2026-03-14 19:21:06,954 [INFO] FPS 29.9
2026-03-14 19:21:07,982 [INFO] FPS 30.1
2026-03-14 19:21:08,984 [INFO] FPS 29.9
2026-03-14 19:21:10,018 [INFO] FPS 30.0
2026-03-14 19:21:11,049 [INFO] FPS 30.1
2026-03-14 19:21:12,049 [INFO] FPS 30.0
2026-03-14 19:21:13,050 [INFO] FPS 29.0
2026-03-14 19:21:14,051 [INFO] FPS 30.0
2026-03-14 19:21:15,052 [INFO] FPS 30.0
2026-03-14 19:21:16,052 [INFO] FPS 30.0
2026-03-14 19:21:17,053 [INFO] FPS 30.0
2026-03-14 19:21:18,054 [INFO] FPS 30.0
2026-03-14 19:21:19,055 [INFO] FPS 30.0
2026-03-14 19:21:20,055 [INFO] FPS 30.0
2026-03-14 19:21:21,056 [INFO] FPS 30.0
2026-03-14 19:21:22,057 [INFO] FPS 30.0
2026-03-14 19:21:23,062 [INFO] FPS 29.9
2026-03-14 19:21:24,092 [INFO] FPS 30.1
2026-03-14 19:21:25,096 [INFO] FPS 29.9
2026-03-14 19:21:26,126 [INFO] FPS 30.1
2026-03-14 19:21:27,127 [INFO] FPS 30.0
2026-03-14 19:21:28,127 [INFO] FPS 30.0
2026-03-14 19:21:29,128 [INFO] FPS 30.0
2026-03-14 19:21:30,128 [INFO] FPS 30.0
2026-03-14 19:21:31,129 [INFO] FPS 30.0
2026-03-14 19:21:32,130 [INFO] FPS 30.0
2026-03-14 19:21:33,131 [INFO] FPS 30.0
2026-03-14 19:21:34,132 [INFO] FPS 30.0
2026-03-14 19:21:35,132 [INFO] FPS 30.0
2026-03-14 19:21:36,133 [INFO] FPS 30.0
2026-03-14 19:21:37,133 [INFO] FPS 30.0
2026-03-14 19:21:38,135 [INFO] FPS 30.0
2026-03-14 19:21:39,135 [INFO] FPS 30.0
2026-03-14 19:21:40,136 [INFO] FPS 30.0
2026-03-14 19:21:41,136 [INFO] FPS 30.0
2026-03-14 19:21:42,138 [INFO] FPS 30.0
2026-03-14 19:21:43,140 [INFO] FPS 29.9
2026-03-14 19:21:44,144 [INFO] FPS 29.9
2026-03-14 19:21:45,149 [INFO] FPS 29.8
2026-03-14 19:21:46,179 [INFO] FPS 30.1
2026-03-14 19:21:47,217 [INFO] FPS 29.9
2026-03-14 19:21:48,249 [INFO] FPS 30.0
2026-03-14 19:21:49,278 [INFO] FPS 30.1
2026-03-14 19:21:50,285 [INFO] FPS 29.8
2026-03-14 19:21:51,310 [INFO] FPS 30.2
2026-03-14 19:21:52,311 [INFO] FPS 30.0
2026-03-14 19:21:53,312 [INFO] FPS 30.0
2026-03-14 19:21:54,312 [INFO] FPS 30.0
2026-03-14 19:21:55,313 [INFO] FPS 30.0
2026-03-14 19:21:56,314 [INFO] FPS 30.0
2026-03-14 19:21:57,315 [INFO] FPS 30.0
2026-03-14 19:21:58,315 [INFO] FPS 30.0
2026-03-14 19:21:59,316 [INFO] FPS 30.0
2026-03-14 19:22:00,317 [INFO] FPS 30.0
2026-03-14 19:22:01,317 [INFO] FPS 30.0
2026-03-14 19:22:02,318 [INFO] FPS 30.0
2026-03-14 19:22:03,319 [INFO] FPS 30.0
2026-03-14 19:22:04,320 [INFO] FPS 30.0
2026-03-14 19:22:05,320 [INFO] FPS 30.0
2026-03-14 19:22:06,321 [INFO] FPS 30.0
2026-03-14 19:22:07,322 [INFO] FPS 30.0
2026-03-14 19:22:08,322 [INFO] FPS 30.0
2026-03-14 19:22:09,323 [INFO] FPS 30.0
2026-03-14 19:22:10,324 [INFO] FPS 30.0
2026-03-14 19:22:11,324 [INFO] FPS 30.0
2026-03-14 19:22:12,325 [INFO] FPS 30.0
2026-03-14 19:22:13,326 [INFO] FPS 30.0
2026-03-14 19:22:14,327 [INFO] FPS 30.0
2026-03-14 19:22:15,327 [INFO] FPS 30.0
2026-03-14 19:22:16,328 [INFO] FPS 30.0
2026-03-14 19:22:17,328 [INFO] FPS 30.0
2026-03-14 19:22:18,330 [INFO] FPS 30.0
2026-03-14 19:22:19,337 [INFO] FPS 29.8
2026-03-14 19:22:20,366 [INFO] FPS 30.1
2026-03-14 19:22:21,373 [INFO] FPS 29.8
2026-03-14 19:22:22,403 [INFO] FPS 30.1
2026-03-14 19:22:23,414 [INFO] FPS 29.7
2026-03-14 19:22:24,438 [INFO] FPS 30.3
2026-03-14 19:22:25,438 [INFO] FPS 30.0
2026-03-14 19:22:26,469 [INFO] FPS 30.1
2026-03-14 19:22:27,469 [INFO] FPS 30.0
2026-03-14 19:22:28,470 [INFO] FPS 30.0
2026-03-14 19:22:29,474 [INFO] FPS 29.9
2026-03-14 19:22:30,505 [INFO] FPS 30.1
2026-03-14 19:22:31,508 [INFO] FPS 29.9
2026-03-14 19:22:32,540 [INFO] FPS 30.1
2026-03-14 19:22:33,541 [INFO] FPS 29.9
2026-03-14 19:22:34,542 [INFO] FPS 30.0
2026-03-14 19:22:35,546 [INFO] FPS 29.9
2026-03-14 19:22:36,576 [INFO] FPS 30.1
2026-03-14 19:22:37,616 [INFO] FPS 29.8
2026-03-14 19:22:38,644 [INFO] FPS 30.1
2026-03-14 19:22:39,645 [INFO] FPS 30.0
2026-03-14 19:22:40,645 [INFO] FPS 30.0
2026-03-14 19:22:41,652 [INFO] FPS 29.8
2026-03-14 19:22:42,680 [INFO] FPS 30.1
2026-03-14 19:22:43,681 [INFO] FPS 30.0
2026-03-14 19:22:44,681 [INFO] FPS 30.0
2026-03-14 19:22:45,682 [INFO] FPS 30.0
