2026-03-20 16:31:12,420 [INFO] YOLO stream program started
2026-03-20 16:31:12,822 [INFO] YOLO model loaded: yolo11n.pt
2026-03-20 16:31:12,825 [INFO] Starting RealSense pipeline
2026-03-20 16:31:12,826 [INFO] Streaming on http://0.0.0.0:8000/stream
2026-03-20 16:31:13,317 [INFO] RealSense pipeline started successfully
2026-03-20 16:31:13,378 [INFO] [31m[1mWARNING: This is a development server. Do not use it in a production deployment. Use a production WSGI server instead.[0m
 * Running on all addresses (0.0.0.0)
 * Running on http://127.0.0.1:8000
 * Running on http://10.0.0.168:8000
2026-03-20 16:31:13,378 [INFO] [33mPress CTRL+C to quit[0m
2026-03-20 16:31:15,340 [INFO] FPS 0.4, detections 0, infer 1466.4 ms
2026-03-20 16:31:15,553 [INFO] 127.0.0.1 - - [20/Mar/2026 16:31:15] "GET / HTTP/1.1" 200 -
2026-03-20 16:31:15,610 [INFO] MJPEG stream client connected
2026-03-20 16:31:15,611 [INFO] 127.0.0.1 - - [20/Mar/2026 16:31:15] "GET /stream HTTP/1.1" 200 -
2026-03-20 16:31:16,360 [INFO] FPS 2.0, detections 0, infer 640.0 ms
2026-03-20 16:31:17,495 [INFO] FPS 1.8, detections 0, infer 534.7 ms
2026-03-20 16:31:18,836 [INFO] FPS 2.2, detections 1, infer 509.0 ms
2026-03-20 16:31:19,851 [INFO] FPS 2.0, detections 0, infer 604.3 ms
2026-03-20 16:31:20,858 [INFO] FPS 2.0, detections 0, infer 594.9 ms
2026-03-20 16:31:22,068 [INFO] FPS 1.7, detections 1, infer 622.1 ms
2026-03-20 16:31:23,224 [INFO] FPS 1.7, detections 1, infer 459.8 ms
2026-03-20 16:31:24,235 [INFO] FPS 2.0, detections 1, infer 427.8 ms
2026-03-20 16:31:25,236 [INFO] FPS 2.0, detections 1, infer 433.5 ms
2026-03-20 16:31:26,343 [INFO] FPS 1.8, detections 1, infer 512.0 ms
2026-03-20 16:31:27,447 [INFO] FPS 1.8, detections 1, infer 515.0 ms
2026-03-20 16:31:28,535 [INFO] FPS 1.8, detections 1, infer 504.6 ms
2026-03-20 16:31:29,584 [INFO] FPS 1.9, detections 2, infer 478.5 ms
2026-03-20 16:31:30,696 [INFO] FPS 1.8, detections 1, infer 489.0 ms
2026-03-20 16:31:31,830 [INFO] FPS 1.8, detections 1, infer 560.6 ms
2026-03-20 16:31:32,905 [INFO] FPS 1.9, detections 1, infer 472.0 ms
2026-03-20 16:31:33,970 [INFO] FPS 1.9, detections 1, infer 437.2 ms
2026-03-20 16:31:35,507 [INFO] FPS 2.0, detections 1, infer 577.6 ms
2026-03-20 16:31:36,558 [INFO] FPS 1.9, detections 2, infer 584.0 ms
2026-03-20 16:31:37,987 [INFO] FPS 2.1, detections 1, infer 428.9 ms
2026-03-20 16:31:39,053 [INFO] FPS 1.9, detections 1, infer 435.2 ms
2026-03-20 16:31:40,096 [INFO] FPS 1.9, detections 1, infer 442.9 ms
2026-03-20 16:31:41,131 [INFO] FPS 1.9, detections 1, infer 461.1 ms
2026-03-20 16:31:42,165 [INFO] FPS 1.9, detections 1, infer 469.4 ms
2026-03-20 16:31:43,172 [INFO] FPS 2.0, detections 1, infer 421.0 ms
2026-03-20 16:31:44,208 [INFO] FPS 1.9, detections 1, infer 411.9 ms
2026-03-20 16:31:45,742 [INFO] FPS 2.0, detections 1, infer 542.9 ms
2026-03-20 16:31:46,801 [INFO] FPS 1.9, detections 2, infer 590.6 ms
2026-03-20 16:31:47,809 [INFO] FPS 2.0, detections 2, infer 568.7 ms
2026-03-20 16:31:48,864 [INFO] FPS 1.9, detections 1, infer 607.5 ms
2026-03-20 16:31:50,371 [INFO] FPS 2.0, detections 1, infer 511.5 ms
2026-03-20 16:31:51,941 [INFO] FPS 1.9, detections 1, infer 593.5 ms
2026-03-20 16:31:53,388 [INFO] FPS 2.1, detections 1, infer 446.1 ms
2026-03-20 16:31:54,409 [INFO] FPS 2.0, detections 1, infer 580.1 ms
2026-03-20 16:31:55,792 [INFO] FPS 2.2, detections 1, infer 431.1 ms
2026-03-20 16:31:57,313 [INFO] FPS 2.0, detections 2, infer 575.4 ms
2026-03-20 16:31:58,376 [INFO] FPS 1.9, detections 1, infer 596.9 ms
2026-03-20 16:31:59,793 [INFO] FPS 2.1, detections 1, infer 441.5 ms
2026-03-20 16:32:01,333 [INFO] FPS 1.9, detections 1, infer 562.1 ms
2026-03-20 16:32:02,360 [INFO] FPS 1.9, detections 0, infer 571.6 ms
2026-03-20 16:32:03,814 [INFO] FPS 2.1, detections 0, infer 586.2 ms
2026-03-20 16:32:05,193 [INFO] FPS 2.2, detections 0, infer 384.0 ms
2026-03-20 16:32:06,590 [INFO] FPS 2.1, detections 0, infer 490.2 ms
2026-03-20 16:32:07,799 [INFO] FPS 2.5, detections 0, infer 470.7 ms
2026-03-20 16:32:09,158 [INFO] FPS 2.2, detections 0, infer 410.7 ms
2026-03-20 16:32:10,538 [INFO] FPS 2.2, detections 0, infer 412.3 ms
2026-03-20 16:32:11,988 [INFO] FPS 2.1, detections 0, infer 530.2 ms
2026-03-20 16:32:13,375 [INFO] FPS 2.2, detections 0, infer 406.6 ms
2026-03-20 16:32:14,798 [INFO] FPS 2.1, detections 0, infer 482.8 ms
2026-03-20 16:32:16,125 [INFO] FPS 2.3, detections 0, infer 517.9 ms
2026-03-20 16:32:17,168 [INFO] FPS 1.9, detections 0, infer 630.8 ms
2026-03-20 16:32:18,588 [INFO] FPS 2.1, detections 0, infer 424.0 ms
2026-03-20 16:32:20,147 [INFO] FPS 1.9, detections 1, infer 622.8 ms
2026-03-20 16:32:21,256 [INFO] FPS 1.8, detections 1, infer 587.3 ms
2026-03-20 16:32:22,721 [INFO] FPS 2.0, detections 1, infer 465.8 ms
2026-03-20 16:32:24,234 [INFO] FPS 2.0, detections 1, infer 550.6 ms
2026-03-20 16:32:25,312 [INFO] FPS 1.9, detections 1, infer 578.8 ms
2026-03-20 16:32:26,721 [INFO] FPS 2.1, detections 1, infer 439.2 ms
2026-03-20 16:32:27,778 [INFO] FPS 1.9, detections 1, infer 541.5 ms
2026-03-20 16:32:28,902 [INFO] FPS 1.8, detections 1, infer 527.5 ms
2026-03-20 16:32:29,976 [INFO] FPS 1.9, detections 1, infer 460.8 ms
2026-03-20 16:32:31,611 [INFO] FPS 1.8, detections 1, infer 655.7 ms
2026-03-20 16:32:33,029 [INFO] FPS 2.1, detections 1, infer 476.4 ms
2026-03-20 16:32:34,061 [INFO] FPS 1.9, detections 1, infer 460.6 ms
2026-03-20 16:32:35,069 [INFO] FPS 2.0, detections 1, infer 513.6 ms
2026-03-20 16:32:36,128 [INFO] FPS 1.9, detections 1, infer 485.8 ms
2026-03-20 16:32:37,132 [INFO] FPS 2.0, detections 2, infer 473.6 ms
2026-03-20 16:32:38,171 [INFO] FPS 1.9, detections 0, infer 442.7 ms
2026-03-20 16:32:39,335 [INFO] FPS 1.7, detections 0, infer 598.9 ms
2026-03-20 16:32:40,365 [INFO] FPS 1.9, detections 0, infer 459.5 ms
2026-03-20 16:32:41,958 [INFO] FPS 1.9, detections 1, infer 607.3 ms
2026-03-20 16:32:43,462 [INFO] FPS 2.0, detections 1, infer 549.4 ms
2026-03-20 16:32:44,597 [INFO] FPS 1.8, detections 2, infer 528.6 ms
2026-03-20 16:32:45,632 [INFO] FPS 1.9, detections 1, infer 503.6 ms
2026-03-20 16:32:46,676 [INFO] FPS 1.9, detections 1, infer 461.2 ms
2026-03-20 16:32:47,692 [INFO] FPS 2.0, detections 2, infer 498.1 ms
2026-03-20 16:32:48,759 [INFO] FPS 1.9, detections 2, infer 463.4 ms
2026-03-20 16:32:49,761 [INFO] FPS 2.0, detections 2, infer 479.0 ms
2026-03-20 16:32:50,950 [INFO] FPS 1.7, detections 2, infer 567.3 ms
2026-03-20 16:32:52,636 [INFO] FPS 1.2, detections 2, infer 748.3 ms
2026-03-20 16:32:53,853 [INFO] FPS 1.6, detections 2, infer 686.8 ms
2026-03-20 16:32:54,921 [INFO] FPS 1.9, detections 1, infer 449.8 ms
2026-03-20 16:32:56,031 [INFO] FPS 1.8, detections 1, infer 552.4 ms
2026-03-20 16:32:57,086 [INFO] FPS 1.9, detections 2, infer 445.5 ms
2026-03-20 16:32:58,091 [INFO] FPS 2.0, detections 2, infer 451.3 ms
2026-03-20 16:32:59,160 [INFO] FPS 1.9, detections 1, infer 450.0 ms
2026-03-20 16:33:00,170 [INFO] FPS 2.0, detections 1, infer 414.7 ms
2026-03-20 16:33:02,045 [INFO] FPS 0.5, detections 1, infer 651.0 ms
2026-03-20 16:33:03,095 [INFO] FPS 1.9, detections 1, infer 580.7 ms
2026-03-20 16:33:04,187 [INFO] FPS 1.8, detections 1, infer 573.0 ms
2026-03-20 16:33:05,248 [INFO] FPS 1.9, detections 1, infer 625.4 ms
2026-03-20 16:33:06,254 [INFO] FPS 2.0, detections 2, infer 537.8 ms
2026-03-20 16:33:07,372 [INFO] FPS 1.8, detections 1, infer 464.1 ms
2026-03-20 16:33:08,407 [INFO] FPS 1.9, detections 1, infer 413.6 ms
2026-03-20 16:33:09,522 [INFO] FPS 1.8, detections 2, infer 574.0 ms
2026-03-20 16:33:10,576 [INFO] FPS 1.9, detections 2, infer 514.6 ms
2026-03-20 16:33:11,801 [INFO] FPS 1.6, detections 2, infer 563.2 ms
2026-03-20 16:33:12,857 [INFO] FPS 1.9, detections 2, infer 465.2 ms
2026-03-20 16:33:13,961 [INFO] FPS 1.8, detections 2, infer 534.5 ms
2026-03-20 16:33:15,068 [INFO] FPS 1.8, detections 2, infer 467.7 ms
2026-03-20 16:33:16,310 [INFO] FPS 1.6, detections 2, infer 621.8 ms
2026-03-20 16:33:17,831 [INFO] FPS 2.0, detections 2, infer 518.1 ms
2026-03-20 16:33:18,894 [INFO] FPS 1.9, detections 2, infer 454.3 ms
2026-03-20 16:33:19,934 [INFO] FPS 1.9, detections 2, infer 440.3 ms
2026-03-20 16:33:20,970 [INFO] FPS 1.9, detections 2, infer 444.3 ms
2026-03-20 16:33:22,100 [INFO] FPS 1.8, detections 2, infer 501.9 ms
2026-03-20 16:33:23,801 [INFO] FPS 0.6, detections 2, infer 673.3 ms
2026-03-20 16:33:24,823 [INFO] FPS 2.0, detections 2, infer 565.9 ms
2026-03-20 16:33:25,908 [INFO] FPS 1.8, detections 2, infer 639.3 ms
2026-03-20 16:33:27,348 [INFO] FPS 2.1, detections 2, infer 453.4 ms
2026-03-20 16:33:28,474 [INFO] FPS 1.8, detections 2, infer 566.3 ms
2026-03-20 16:33:30,079 [INFO] FPS 1.9, detections 2, infer 610.3 ms
2026-03-20 16:33:31,081 [INFO] FPS 2.0, detections 2, infer 539.7 ms
2026-03-20 16:33:32,117 [INFO] FPS 1.9, detections 2, infer 576.2 ms
2026-03-20 16:33:33,214 [INFO] FPS 1.8, detections 2, infer 668.7 ms
2026-03-20 16:33:34,556 [INFO] FPS 2.2, detections 2, infer 387.1 ms
2026-03-20 16:33:36,004 [INFO] FPS 2.1, detections 2, infer 492.4 ms
2026-03-20 16:33:37,072 [INFO] FPS 1.9, detections 2, infer 601.8 ms
2026-03-20 16:33:38,244 [INFO] FPS 1.7, detections 2, infer 655.1 ms
2026-03-20 16:33:39,294 [INFO] FPS 1.9, detections 2, infer 584.2 ms
2026-03-20 16:33:40,415 [INFO] FPS 1.8, detections 2, infer 617.9 ms
2026-03-20 16:33:41,930 [INFO] FPS 2.0, detections 2, infer 521.6 ms
2026-03-20 16:33:42,989 [INFO] FPS 1.9, detections 1, infer 449.1 ms
2026-03-20 16:33:44,056 [INFO] FPS 1.9, detections 2, infer 501.5 ms
2026-03-20 16:33:45,319 [INFO] FPS 1.6, detections 2, infer 575.0 ms
2026-03-20 16:33:46,865 [INFO] FPS 1.9, detections 2, infer 606.0 ms
2026-03-20 16:33:47,916 [INFO] FPS 1.9, detections 2, infer 513.6 ms
2026-03-20 16:33:49,040 [INFO] FPS 1.8, detections 2, infer 511.2 ms
2026-03-20 16:33:50,357 [INFO] FPS 2.3, detections 2, infer 370.6 ms
2026-03-20 16:33:51,893 [INFO] FPS 2.0, detections 2, infer 556.9 ms
2026-03-20 16:33:53,297 [INFO] FPS 2.1, detections 2, infer 410.1 ms
2026-03-20 16:33:54,797 [INFO] FPS 2.0, detections 2, infer 497.6 ms
2026-03-20 16:33:56,187 [INFO] FPS 2.2, detections 2, infer 613.4 ms
2026-03-20 16:33:57,605 [INFO] FPS 2.1, detections 2, infer 480.3 ms
2026-03-20 16:33:58,830 [INFO] FPS 1.6, detections 2, infer 595.7 ms
2026-03-20 16:33:59,943 [INFO] FPS 1.8, detections 2, infer 610.0 ms
2026-03-20 16:34:01,130 [INFO] FPS 1.7, detections 2, infer 655.9 ms
2026-03-20 16:34:02,176 [INFO] FPS 1.9, detections 2, infer 517.0 ms
2026-03-20 16:34:03,504 [INFO] FPS 2.3, detections 2, infer 414.8 ms
2026-03-20 16:34:04,518 [INFO] FPS 2.0, detections 2, infer 421.3 ms
2026-03-20 16:34:05,938 [INFO] FPS 2.1, detections 2, infer 420.2 ms
2026-03-20 16:34:07,477 [INFO] FPS 1.9, detections 2, infer 542.1 ms
2026-03-20 16:34:08,772 [INFO] FPS 2.3, detections 2, infer 384.5 ms
2026-03-20 16:34:09,800 [INFO] FPS 1.9, detections 2, infer 399.6 ms
2026-03-20 16:34:11,073 [INFO] FPS 2.4, detections 2, infer 368.9 ms
2026-03-20 16:34:12,113 [INFO] FPS 1.9, detections 2, infer 388.5 ms
2026-03-20 16:34:13,601 [INFO] FPS 2.0, detections 2, infer 518.5 ms
2026-03-20 16:34:14,907 [INFO] FPS 2.3, detections 2, infer 387.2 ms
2026-03-20 16:34:16,257 [INFO] FPS 2.2, detections 2, infer 404.8 ms
2026-03-20 16:34:17,312 [INFO] FPS 1.9, detections 2, infer 438.7 ms
2026-03-20 16:34:18,742 [INFO] FPS 2.1, detections 2, infer 474.0 ms
2026-03-20 16:34:19,988 [INFO] FPS 2.4, detections 2, infer 512.4 ms
2026-03-20 16:34:21,259 [INFO] FPS 2.4, detections 2, infer 378.5 ms
2026-03-20 16:34:22,334 [INFO] FPS 1.9, detections 2, infer 473.0 ms
2026-03-20 16:34:23,391 [INFO] FPS 1.9, detections 2, infer 441.0 ms
2026-03-20 16:34:24,490 [INFO] FPS 1.8, detections 2, infer 518.0 ms
2026-03-20 16:34:25,546 [INFO] FPS 1.9, detections 2, infer 459.8 ms
2026-03-20 16:34:26,574 [INFO] FPS 1.9, detections 2, infer 433.4 ms
2026-03-20 16:34:28,200 [INFO] FPS 1.2, detections 2, infer 948.9 ms
2026-03-20 16:34:29,323 [INFO] FPS 1.8, detections 2, infer 565.4 ms
2026-03-20 16:34:30,455 [INFO] FPS 1.8, detections 2, infer 631.1 ms
2026-03-20 16:34:31,461 [INFO] FPS 2.0, detections 2, infer 530.0 ms
2026-03-20 16:34:32,518 [INFO] FPS 1.9, detections 2, infer 594.0 ms
2026-03-20 16:34:34,001 [INFO] FPS 2.0, detections 2, infer 490.1 ms
2026-03-20 16:34:35,046 [INFO] FPS 1.9, detections 2, infer 479.6 ms
2026-03-20 16:34:36,588 [INFO] FPS 1.9, detections 2, infer 570.7 ms
2026-03-20 16:34:37,605 [INFO] FPS 2.0, detections 2, infer 562.5 ms
2026-03-20 16:34:39,005 [INFO] FPS 2.1, detections 2, infer 411.9 ms
2026-03-20 16:34:40,470 [INFO] FPS 2.0, detections 2, infer 502.8 ms
2026-03-20 16:34:41,853 [INFO] FPS 2.2, detections 2, infer 502.6 ms
2026-03-20 16:34:43,347 [INFO] FPS 2.0, detections 2, infer 506.3 ms
2026-03-20 16:34:44,440 [INFO] FPS 1.8, detections 2, infer 520.0 ms
2026-03-20 16:34:45,481 [INFO] FPS 1.9, detections 2, infer 455.5 ms
2026-03-20 16:34:46,538 [INFO] FPS 1.9, detections 2, infer 448.8 ms
2026-03-20 16:34:47,630 [INFO] FPS 1.8, detections 2, infer 500.6 ms
2026-03-20 16:34:48,721 [INFO] FPS 1.8, detections 2, infer 462.8 ms
2026-03-20 16:34:49,942 [INFO] FPS 1.6, detections 2, infer 593.3 ms
2026-03-20 16:34:50,995 [INFO] FPS 1.9, detections 2, infer 571.0 ms
2026-03-20 16:34:52,143 [INFO] FPS 1.7, detections 1, infer 596.9 ms
2026-03-20 16:34:53,265 [INFO] FPS 1.8, detections 2, infer 595.0 ms
2026-03-20 16:34:54,609 [INFO] FPS 2.2, detections 2, infer 421.6 ms
2026-03-20 16:34:55,968 [INFO] FPS 2.2, detections 2, infer 424.9 ms
2026-03-20 16:34:57,381 [INFO] FPS 2.1, detections 1, infer 477.2 ms
2026-03-20 16:34:58,694 [INFO] FPS 2.3, detections 2, infer 488.2 ms
2026-03-20 16:35:00,072 [INFO] FPS 2.2, detections 2, infer 427.9 ms
2026-03-20 16:35:01,104 [INFO] FPS 1.9, detections 2, infer 500.0 ms
2026-03-20 16:35:02,681 [INFO] FPS 1.9, detections 1, infer 579.0 ms
2026-03-20 16:35:04,033 [INFO] FPS 2.2, detections 1, infer 412.5 ms
2026-03-20 16:35:05,429 [INFO] FPS 2.1, detections 1, infer 415.5 ms
2026-03-20 16:35:06,971 [INFO] FPS 1.9, detections 2, infer 550.6 ms
2026-03-20 16:35:08,387 [INFO] FPS 2.1, detections 1, infer 430.3 ms
2026-03-20 16:35:09,932 [INFO] FPS 1.9, detections 1, infer 561.5 ms
2026-03-20 16:35:11,206 [INFO] FPS 2.4, detections 1, infer 376.0 ms
2026-03-20 16:35:12,475 [INFO] FPS 2.4, detections 1, infer 394.9 ms
2026-03-20 16:35:13,494 [INFO] FPS 2.0, detections 2, infer 460.7 ms
2026-03-20 16:35:14,928 [INFO] FPS 2.1, detections 2, infer 497.1 ms
2026-03-20 16:35:16,316 [INFO] FPS 2.2, detections 2, infer 482.8 ms
2026-03-20 16:35:17,671 [INFO] FPS 2.2, detections 2, infer 378.8 ms
2026-03-20 16:35:18,936 [INFO] FPS 2.4, detections 1, infer 411.6 ms
2026-03-20 16:35:20,491 [INFO] FPS 1.9, detections 2, infer 586.6 ms
2026-03-20 16:35:21,556 [INFO] FPS 1.9, detections 2, infer 565.8 ms
2026-03-20 16:35:23,042 [INFO] FPS 2.0, detections 2, infer 590.4 ms
2026-03-20 16:35:24,150 [INFO] FPS 0.9, detections 2, infer 1093.4 ms
2026-03-20 16:35:25,967 [INFO] FPS 1.1, detections 2, infer 986.5 ms
2026-03-20 16:35:27,208 [INFO] FPS 0.8, detections 2, infer 1229.2 ms
2026-03-20 16:35:28,435 [INFO] FPS 0.8, detections 2, infer 1221.9 ms
2026-03-20 16:35:29,539 [INFO] FPS 0.9, detections 2, infer 1072.2 ms
2026-03-20 16:35:31,068 [INFO] FPS 1.3, detections 2, infer 757.2 ms
2026-03-20 16:35:32,394 [INFO] FPS 1.5, detections 2, infer 824.9 ms
2026-03-20 16:35:33,395 [INFO] FPS 1.0, detections 2, infer 993.2 ms
2026-03-20 16:35:34,432 [INFO] FPS 1.9, detections 2, infer 413.2 ms
2026-03-20 16:35:35,749 [INFO] FPS 2.3, detections 2, infer 384.4 ms
2026-03-20 16:35:37,292 [INFO] FPS 1.9, detections 2, infer 657.0 ms
2026-03-20 16:35:38,481 [INFO] FPS 1.7, detections 2, infer 726.7 ms
2026-03-20 16:35:40,076 [INFO] FPS 1.3, detections 2, infer 724.9 ms
2026-03-20 16:35:41,554 [INFO] FPS 2.0, detections 2, infer 520.2 ms
2026-03-20 16:35:42,928 [INFO] FPS 2.2, detections 2, infer 413.1 ms
2026-03-20 16:35:43,969 [INFO] FPS 1.9, detections 2, infer 421.7 ms
2026-03-20 16:35:45,559 [INFO] FPS 1.3, detections 2, infer 990.5 ms
2026-03-20 16:35:46,939 [INFO] FPS 2.2, detections 2, infer 408.8 ms
2026-03-20 16:35:48,489 [INFO] FPS 1.9, detections 2, infer 583.5 ms
2026-03-20 16:35:49,840 [INFO] FPS 2.2, detections 2, infer 424.9 ms
2026-03-20 16:35:51,085 [INFO] FPS 2.4, detections 2, infer 358.5 ms
2026-03-20 16:35:52,831 [INFO] FPS 1.7, detections 2, infer 782.3 ms
2026-03-20 16:35:54,405 [INFO] FPS 1.3, detections 2, infer 692.3 ms
2026-03-20 16:35:55,453 [INFO] FPS 1.9, detections 2, infer 415.6 ms
2026-03-20 16:35:56,887 [INFO] FPS 2.1, detections 2, infer 498.0 ms
2026-03-20 16:35:58,317 [INFO] FPS 2.1, detections 2, infer 559.4 ms
2026-03-20 16:35:59,726 [INFO] FPS 2.1, detections 2, infer 447.9 ms
2026-03-20 16:36:01,176 [INFO] FPS 2.1, detections 2, infer 516.4 ms
2026-03-20 16:36:02,514 [INFO] FPS 2.2, detections 2, infer 402.7 ms
2026-03-20 16:36:04,115 [INFO] FPS 1.2, detections 2, infer 911.9 ms
2026-03-20 16:36:05,520 [INFO] FPS 1.4, detections 2, infer 633.8 ms
2026-03-20 16:36:06,530 [INFO] FPS 2.0, detections 2, infer 573.2 ms
2026-03-20 16:36:07,840 [INFO] FPS 2.3, detections 2, infer 407.2 ms
2026-03-20 16:36:08,883 [INFO] FPS 1.9, detections 2, infer 482.7 ms
2026-03-20 16:36:10,495 [INFO] FPS 1.2, detections 2, infer 850.1 ms
2026-03-20 16:36:11,610 [INFO] FPS 1.8, detections 2, infer 514.0 ms
2026-03-20 16:36:13,015 [INFO] FPS 2.1, detections 2, infer 451.7 ms
2026-03-20 16:36:14,030 [INFO] FPS 2.0, detections 2, infer 504.2 ms
2026-03-20 16:36:15,395 [INFO] FPS 2.2, detections 2, infer 442.2 ms
2026-03-20 16:36:16,884 [INFO] FPS 2.0, detections 2, infer 548.1 ms
2026-03-20 16:36:18,181 [INFO] FPS 1.5, detections 2, infer 408.4 ms
2026-03-20 16:36:19,196 [INFO] FPS 2.0, detections 2, infer 464.6 ms
2026-03-20 16:36:20,367 [INFO] FPS 1.7, detections 2, infer 621.2 ms
2026-03-20 16:36:21,443 [INFO] FPS 1.9, detections 2, infer 405.0 ms
2026-03-20 16:36:22,918 [INFO] FPS 2.0, detections 2, infer 471.9 ms
2026-03-20 16:36:24,380 [INFO] FPS 2.1, detections 2, infer 470.7 ms
2026-03-20 16:36:26,228 [INFO] FPS 1.1, detections 2, infer 946.4 ms
2026-03-20 16:36:27,267 [INFO] FPS 1.0, detections 2, infer 1033.4 ms
2026-03-20 16:36:28,446 [INFO] FPS 1.7, detections 2, infer 492.4 ms
2026-03-20 16:36:29,542 [INFO] FPS 1.8, detections 2, infer 610.9 ms
2026-03-20 16:36:30,929 [INFO] FPS 2.2, detections 2, infer 385.5 ms
2026-03-20 16:36:32,455 [INFO] FPS 2.0, detections 2, infer 635.3 ms
2026-03-20 16:36:33,853 [INFO] FPS 2.1, detections 2, infer 401.4 ms
2026-03-20 16:36:34,912 [INFO] FPS 1.9, detections 2, infer 417.2 ms
2026-03-20 16:36:35,938 [INFO] FPS 1.9, detections 2, infer 452.9 ms
2026-03-20 16:36:36,964 [INFO] FPS 1.9, detections 2, infer 453.4 ms
2026-03-20 16:36:38,020 [INFO] FPS 1.9, detections 2, infer 468.5 ms
2026-03-20 16:36:39,310 [INFO] FPS 2.3, detections 2, infer 372.2 ms
2026-03-20 16:36:40,343 [INFO] FPS 1.9, detections 2, infer 443.1 ms
2026-03-20 16:36:41,361 [INFO] FPS 2.0, detections 2, infer 439.7 ms
2026-03-20 16:36:42,376 [INFO] FPS 2.0, detections 2, infer 479.0 ms
2026-03-20 16:36:43,400 [INFO] FPS 2.0, detections 2, infer 394.1 ms
2026-03-20 16:36:44,834 [INFO] FPS 2.1, detections 2, infer 508.4 ms
2026-03-20 16:36:46,223 [INFO] FPS 2.2, detections 2, infer 495.9 ms
2026-03-20 16:36:47,242 [INFO] FPS 2.0, detections 2, infer 575.2 ms
2026-03-20 16:36:48,377 [INFO] FPS 1.8, detections 2, infer 631.9 ms
2026-03-20 16:36:49,533 [INFO] FPS 1.7, detections 1, infer 535.8 ms
2026-03-20 16:36:50,559 [INFO] FPS 1.9, detections 1, infer 442.8 ms
2026-03-20 16:36:51,566 [INFO] FPS 2.0, detections 2, infer 429.7 ms
2026-03-20 16:36:53,143 [INFO] FPS 1.9, detections 2, infer 599.2 ms
2026-03-20 16:36:54,681 [INFO] FPS 2.0, detections 2, infer 549.5 ms
2026-03-20 16:36:56,183 [INFO] FPS 2.0, detections 2, infer 501.2 ms
2026-03-20 16:36:57,296 [INFO] FPS 1.8, detections 2, infer 611.3 ms
2026-03-20 16:36:58,332 [INFO] FPS 1.9, detections 1, infer 574.7 ms
2026-03-20 16:36:59,413 [INFO] FPS 1.8, detections 2, infer 598.9 ms
2026-03-20 16:37:00,694 [INFO] FPS 2.3, detections 1, infer 430.9 ms
2026-03-20 16:37:01,697 [INFO] FPS 2.0, detections 1, infer 612.0 ms
2026-03-20 16:37:03,173 [INFO] FPS 2.0, detections 1, infer 476.1 ms
2026-03-20 16:37:04,289 [INFO] FPS 1.8, detections 2, infer 486.1 ms
2026-03-20 16:37:05,390 [INFO] FPS 1.8, detections 2, infer 517.1 ms
2026-03-20 16:37:06,408 [INFO] FPS 2.0, detections 2, infer 384.2 ms
2026-03-20 16:37:07,807 [INFO] FPS 2.1, detections 1, infer 492.1 ms
2026-03-20 16:37:08,852 [INFO] FPS 1.9, detections 1, infer 593.6 ms
2026-03-20 16:37:09,865 [INFO] FPS 2.0, detections 1, infer 573.1 ms
2026-03-20 16:37:10,971 [INFO] FPS 1.8, detections 1, infer 574.3 ms
2026-03-20 16:37:12,401 [INFO] FPS 2.1, detections 1, infer 434.6 ms
2026-03-20 16:37:14,034 [INFO] FPS 1.2, detections 1, infer 975.4 ms
2026-03-20 16:37:15,596 [INFO] FPS 1.3, detections 1, infer 744.0 ms
2026-03-20 16:37:16,602 [INFO] FPS 2.0, detections 2, infer 436.4 ms
2026-03-20 16:37:17,670 [INFO] FPS 1.9, detections 2, infer 507.3 ms
2026-03-20 16:37:18,829 [INFO] FPS 1.7, detections 2, infer 503.3 ms
2026-03-20 16:37:19,855 [INFO] FPS 2.0, detections 2, infer 495.5 ms
2026-03-20 16:37:20,944 [INFO] FPS 1.8, detections 2, infer 445.1 ms
2026-03-20 16:37:22,564 [INFO] FPS 1.9, detections 2, infer 635.1 ms
2026-03-20 16:37:23,682 [INFO] FPS 1.8, detections 2, infer 621.2 ms
2026-03-20 16:37:24,786 [INFO] FPS 1.8, detections 2, infer 607.7 ms
2026-03-20 16:37:25,958 [INFO] FPS 1.7, detections 2, infer 614.5 ms
2026-03-20 16:37:27,038 [INFO] FPS 1.9, detections 2, infer 505.1 ms
2026-03-20 16:37:28,115 [INFO] FPS 1.9, detections 2, infer 522.7 ms
2026-03-20 16:37:29,238 [INFO] FPS 1.8, detections 2, infer 534.0 ms
2026-03-20 16:37:30,291 [INFO] FPS 1.9, detections 2, infer 443.2 ms
2026-03-20 16:37:31,308 [INFO] FPS 2.0, detections 2, infer 465.8 ms
2026-03-20 16:37:32,437 [INFO] FPS 1.8, detections 2, infer 525.7 ms
2026-03-20 16:37:33,543 [INFO] FPS 1.8, detections 2, infer 449.3 ms
2026-03-20 16:37:34,622 [INFO] FPS 1.9, detections 2, infer 464.3 ms
2026-03-20 16:37:35,831 [INFO] FPS 1.7, detections 2, infer 610.3 ms
2026-03-20 16:37:36,938 [INFO] FPS 1.8, detections 2, infer 579.9 ms
2026-03-20 16:37:37,942 [INFO] FPS 2.0, detections 2, infer 560.1 ms
2026-03-20 16:37:38,986 [INFO] FPS 1.9, detections 2, infer 626.5 ms
2026-03-20 16:37:40,119 [INFO] FPS 1.8, detections 2, infer 639.3 ms
2026-03-20 16:37:41,147 [INFO] FPS 1.9, detections 2, infer 584.0 ms
2026-03-20 16:37:42,160 [INFO] FPS 2.0, detections 2, infer 539.1 ms
2026-03-20 16:37:43,250 [INFO] FPS 1.8, detections 2, infer 570.5 ms
2026-03-20 16:37:44,736 [INFO] FPS 2.0, detections 2, infer 487.1 ms
2026-03-20 16:37:46,322 [INFO] FPS 1.9, detections 2, infer 599.2 ms
2026-03-20 16:37:47,444 [INFO] FPS 1.8, detections 2, infer 546.0 ms
2026-03-20 16:37:48,481 [INFO] FPS 1.9, detections 2, infer 628.9 ms
2026-03-20 16:37:49,572 [INFO] FPS 1.8, detections 2, infer 610.3 ms
2026-03-20 16:37:50,645 [INFO] FPS 1.9, detections 2, infer 637.7 ms
2026-03-20 16:37:51,858 [INFO] FPS 1.6, detections 2, infer 692.5 ms
2026-03-20 16:37:52,980 [INFO] FPS 1.8, detections 1, infer 480.4 ms
2026-03-20 16:37:54,479 [INFO] FPS 2.0, detections 2, infer 509.4 ms
2026-03-20 16:37:55,705 [INFO] FPS 1.6, detections 2, infer 655.4 ms
2026-03-20 16:37:57,146 [INFO] FPS 2.1, detections 2, infer 446.4 ms
2026-03-20 16:37:58,751 [INFO] FPS 1.9, detections 1, infer 604.3 ms
2026-03-20 16:37:59,810 [INFO] FPS 1.9, detections 1, infer 616.4 ms
2026-03-20 16:38:00,900 [INFO] FPS 1.8, detections 1, infer 591.9 ms
2026-03-20 16:38:01,937 [INFO] FPS 1.9, detections 1, infer 567.6 ms
2026-03-20 16:38:03,134 [INFO] FPS 1.7, detections 2, infer 748.4 ms
2026-03-20 16:38:04,152 [INFO] FPS 2.0, detections 2, infer 554.4 ms
2026-03-20 16:38:05,215 [INFO] FPS 1.9, detections 2, infer 617.5 ms
2026-03-20 16:38:06,247 [INFO] FPS 1.9, detections 2, infer 588.3 ms
2026-03-20 16:38:07,302 [INFO] FPS 1.9, detections 2, infer 594.6 ms
2026-03-20 16:38:08,356 [INFO] FPS 1.9, detections 1, infer 580.6 ms
2026-03-20 16:38:09,362 [INFO] FPS 2.0, detections 2, infer 533.5 ms
2026-03-20 16:38:10,415 [INFO] FPS 1.9, detections 2, infer 607.0 ms
2026-03-20 16:38:11,538 [INFO] FPS 1.8, detections 2, infer 635.2 ms
2026-03-20 16:38:12,586 [INFO] FPS 1.9, detections 1, infer 547.2 ms
2026-03-20 16:38:13,701 [INFO] FPS 1.8, detections 2, infer 611.3 ms
2026-03-20 16:38:14,801 [INFO] FPS 1.8, detections 2, infer 600.0 ms
2026-03-20 16:38:15,880 [INFO] FPS 1.9, detections 2, infer 634.2 ms
2026-03-20 16:38:17,421 [INFO] FPS 1.3, detections 2, infer 971.1 ms
2026-03-20 16:38:18,898 [INFO] FPS 2.0, detections 1, infer 571.1 ms
2026-03-20 16:38:19,943 [INFO] FPS 1.9, detections 2, infer 559.2 ms
2026-03-20 16:38:21,025 [INFO] FPS 1.8, detections 2, infer 600.3 ms
2026-03-20 16:38:22,044 [INFO] FPS 2.0, detections 2, infer 585.3 ms
2026-03-20 16:38:23,071 [INFO] FPS 1.9, detections 2, infer 591.8 ms
2026-03-20 16:38:24,159 [INFO] FPS 1.8, detections 2, infer 638.5 ms
2026-03-20 16:38:25,169 [INFO] FPS 2.0, detections 2, infer 519.9 ms
2026-03-20 16:38:26,228 [INFO] FPS 1.9, detections 2, infer 605.4 ms
2026-03-20 16:38:27,762 [INFO] FPS 2.0, detections 1, infer 566.1 ms
2026-03-20 16:38:28,931 [INFO] FPS 1.7, detections 2, infer 596.2 ms
2026-03-20 16:38:30,321 [INFO] FPS 2.2, detections 2, infer 555.1 ms
2026-03-20 16:38:31,361 [INFO] FPS 1.9, detections 2, infer 606.1 ms
2026-03-20 16:38:32,788 [INFO] FPS 2.1, detections 2, infer 430.6 ms
2026-03-20 16:38:34,326 [INFO] FPS 2.0, detections 2, infer 554.7 ms
2026-03-20 16:38:35,662 [INFO] FPS 2.2, detections 2, infer 429.3 ms
2026-03-20 16:38:36,730 [INFO] FPS 1.9, detections 2, infer 475.3 ms
2026-03-20 16:38:38,216 [INFO] FPS 2.0, detections 2, infer 517.6 ms
2026-03-20 16:38:39,597 [INFO] FPS 2.2, detections 2, infer 508.6 ms
2026-03-20 16:38:40,998 [INFO] FPS 2.1, detections 2, infer 416.1 ms
2026-03-20 16:38:42,499 [INFO] FPS 2.0, detections 2, infer 515.4 ms
2026-03-20 16:38:43,836 [INFO] FPS 2.2, detections 2, infer 467.2 ms
2026-03-20 16:38:45,233 [INFO] FPS 2.1, detections 2, infer 434.5 ms
2026-03-20 16:38:46,247 [INFO] FPS 2.0, detections 2, infer 394.5 ms
2026-03-20 16:38:47,317 [INFO] FPS 1.9, detections 2, infer 423.8 ms
2026-03-20 16:38:48,839 [INFO] FPS 2.0, detections 2, infer 557.2 ms
2026-03-20 16:38:50,131 [INFO] FPS 2.3, detections 2, infer 363.7 ms
2026-03-20 16:38:51,497 [INFO] FPS 2.2, detections 2, infer 452.4 ms
2026-03-20 16:38:52,613 [INFO] FPS 1.8, detections 2, infer 454.2 ms
2026-03-20 16:38:53,937 [INFO] FPS 1.5, detections 2, infer 682.2 ms
2026-03-20 16:38:54,983 [INFO] FPS 1.9, detections 2, infer 659.1 ms
2026-03-20 16:38:56,295 [INFO] FPS 1.5, detections 2, infer 634.6 ms
2026-03-20 16:38:57,448 [INFO] FPS 1.7, detections 2, infer 551.9 ms
2026-03-20 16:38:58,905 [INFO] FPS 2.1, detections 2, infer 451.6 ms
2026-03-20 16:39:00,251 [INFO] FPS 2.2, detections 2, infer 475.6 ms
2026-03-20 16:39:01,615 [INFO] FPS 2.2, detections 2, infer 565.3 ms
2026-03-20 16:39:02,622 [INFO] FPS 2.0, detections 2, infer 485.1 ms
2026-03-20 16:39:03,919 [INFO] FPS 2.3, detections 2, infer 375.9 ms
2026-03-20 16:39:05,291 [INFO] FPS 2.2, detections 2, infer 417.1 ms
2026-03-20 16:39:06,675 [INFO] FPS 2.2, detections 2, infer 446.1 ms
2026-03-20 16:39:07,733 [INFO] FPS 1.9, detections 1, infer 594.9 ms
2026-03-20 16:39:09,132 [INFO] FPS 2.1, detections 2, infer 419.4 ms
2026-03-20 16:39:10,575 [INFO] FPS 2.1, detections 2, infer 471.2 ms
2026-03-20 16:39:11,634 [INFO] FPS 1.9, detections 2, infer 532.7 ms
2026-03-20 16:39:12,757 [INFO] FPS 1.8, detections 2, infer 611.9 ms
2026-03-20 16:39:14,120 [INFO] FPS 2.2, detections 2, infer 526.0 ms
2026-03-20 16:39:15,559 [INFO] FPS 2.1, detections 2, infer 446.2 ms
2026-03-20 16:39:16,587 [INFO] FPS 1.9, detections 2, infer 429.5 ms
2026-03-20 16:39:17,686 [INFO] FPS 1.8, detections 2, infer 535.4 ms
2026-03-20 16:39:19,210 [INFO] FPS 2.0, detections 2, infer 567.3 ms
2026-03-20 16:39:20,250 [INFO] FPS 1.9, detections 2, infer 566.5 ms
2026-03-20 16:39:21,678 [INFO] FPS 2.1, detections 2, infer 434.9 ms
2026-03-20 16:39:22,732 [INFO] FPS 1.9, detections 2, infer 563.0 ms
2026-03-20 16:39:23,839 [INFO] FPS 1.8, detections 2, infer 442.0 ms
2026-03-20 16:39:25,307 [INFO] FPS 2.0, detections 2, infer 514.5 ms
2026-03-20 16:39:26,725 [INFO] FPS 2.1, detections 2, infer 452.6 ms
2026-03-20 16:39:27,894 [INFO] FPS 1.7, detections 2, infer 542.1 ms
2026-03-20 16:39:28,917 [INFO] FPS 2.0, detections 2, infer 466.2 ms
2026-03-20 16:39:30,264 [INFO] FPS 2.2, detections 2, infer 389.9 ms
2026-03-20 16:39:31,305 [INFO] FPS 1.9, detections 2, infer 436.6 ms
2026-03-20 16:39:32,616 [INFO] FPS 1.5, detections 2, infer 656.5 ms
2026-03-20 16:39:33,854 [INFO] FPS 1.6, detections 2, infer 658.3 ms
2026-03-20 16:39:34,908 [INFO] FPS 1.9, detections 2, infer 574.7 ms
2026-03-20 16:39:35,949 [INFO] FPS 1.9, detections 2, infer 596.1 ms
2026-03-20 16:39:37,385 [INFO] FPS 2.1, detections 2, infer 464.5 ms
2026-03-20 16:39:38,468 [INFO] FPS 1.8, detections 2, infer 462.2 ms
2026-03-20 16:39:39,632 [INFO] FPS 1.7, detections 2, infer 569.5 ms
2026-03-20 16:39:40,765 [INFO] FPS 1.8, detections 2, infer 516.4 ms
2026-03-20 16:39:41,934 [INFO] FPS 1.7, detections 1, infer 570.2 ms
2026-03-20 16:39:43,064 [INFO] FPS 1.8, detections 2, infer 609.8 ms
2026-03-20 16:39:44,494 [INFO] FPS 2.1, detections 2, infer 482.5 ms
2026-03-20 16:39:45,553 [INFO] FPS 1.9, detections 2, infer 467.8 ms
2026-03-20 16:39:46,659 [INFO] FPS 1.8, detections 1, infer 541.8 ms
2026-03-20 16:39:47,702 [INFO] FPS 1.9, detections 1, infer 473.3 ms
2026-03-20 16:39:48,846 [INFO] FPS 1.7, detections 0, infer 487.2 ms
2026-03-20 16:39:49,924 [INFO] FPS 1.9, detections 0, infer 513.2 ms
2026-03-20 16:39:51,470 [INFO] FPS 1.9, detections 1, infer 554.2 ms
2026-03-20 16:39:52,605 [INFO] FPS 1.8, detections 1, infer 651.0 ms
2026-03-20 16:39:53,713 [INFO] FPS 1.8, detections 1, infer 653.0 ms
2026-03-20 16:39:54,741 [INFO] FPS 1.9, detections 0, infer 558.7 ms
2026-03-20 16:39:56,210 [INFO] FPS 2.0, detections 0, infer 469.1 ms
2026-03-20 16:39:57,256 [INFO] FPS 1.9, detections 0, infer 451.8 ms
2026-03-20 16:39:58,311 [INFO] FPS 1.9, detections 0, infer 466.7 ms
2026-03-20 16:39:59,404 [INFO] FPS 1.8, detections 1, infer 467.5 ms
2026-03-20 16:40:01,046 [INFO] FPS 1.2, detections 1, infer 957.3 ms
2026-03-20 16:40:02,148 [INFO] FPS 0.9, detections 0, infer 1096.3 ms
2026-03-20 16:40:03,198 [INFO] FPS 1.9, detections 0, infer 586.7 ms
2026-03-20 16:40:04,272 [INFO] FPS 1.9, detections 0, infer 645.8 ms
2026-03-20 16:40:05,346 [INFO] FPS 1.9, detections 0, infer 614.8 ms
2026-03-20 16:40:06,409 [INFO] FPS 1.9, detections 0, infer 567.9 ms
2026-03-20 16:40:07,473 [INFO] FPS 1.9, detections 0, infer 615.5 ms
2026-03-20 16:40:08,507 [INFO] FPS 1.9, detections 0, infer 535.3 ms
2026-03-20 16:40:09,537 [INFO] FPS 1.9, detections 0, infer 622.3 ms
2026-03-20 16:40:10,971 [INFO] FPS 2.1, detections 0, infer 453.0 ms
2026-03-20 16:40:11,977 [INFO] FPS 2.0, detections 0, infer 430.2 ms
2026-03-20 16:40:13,033 [INFO] FPS 1.9, detections 0, infer 486.6 ms
2026-03-20 16:40:14,166 [INFO] FPS 1.8, detections 1, infer 494.7 ms
2026-03-20 16:40:15,790 [INFO] FPS 1.2, detections 1, infer 1064.6 ms
2026-03-20 16:40:17,689 [INFO] FPS 1.1, detections 1, infer 959.4 ms
2026-03-20 16:40:19,071 [INFO] FPS 2.2, detections 1, infer 433.0 ms
2026-03-20 16:40:20,384 [INFO] FPS 2.3, detections 0, infer 368.6 ms
2026-03-20 16:40:21,975 [INFO] FPS 1.9, detections 2, infer 600.0 ms
2026-03-20 16:40:22,987 [INFO] FPS 2.0, detections 2, infer 575.5 ms
2026-03-20 16:40:24,070 [INFO] FPS 1.8, detections 2, infer 625.4 ms
2026-03-20 16:40:25,101 [INFO] FPS 1.9, detections 2, infer 544.5 ms
2026-03-20 16:40:26,219 [INFO] FPS 1.8, detections 2, infer 660.8 ms
2026-03-20 16:40:27,694 [INFO] FPS 2.0, detections 2, infer 507.9 ms
2026-03-20 16:40:28,806 [INFO] FPS 1.8, detections 2, infer 556.9 ms
2026-03-20 16:40:30,397 [INFO] FPS 1.9, detections 2, infer 592.6 ms
2026-03-20 16:40:31,871 [INFO] FPS 2.0, detections 2, infer 482.9 ms
2026-03-20 16:40:32,877 [INFO] FPS 2.0, detections 2, infer 445.3 ms
2026-03-20 16:40:34,427 [INFO] FPS 1.9, detections 2, infer 588.1 ms
2026-03-20 16:40:35,894 [INFO] FPS 2.0, detections 2, infer 480.3 ms
2026-03-20 16:40:36,936 [INFO] FPS 1.9, detections 2, infer 473.6 ms
2026-03-20 16:40:38,543 [INFO] FPS 1.9, detections 1, infer 623.0 ms
2026-03-20 16:40:40,026 [INFO] FPS 2.0, detections 2, infer 494.7 ms
2026-03-20 16:40:41,082 [INFO] FPS 1.9, detections 1, infer 466.5 ms
2026-03-20 16:40:42,134 [INFO] FPS 1.9, detections 1, infer 428.2 ms
2026-03-20 16:40:43,242 [INFO] FPS 1.8, detections 1, infer 459.7 ms
2026-03-20 16:40:44,310 [INFO] FPS 1.9, detections 2, infer 434.6 ms
2026-03-20 16:40:45,443 [INFO] FPS 1.8, detections 1, infer 487.9 ms
2026-03-20 16:40:46,501 [INFO] FPS 1.9, detections 1, infer 481.5 ms
2026-03-20 16:40:47,595 [INFO] FPS 1.8, detections 2, infer 525.7 ms
2026-03-20 16:40:48,711 [INFO] FPS 1.8, detections 2, infer 500.7 ms
2026-03-20 16:40:50,239 [INFO] FPS 1.3, detections 2, infer 912.5 ms
2026-03-20 16:40:51,242 [INFO] FPS 1.0, detections 1, infer 992.4 ms
2026-03-20 16:40:52,290 [INFO] FPS 1.9, detections 2, infer 608.9 ms
2026-03-20 16:40:53,337 [INFO] FPS 1.9, detections 2, infer 607.7 ms
2026-03-20 16:40:54,586 [INFO] FPS 2.4, detections 2, infer 357.7 ms
2026-03-20 16:40:55,665 [INFO] FPS 1.9, detections 2, infer 521.9 ms
2026-03-20 16:40:57,114 [INFO] FPS 2.1, detections 2, infer 487.2 ms
2026-03-20 16:40:58,549 [INFO] FPS 2.1, detections 2, infer 605.0 ms
2026-03-20 16:40:59,935 [INFO] FPS 2.2, detections 2, infer 409.8 ms
2026-03-20 16:41:01,377 [INFO] FPS 2.1, detections 2, infer 516.9 ms
2026-03-20 16:41:02,651 [INFO] FPS 2.4, detections 2, infer 452.9 ms
2026-03-20 16:41:04,061 [INFO] FPS 2.1, detections 2, infer 461.7 ms
2026-03-20 16:41:05,547 [INFO] FPS 2.0, detections 2, infer 536.4 ms
2026-03-20 16:41:06,866 [INFO] FPS 2.3, detections 2, infer 417.5 ms
2026-03-20 16:41:07,878 [INFO] FPS 2.0, detections 2, infer 566.4 ms
2026-03-20 16:41:08,907 [INFO] FPS 1.9, detections 2, infer 587.2 ms
2026-03-20 16:41:10,202 [INFO] FPS 2.3, detections 2, infer 366.8 ms
2026-03-20 16:41:11,442 [INFO] FPS 2.4, detections 2, infer 393.5 ms
2026-03-20 16:41:12,525 [INFO] FPS 1.8, detections 1, infer 492.6 ms
2026-03-20 16:41:13,556 [INFO] FPS 1.9, detections 1, infer 425.8 ms
2026-03-20 16:41:14,674 [INFO] FPS 1.8, detections 1, infer 471.6 ms
2026-03-20 16:41:15,764 [INFO] FPS 1.8, detections 1, infer 502.0 ms
2026-03-20 16:41:16,960 [INFO] FPS 1.7, detections 1, infer 577.9 ms
2026-03-20 16:41:18,061 [INFO] FPS 1.8, detections 1, infer 618.9 ms
2026-03-20 16:41:19,112 [INFO] FPS 1.9, detections 2, infer 601.4 ms
2026-03-20 16:41:20,239 [INFO] FPS 1.8, detections 1, infer 611.0 ms
2026-03-20 16:41:21,301 [INFO] FPS 1.9, detections 1, infer 617.4 ms
2026-03-20 16:41:22,306 [INFO] FPS 2.0, detections 1, infer 562.2 ms
2026-03-20 16:41:23,312 [INFO] FPS 2.0, detections 1, infer 582.9 ms
2026-03-20 16:41:24,431 [INFO] FPS 1.8, detections 1, infer 621.9 ms
2026-03-20 16:41:25,574 [INFO] FPS 1.8, detections 1, infer 645.3 ms
2026-03-20 16:41:26,614 [INFO] FPS 1.9, detections 1, infer 605.4 ms
2026-03-20 16:41:27,705 [INFO] FPS 1.8, detections 1, infer 541.6 ms
2026-03-20 16:41:28,708 [INFO] FPS 2.0, detections 1, infer 577.6 ms
2026-03-20 16:41:29,766 [INFO] FPS 1.9, detections 1, infer 552.5 ms
2026-03-20 16:41:30,826 [INFO] FPS 1.9, detections 1, infer 596.0 ms
2026-03-20 16:41:32,427 [INFO] FPS 1.2, detections 1, infer 1088.9 ms
2026-03-20 16:41:33,465 [INFO] FPS 1.0, detections 1, infer 1032.3 ms
2026-03-20 16:41:34,501 [INFO] FPS 1.9, detections 1, infer 494.0 ms
2026-03-20 16:41:35,544 [INFO] FPS 1.9, detections 1, infer 484.0 ms
2026-03-20 16:41:36,615 [INFO] FPS 1.9, detections 1, infer 469.6 ms
2026-03-20 16:41:38,188 [INFO] FPS 1.9, detections 2, infer 601.8 ms
2026-03-20 16:41:39,240 [INFO] FPS 1.9, detections 2, infer 589.3 ms
2026-03-20 16:41:40,381 [INFO] FPS 1.8, detections 2, infer 619.5 ms
2026-03-20 16:41:41,429 [INFO] FPS 1.9, detections 2, infer 626.6 ms
2026-03-20 16:41:42,512 [INFO] FPS 1.8, detections 2, infer 622.8 ms
2026-03-20 16:41:43,569 [INFO] FPS 1.9, detections 2, infer 496.7 ms
2026-03-20 16:41:44,593 [INFO] FPS 2.0, detections 2, infer 507.2 ms
2026-03-20 16:41:45,593 [INFO] FPS 2.0, detections 2, infer 558.2 ms
2026-03-20 16:41:46,612 [INFO] FPS 2.0, detections 2, infer 568.9 ms
2026-03-20 16:41:47,642 [INFO] FPS 1.9, detections 2, infer 612.5 ms
2026-03-20 16:41:48,658 [INFO] FPS 2.0, detections 2, infer 539.1 ms
2026-03-20 16:41:49,741 [INFO] FPS 1.8, detections 2, infer 663.0 ms
2026-03-20 16:41:50,842 [INFO] FPS 0.9, detections 2, infer 1093.6 ms
2026-03-20 16:41:53,037 [INFO] FPS 0.9, detections 2, infer 1236.1 ms
2026-03-20 16:41:55,155 [INFO] FPS 0.9, detections 2, infer 1129.0 ms
2026-03-20 16:41:56,289 [INFO] FPS 1.8, detections 2, infer 564.2 ms
2026-03-20 16:41:57,527 [INFO] FPS 1.6, detections 2, infer 476.1 ms
2026-03-20 16:41:58,608 [INFO] FPS 1.8, detections 2, infer 436.9 ms
2026-03-20 16:41:59,942 [INFO] FPS 2.2, detections 2, infer 459.2 ms
2026-03-20 16:42:01,229 [INFO] FPS 2.3, detections 2, infer 496.8 ms
2026-03-20 16:42:02,607 [INFO] FPS 2.2, detections 2, infer 435.0 ms
2026-03-20 16:42:03,616 [INFO] FPS 2.0, detections 2, infer 390.7 ms
2026-03-20 16:42:04,966 [INFO] FPS 2.2, detections 2, infer 441.7 ms
2026-03-20 16:42:06,409 [INFO] FPS 2.1, detections 2, infer 539.9 ms
2026-03-20 16:42:07,677 [INFO] FPS 2.4, detections 2, infer 383.4 ms
2026-03-20 16:42:08,738 [INFO] FPS 1.9, detections 2, infer 609.7 ms
2026-03-20 16:42:10,113 [INFO] FPS 2.2, detections 2, infer 472.3 ms
2026-03-20 16:42:11,187 [INFO] FPS 1.9, detections 2, infer 472.8 ms
2026-03-20 16:42:21,792 [INFO] YOLO stream program started
2026-03-20 16:42:21,987 [INFO] YOLO model loaded: yolo11n.pt
2026-03-20 16:42:21,990 [INFO] Starting RealSense pipeline
2026-03-20 16:42:21,990 [INFO] Streaming on http://0.0.0.0:8000/stream
2026-03-20 16:42:22,440 [INFO] RealSense pipeline started successfully
2026-03-20 16:42:22,479 [INFO] [31m[1mWARNING: This is a development server. Do not use it in a production deployment. Use a production WSGI server instead.[0m
 * Running on all addresses (0.0.0.0)
 * Running on http://127.0.0.1:8000
 * Running on http://10.0.0.168:8000
2026-03-20 16:42:22,479 [INFO] [33mPress CTRL+C to quit[0m
2026-03-20 16:42:24,057 [INFO] FPS 0.5, detections 1, persons 1, locked True, yaw_cmd 0.070, infer 1059.6 ms
2026-03-20 16:42:24,496 [INFO] 127.0.0.1 - - [20/Mar/2026 16:42:24] "GET / HTTP/1.1" 200 -
2026-03-20 16:42:24,557 [INFO] MJPEG stream client connected
2026-03-20 16:42:24,558 [INFO] 127.0.0.1 - - [20/Mar/2026 16:42:24] "GET /stream HTTP/1.1" 200 -
2026-03-20 16:42:25,522 [INFO] FPS 2.0, detections 2, persons 2, locked True, yaw_cmd 0.068, infer 497.0 ms
2026-03-20 16:42:26,890 [INFO] FPS 2.2, detections 2, persons 2, locked True, yaw_cmd 0.062, infer 467.5 ms
2026-03-20 16:42:28,199 [INFO] FPS 2.3, detections 2, persons 2, locked True, yaw_cmd 0.065, infer 384.1 ms
2026-03-20 16:42:29,615 [INFO] FPS 2.1, detections 2, persons 2, locked True, yaw_cmd 0.033, infer 435.5 ms
2026-03-20 16:42:30,925 [INFO] FPS 2.3, detections 1, persons 1, locked True, yaw_cmd 0.000, infer 460.1 ms
2026-03-20 16:42:32,272 [INFO] FPS 2.2, detections 1, persons 1, locked True, yaw_cmd 0.000, infer 435.1 ms
2026-03-20 16:42:33,647 [INFO] FPS 2.2, detections 1, persons 1, locked True, yaw_cmd -0.052, infer 412.7 ms
2026-03-20 16:42:34,764 [INFO] FPS 1.8, detections 1, persons 1, locked True, yaw_cmd -0.056, infer 531.5 ms
2026-03-20 16:42:35,792 [INFO] FPS 1.9, detections 1, persons 1, locked True, yaw_cmd -0.051, infer 439.8 ms
2026-03-20 16:42:36,825 [INFO] FPS 1.9, detections 1, persons 1, locked True, yaw_cmd -0.050, infer 464.0 ms
2026-03-20 16:42:37,860 [INFO] FPS 1.9, detections 0, persons 0, locked False, yaw_cmd 0.000, infer 416.4 ms
2026-03-20 16:42:39,393 [INFO] FPS 2.0, detections 0, persons 0, locked False, yaw_cmd 0.000, infer 548.7 ms
2026-03-20 16:42:40,816 [INFO] FPS 2.1, detections 1, persons 1, locked True, yaw_cmd -0.134, infer 466.0 ms
2026-03-20 16:42:41,932 [INFO] FPS 1.8, detections 1, persons 1, locked True, yaw_cmd -0.130, infer 553.7 ms
2026-03-20 16:42:43,012 [INFO] FPS 1.9, detections 1, persons 1, locked True, yaw_cmd -0.143, infer 559.4 ms
2026-03-20 16:42:44,064 [INFO] FPS 1.9, detections 1, persons 1, locked True, yaw_cmd -0.145, infer 496.9 ms
2026-03-20 16:42:45,635 [INFO] FPS 1.9, detections 1, persons 1, locked True, yaw_cmd -0.135, infer 582.5 ms
2026-03-20 16:42:46,699 [INFO] FPS 1.9, detections 1, persons 1, locked True, yaw_cmd 0.000, infer 629.2 ms
2026-03-20 16:42:48,068 [INFO] FPS 2.2, detections 1, persons 1, locked True, yaw_cmd 0.000, infer 399.9 ms
2026-03-20 16:42:49,568 [INFO] FPS 2.0, detections 2, persons 2, locked True, yaw_cmd 0.043, infer 511.8 ms
2026-03-20 16:42:50,943 [INFO] FPS 2.2, detections 2, persons 2, locked True, yaw_cmd 0.044, infer 542.8 ms
2026-03-20 16:42:52,316 [INFO] FPS 2.2, detections 1, persons 1, locked True, yaw_cmd 0.055, infer 411.1 ms
2026-03-20 16:42:53,886 [INFO] FPS 1.9, detections 2, persons 2, locked True, yaw_cmd 0.054, infer 579.9 ms
2026-03-20 16:42:55,156 [INFO] FPS 2.4, detections 1, persons 1, locked True, yaw_cmd 0.054, infer 392.7 ms
2026-03-20 16:42:56,513 [INFO] FPS 2.2, detections 1, persons 1, locked True, yaw_cmd 0.042, infer 411.1 ms
2026-03-20 16:42:57,989 [INFO] FPS 2.0, detections 1, persons 1, locked True, yaw_cmd 0.041, infer 503.3 ms
2026-03-20 16:42:59,028 [INFO] FPS 1.9, detections 2, persons 2, locked True, yaw_cmd 0.045, infer 563.0 ms
2026-03-20 16:43:00,068 [INFO] FPS 1.9, detections 1, persons 1, locked True, yaw_cmd 0.041, infer 547.9 ms
2026-03-20 16:43:01,489 [INFO] FPS 2.1, detections 1, persons 1, locked True, yaw_cmd 0.037, infer 436.0 ms
2026-03-20 16:43:02,861 [INFO] FPS 2.2, detections 1, persons 1, locked True, yaw_cmd 0.033, infer 445.7 ms
2026-03-20 16:43:04,276 [INFO] FPS 2.1, detections 1, persons 1, locked True, yaw_cmd 0.037, infer 507.3 ms
2026-03-20 16:43:05,640 [INFO] FPS 2.2, detections 1, persons 1, locked True, yaw_cmd 0.032, infer 407.2 ms
2026-03-20 16:43:06,652 [INFO] FPS 2.0, detections 1, persons 1, locked True, yaw_cmd 0.031, infer 423.1 ms
2026-03-20 16:43:07,905 [INFO] FPS 2.4, detections 1, persons 1, locked True, yaw_cmd 0.028, infer 372.2 ms
2026-03-20 16:43:09,053 [INFO] FPS 2.6, detections 1, persons 1, locked True, yaw_cmd 0.036, infer 316.4 ms
2026-03-20 16:43:10,081 [INFO] FPS 2.9, detections 1, persons 1, locked True, yaw_cmd 0.033, infer 313.9 ms
2026-03-20 16:43:11,431 [INFO] FPS 2.2, detections 1, persons 1, locked True, yaw_cmd 0.033, infer 518.3 ms
2026-03-20 16:43:12,664 [INFO] FPS 2.4, detections 1, persons 1, locked True, yaw_cmd 0.034, infer 425.9 ms
2026-03-20 16:43:13,704 [INFO] FPS 1.9, detections 1, persons 1, locked True, yaw_cmd 0.035, infer 616.1 ms
2026-03-20 16:43:14,718 [INFO] FPS 2.0, detections 1, persons 1, locked True, yaw_cmd 0.031, infer 593.3 ms
2026-03-20 16:43:15,733 [INFO] FPS 2.0, detections 1, persons 1, locked True, yaw_cmd 0.031, infer 572.5 ms
2026-03-20 16:43:17,090 [INFO] FPS 2.2, detections 1, persons 1, locked True, yaw_cmd 0.033, infer 420.2 ms
2026-03-20 16:43:18,418 [INFO] FPS 2.3, detections 1, persons 1, locked True, yaw_cmd 0.026, infer 375.1 ms
2026-03-20 16:43:19,850 [INFO] FPS 2.1, detections 1, persons 1, locked True, yaw_cmd 0.028, infer 548.0 ms
2026-03-20 16:43:21,209 [INFO] FPS 2.2, detections 1, persons 1, locked True, yaw_cmd 0.028, infer 457.2 ms
2026-03-20 16:43:22,577 [INFO] FPS 2.2, detections 1, persons 1, locked True, yaw_cmd 0.033, infer 390.9 ms
2026-03-20 16:43:24,008 [INFO] FPS 2.1, detections 1, persons 1, locked True, yaw_cmd 0.030, infer 504.1 ms
2026-03-20 16:43:25,386 [INFO] FPS 2.2, detections 1, persons 1, locked True, yaw_cmd 0.034, infer 402.0 ms
2026-03-20 16:43:26,761 [INFO] FPS 2.2, detections 1, persons 1, locked True, yaw_cmd 0.032, infer 406.4 ms
2026-03-20 16:43:28,111 [INFO] FPS 2.2, detections 1, persons 1, locked True, yaw_cmd 0.034, infer 486.5 ms
2026-03-20 16:43:29,521 [INFO] FPS 2.1, detections 1, persons 1, locked True, yaw_cmd 0.036, infer 407.1 ms
2026-03-20 16:43:30,905 [INFO] FPS 2.2, detections 1, persons 1, locked True, yaw_cmd 0.035, infer 416.1 ms
2026-03-20 16:43:32,365 [INFO] FPS 2.1, detections 1, persons 1, locked True, yaw_cmd 0.036, infer 501.7 ms
2026-03-20 16:43:33,730 [INFO] FPS 2.2, detections 1, persons 1, locked True, yaw_cmd 0.037, infer 400.4 ms
2026-03-20 16:43:35,072 [INFO] FPS 2.2, detections 1, persons 1, locked True, yaw_cmd 0.000, infer 378.0 ms
2026-03-20 16:43:36,564 [INFO] FPS 2.0, detections 1, persons 1, locked True, yaw_cmd 0.000, infer 544.5 ms
2026-03-20 16:43:37,930 [INFO] FPS 2.2, detections 2, persons 2, locked True, yaw_cmd -0.030, infer 377.0 ms
2026-03-20 16:43:39,304 [INFO] FPS 2.2, detections 2, persons 2, locked True, yaw_cmd -0.030, infer 413.4 ms
2026-03-20 16:43:40,767 [INFO] FPS 2.0, detections 2, persons 2, locked True, yaw_cmd -0.030, infer 525.4 ms
2026-03-20 16:43:42,117 [INFO] FPS 2.2, detections 2, persons 2, locked True, yaw_cmd -0.022, infer 405.7 ms
2026-03-20 16:43:43,495 [INFO] FPS 2.2, detections 2, persons 2, locked True, yaw_cmd 0.000, infer 459.0 ms
2026-03-20 16:58:35,892 [INFO] YOLO stream program started
2026-03-20 16:58:36,085 [INFO] YOLO model loaded: yolo11n.pt
2026-03-20 16:58:36,089 [INFO] Starting RealSense pipeline
2026-03-20 16:58:36,089 [INFO] Streaming on http://0.0.0.0:8000/stream
2026-03-20 16:58:36,587 [INFO] RealSense pipeline started successfully
2026-03-20 16:58:36,626 [INFO] [31m[1mWARNING: This is a development server. Do not use it in a production deployment. Use a production WSGI server instead.[0m
 * Running on all addresses (0.0.0.0)
 * Running on http://127.0.0.1:8000
 * Running on http://10.0.0.168:8000
2026-03-20 16:58:36,626 [INFO] [33mPress CTRL+C to quit[0m
2026-03-20 16:58:38,186 [INFO] 127.0.0.1 - - [20/Mar/2026 16:58:38] "GET / HTTP/1.1" 200 -
2026-03-20 16:58:38,241 [INFO] MJPEG stream client connected
2026-03-20 16:58:38,248 [WARNING] WARNING camera lost: cannot access local variable 'selected_click' where it is not associated with a value, lost_count=1
2026-03-20 16:58:38,357 [INFO] 127.0.0.1 - - [20/Mar/2026 16:58:38] "GET /stream HTTP/1.1" 200 -
2026-03-20 16:58:38,763 [WARNING] WARNING camera lost: cannot access local variable 'selected_click' where it is not associated with a value, lost_count=2
2026-03-20 16:58:39,070 [WARNING] WARNING camera lost: cannot access local variable 'selected_click' where it is not associated with a value, lost_count=3
2026-03-20 16:58:39,366 [WARNING] WARNING camera lost: cannot access local variable 'selected_click' where it is not associated with a value, lost_count=4
2026-03-20 16:58:39,775 [WARNING] WARNING camera lost: cannot access local variable 'selected_click' where it is not associated with a value, lost_count=5
2026-03-20 16:58:39,775 [WARNING] Camera considered lost, attempting recovery
2026-03-20 16:58:39,775 [WARNING] Restarting RealSense pipeline
2026-03-20 16:58:40,513 [INFO] RealSense pipeline stopped
2026-03-20 16:58:42,515 [INFO] Starting RealSense pipeline
2026-03-20 16:58:42,922 [INFO] RealSense pipeline started successfully
2026-03-20 16:58:42,922 [INFO] Pipeline restarted successfully
2026-03-20 16:58:44,408 [WARNING] WARNING camera lost: cannot access local variable 'selected_click' where it is not associated with a value, lost_count=1
2026-03-20 16:58:45,251 [WARNING] WARNING camera lost: cannot access local variable 'selected_click' where it is not associated with a value, lost_count=2
2026-03-20 16:58:45,614 [WARNING] WARNING camera lost: cannot access local variable 'selected_click' where it is not associated with a value, lost_count=3
2026-03-20 16:58:45,964 [WARNING] WARNING camera lost: cannot access local variable 'selected_click' where it is not associated with a value, lost_count=4
2026-03-20 16:58:46,552 [WARNING] WARNING camera lost: cannot access local variable 'selected_click' where it is not associated with a value, lost_count=5
2026-03-20 16:58:46,553 [WARNING] Camera considered lost, attempting recovery
2026-03-20 16:58:46,553 [WARNING] Restarting RealSense pipeline
2026-03-20 16:58:47,047 [INFO] RealSense pipeline stopped
2026-03-20 16:58:49,048 [INFO] Starting RealSense pipeline
2026-03-20 16:58:49,386 [INFO] RealSense pipeline started successfully
2026-03-20 16:58:49,387 [INFO] Pipeline restarted successfully
2026-03-20 16:58:50,984 [WARNING] WARNING camera lost: cannot access local variable 'selected_click' where it is not associated with a value, lost_count=1
2026-03-20 16:58:51,779 [WARNING] WARNING camera lost: cannot access local variable 'selected_click' where it is not associated with a value, lost_count=2
2026-03-20 16:58:52,125 [WARNING] WARNING camera lost: cannot access local variable 'selected_click' where it is not associated with a value, lost_count=3
2026-03-20 16:58:52,578 [WARNING] WARNING camera lost: cannot access local variable 'selected_click' where it is not associated with a value, lost_count=4
2026-03-20 16:58:53,121 [WARNING] WARNING camera lost: cannot access local variable 'selected_click' where it is not associated with a value, lost_count=5
2026-03-20 16:58:53,121 [WARNING] Camera considered lost, attempting recovery
2026-03-20 16:58:53,121 [WARNING] Restarting RealSense pipeline
2026-03-20 16:58:53,565 [INFO] RealSense pipeline stopped
2026-03-20 16:58:54,146 [INFO] 127.0.0.1 - - [20/Mar/2026 16:58:54] "GET / HTTP/1.1" 200 -
2026-03-20 16:58:54,297 [INFO] MJPEG stream client connected
2026-03-20 16:58:54,297 [INFO] 127.0.0.1 - - [20/Mar/2026 16:58:54] "GET /stream HTTP/1.1" 200 -
2026-03-20 16:58:55,568 [INFO] Starting RealSense pipeline
2026-03-20 16:58:55,935 [INFO] RealSense pipeline started successfully
2026-03-20 16:58:55,935 [INFO] Pipeline restarted successfully
2026-03-20 16:58:57,694 [WARNING] WARNING camera lost: cannot access local variable 'selected_click' where it is not associated with a value, lost_count=1
2026-03-20 16:58:58,545 [WARNING] WARNING camera lost: cannot access local variable 'selected_click' where it is not associated with a value, lost_count=2
2026-03-20 16:58:59,035 [WARNING] WARNING camera lost: cannot access local variable 'selected_click' where it is not associated with a value, lost_count=3
2026-03-20 16:58:59,730 [WARNING] WARNING camera lost: cannot access local variable 'selected_click' where it is not associated with a value, lost_count=4
2026-03-20 16:59:00,315 [WARNING] WARNING camera lost: cannot access local variable 'selected_click' where it is not associated with a value, lost_count=5
2026-03-20 16:59:00,316 [WARNING] Camera considered lost, attempting recovery
2026-03-20 16:59:00,316 [WARNING] Restarting RealSense pipeline
2026-03-20 16:59:01,237 [INFO] RealSense pipeline stopped
2026-03-20 16:59:03,114 [INFO] 127.0.0.1 - - [20/Mar/2026 16:59:03] "GET / HTTP/1.1" 200 -
2026-03-20 16:59:03,238 [INFO] Starting RealSense pipeline
2026-03-20 16:59:03,580 [INFO] RealSense pipeline started successfully
2026-03-20 16:59:03,581 [INFO] Pipeline restarted successfully
2026-03-20 16:59:03,585 [INFO] MJPEG stream client connected
2026-03-20 16:59:03,593 [INFO] 127.0.0.1 - - [20/Mar/2026 16:59:03] "GET /stream HTTP/1.1" 200 -
2026-03-20 16:59:05,510 [WARNING] WARNING camera lost: cannot access local variable 'selected_click' where it is not associated with a value, lost_count=1
2026-03-20 16:59:06,215 [WARNING] WARNING camera lost: cannot access local variable 'selected_click' where it is not associated with a value, lost_count=2
2026-03-20 16:59:06,944 [WARNING] WARNING camera lost: cannot access local variable 'selected_click' where it is not associated with a value, lost_count=3
2026-03-20 16:59:07,519 [WARNING] WARNING camera lost: cannot access local variable 'selected_click' where it is not associated with a value, lost_count=4
2026-03-20 16:59:08,257 [WARNING] WARNING camera lost: cannot access local variable 'selected_click' where it is not associated with a value, lost_count=5
2026-03-20 16:59:08,258 [WARNING] Camera considered lost, attempting recovery
2026-03-20 16:59:08,258 [WARNING] Restarting RealSense pipeline
2026-03-20 16:59:09,829 [INFO] RealSense pipeline stopped
2026-03-20 16:59:11,833 [INFO] Starting RealSense pipeline
2026-03-20 16:59:12,180 [INFO] RealSense pipeline started successfully
2026-03-20 16:59:12,181 [INFO] Pipeline restarted successfully
2026-03-20 16:59:14,072 [WARNING] WARNING camera lost: cannot access local variable 'selected_click' where it is not associated with a value, lost_count=1
2026-03-20 16:59:14,889 [WARNING] WARNING camera lost: cannot access local variable 'selected_click' where it is not associated with a value, lost_count=2
2026-03-20 16:59:15,395 [WARNING] WARNING camera lost: cannot access local variable 'selected_click' where it is not associated with a value, lost_count=3
2026-03-20 16:59:16,173 [WARNING] WARNING camera lost: cannot access local variable 'selected_click' where it is not associated with a value, lost_count=4
2026-03-20 16:59:16,754 [WARNING] WARNING camera lost: cannot access local variable 'selected_click' where it is not associated with a value, lost_count=5
2026-03-20 16:59:16,754 [WARNING] Camera considered lost, attempting recovery
2026-03-20 16:59:16,754 [WARNING] Restarting RealSense pipeline
2026-03-20 16:59:17,553 [INFO] RealSense pipeline stopped
2026-03-20 16:59:19,555 [INFO] Starting RealSense pipeline
2026-03-20 16:59:19,932 [INFO] RealSense pipeline started successfully
2026-03-20 16:59:19,932 [INFO] Pipeline restarted successfully
2026-03-20 16:59:21,946 [WARNING] WARNING camera lost: cannot access local variable 'selected_click' where it is not associated with a value, lost_count=1
2026-03-20 16:59:22,687 [WARNING] WARNING camera lost: cannot access local variable 'selected_click' where it is not associated with a value, lost_count=2
2026-03-20 16:59:23,373 [WARNING] WARNING camera lost: cannot access local variable 'selected_click' where it is not associated with a value, lost_count=3
2026-03-20 16:59:24,023 [WARNING] WARNING camera lost: cannot access local variable 'selected_click' where it is not associated with a value, lost_count=4
2026-03-20 16:59:24,644 [WARNING] WARNING camera lost: cannot access local variable 'selected_click' where it is not associated with a value, lost_count=5
2026-03-20 16:59:24,644 [WARNING] Camera considered lost, attempting recovery
2026-03-20 16:59:24,645 [WARNING] Restarting RealSense pipeline
2026-03-20 16:59:26,278 [INFO] RealSense pipeline stopped
2026-03-20 16:59:28,279 [INFO] Starting RealSense pipeline
2026-03-20 16:59:28,698 [INFO] RealSense pipeline started successfully
2026-03-20 16:59:28,700 [INFO] Pipeline restarted successfully
2026-03-20 16:59:30,670 [WARNING] WARNING camera lost: cannot access local variable 'selected_click' where it is not associated with a value, lost_count=1
2026-03-20 16:59:31,432 [WARNING] WARNING camera lost: cannot access local variable 'selected_click' where it is not associated with a value, lost_count=2
2026-03-20 16:59:31,985 [WARNING] WARNING camera lost: cannot access local variable 'selected_click' where it is not associated with a value, lost_count=3
2026-03-20 16:59:32,622 [WARNING] WARNING camera lost: cannot access local variable 'selected_click' where it is not associated with a value, lost_count=4
2026-03-20 16:59:33,298 [WARNING] WARNING camera lost: cannot access local variable 'selected_click' where it is not associated with a value, lost_count=5
2026-03-20 16:59:33,299 [WARNING] Camera considered lost, attempting recovery
2026-03-20 16:59:33,299 [WARNING] Restarting RealSense pipeline
2026-03-20 16:59:34,000 [INFO] RealSense pipeline stopped
2026-03-20 16:59:36,001 [INFO] Starting RealSense pipeline
2026-03-20 16:59:36,364 [INFO] RealSense pipeline started successfully
2026-03-20 16:59:36,364 [INFO] Pipeline restarted successfully
2026-03-20 16:59:38,250 [WARNING] WARNING camera lost: cannot access local variable 'selected_click' where it is not associated with a value, lost_count=1
2026-03-20 16:59:39,049 [WARNING] WARNING camera lost: cannot access local variable 'selected_click' where it is not associated with a value, lost_count=2
2026-03-20 16:59:39,530 [WARNING] WARNING camera lost: cannot access local variable 'selected_click' where it is not associated with a value, lost_count=3
2026-03-20 16:59:40,335 [WARNING] WARNING camera lost: cannot access local variable 'selected_click' where it is not associated with a value, lost_count=4
2026-03-20 16:59:40,997 [WARNING] WARNING camera lost: cannot access local variable 'selected_click' where it is not associated with a value, lost_count=5
2026-03-20 16:59:40,997 [WARNING] Camera considered lost, attempting recovery
2026-03-20 16:59:40,998 [WARNING] Restarting RealSense pipeline
2026-03-20 16:59:41,758 [INFO] RealSense pipeline stopped
2026-03-20 16:59:43,763 [INFO] Starting RealSense pipeline
2026-03-20 16:59:44,162 [INFO] RealSense pipeline started successfully
2026-03-20 16:59:44,163 [INFO] Pipeline restarted successfully
2026-03-20 16:59:46,218 [WARNING] WARNING camera lost: cannot access local variable 'selected_click' where it is not associated with a value, lost_count=1
2026-03-20 16:59:46,902 [WARNING] WARNING camera lost: cannot access local variable 'selected_click' where it is not associated with a value, lost_count=2
2026-03-20 16:59:47,363 [WARNING] WARNING camera lost: cannot access local variable 'selected_click' where it is not associated with a value, lost_count=3
2026-03-20 16:59:48,120 [WARNING] WARNING camera lost: cannot access local variable 'selected_click' where it is not associated with a value, lost_count=4
2026-03-20 16:59:48,836 [WARNING] WARNING camera lost: cannot access local variable 'selected_click' where it is not associated with a value, lost_count=5
2026-03-20 16:59:48,836 [WARNING] Camera considered lost, attempting recovery
2026-03-20 16:59:48,837 [WARNING] Restarting RealSense pipeline
2026-03-20 16:59:50,543 [INFO] RealSense pipeline stopped
2026-03-20 16:59:52,544 [INFO] Starting RealSense pipeline
2026-03-20 16:59:52,908 [INFO] RealSense pipeline started successfully
2026-03-20 16:59:52,908 [INFO] Pipeline restarted successfully
2026-03-20 16:59:54,822 [WARNING] WARNING camera lost: cannot access local variable 'selected_click' where it is not associated with a value, lost_count=1
2026-03-20 16:59:55,710 [WARNING] WARNING camera lost: cannot access local variable 'selected_click' where it is not associated with a value, lost_count=2
2026-03-20 16:59:56,390 [WARNING] WARNING camera lost: cannot access local variable 'selected_click' where it is not associated with a value, lost_count=3
2026-03-20 16:59:57,077 [WARNING] WARNING camera lost: cannot access local variable 'selected_click' where it is not associated with a value, lost_count=4
2026-03-20 16:59:57,741 [WARNING] WARNING camera lost: cannot access local variable 'selected_click' where it is not associated with a value, lost_count=5
2026-03-20 16:59:57,742 [WARNING] Camera considered lost, attempting recovery
2026-03-20 16:59:57,742 [WARNING] Restarting RealSense pipeline
2026-03-20 16:59:58,353 [INFO] RealSense pipeline stopped
2026-03-20 17:00:00,354 [INFO] Starting RealSense pipeline
2026-03-20 17:00:00,753 [INFO] RealSense pipeline started successfully
2026-03-20 17:00:00,754 [INFO] Pipeline restarted successfully
2026-03-20 17:00:02,673 [WARNING] WARNING camera lost: cannot access local variable 'selected_click' where it is not associated with a value, lost_count=1
2026-03-20 17:00:03,472 [WARNING] WARNING camera lost: cannot access local variable 'selected_click' where it is not associated with a value, lost_count=2
2026-03-20 17:00:04,149 [WARNING] WARNING camera lost: cannot access local variable 'selected_click' where it is not associated with a value, lost_count=3
2026-03-20 17:00:04,877 [WARNING] WARNING camera lost: cannot access local variable 'selected_click' where it is not associated with a value, lost_count=4
2026-03-20 17:00:05,530 [WARNING] WARNING camera lost: cannot access local variable 'selected_click' where it is not associated with a value, lost_count=5
2026-03-20 17:00:05,530 [WARNING] Camera considered lost, attempting recovery
2026-03-20 17:00:05,530 [WARNING] Restarting RealSense pipeline
2026-03-20 17:00:06,128 [INFO] RealSense pipeline stopped
2026-03-20 17:00:08,129 [INFO] Starting RealSense pipeline
2026-03-20 17:00:08,511 [INFO] RealSense pipeline started successfully
2026-03-20 17:00:08,513 [INFO] Pipeline restarted successfully
2026-03-20 17:00:10,433 [WARNING] WARNING camera lost: cannot access local variable 'selected_click' where it is not associated with a value, lost_count=1
2026-03-20 17:00:11,298 [WARNING] WARNING camera lost: cannot access local variable 'selected_click' where it is not associated with a value, lost_count=2
2026-03-20 17:00:11,956 [WARNING] WARNING camera lost: cannot access local variable 'selected_click' where it is not associated with a value, lost_count=3
2026-03-20 17:00:12,590 [WARNING] WARNING camera lost: cannot access local variable 'selected_click' where it is not associated with a value, lost_count=4
2026-03-20 17:00:13,305 [WARNING] WARNING camera lost: cannot access local variable 'selected_click' where it is not associated with a value, lost_count=5
2026-03-20 17:00:13,306 [WARNING] Camera considered lost, attempting recovery
2026-03-20 17:00:13,306 [WARNING] Restarting RealSense pipeline
2026-03-20 17:00:14,875 [INFO] RealSense pipeline stopped
2026-03-20 17:00:16,778 [INFO] 127.0.0.1 - - [20/Mar/2026 17:00:16] "GET / HTTP/1.1" 200 -
2026-03-20 17:00:16,847 [INFO] MJPEG stream client connected
2026-03-20 17:00:16,848 [INFO] 127.0.0.1 - - [20/Mar/2026 17:00:16] "GET /stream HTTP/1.1" 200 -
2026-03-20 17:00:16,878 [INFO] Starting RealSense pipeline
2026-03-20 17:00:17,320 [INFO] RealSense pipeline started successfully
2026-03-20 17:00:17,320 [INFO] Pipeline restarted successfully
2026-03-20 17:00:17,340 [INFO] 127.0.0.1 - - [20/Mar/2026 17:00:17] "[33mGET /favicon.ico HTTP/1.1[0m" 404 -
2026-03-20 17:00:19,628 [WARNING] WARNING camera lost: cannot access local variable 'selected_click' where it is not associated with a value, lost_count=1
2026-03-20 17:00:20,316 [WARNING] WARNING camera lost: cannot access local variable 'selected_click' where it is not associated with a value, lost_count=2
2026-03-20 17:00:21,118 [WARNING] WARNING camera lost: cannot access local variable 'selected_click' where it is not associated with a value, lost_count=3
2026-03-20 17:00:21,814 [WARNING] WARNING camera lost: cannot access local variable 'selected_click' where it is not associated with a value, lost_count=4
2026-03-20 17:00:22,563 [WARNING] WARNING camera lost: cannot access local variable 'selected_click' where it is not associated with a value, lost_count=5
2026-03-20 17:00:22,564 [WARNING] Camera considered lost, attempting recovery
2026-03-20 17:00:22,564 [WARNING] Restarting RealSense pipeline
2026-03-20 17:00:23,728 [INFO] RealSense pipeline stopped
2026-03-20 17:00:24,341 [INFO] MJPEG stream client connected
2026-03-20 17:00:24,341 [INFO] 127.0.0.1 - - [20/Mar/2026 17:00:24] "GET /stream HTTP/1.1" 200 -
2026-03-20 17:00:25,729 [INFO] Starting RealSense pipeline
2026-03-20 17:00:26,101 [INFO] RealSense pipeline started successfully
2026-03-20 17:00:26,102 [INFO] Pipeline restarted successfully
2026-03-20 17:00:28,514 [WARNING] WARNING camera lost: cannot access local variable 'selected_click' where it is not associated with a value, lost_count=1
2026-03-20 17:00:29,242 [WARNING] WARNING camera lost: cannot access local variable 'selected_click' where it is not associated with a value, lost_count=2
2026-03-20 17:00:30,200 [WARNING] WARNING camera lost: cannot access local variable 'selected_click' where it is not associated with a value, lost_count=3
2026-03-20 17:00:30,934 [WARNING] WARNING camera lost: cannot access local variable 'selected_click' where it is not associated with a value, lost_count=4
2026-03-20 17:00:31,804 [WARNING] WARNING camera lost: cannot access local variable 'selected_click' where it is not associated with a value, lost_count=5
2026-03-20 17:00:31,805 [WARNING] Camera considered lost, attempting recovery
2026-03-20 17:00:31,805 [WARNING] Restarting RealSense pipeline
2026-03-20 17:00:32,645 [INFO] RealSense pipeline stopped
2026-03-20 17:00:34,646 [INFO] Starting RealSense pipeline
2026-03-20 17:00:35,025 [INFO] RealSense pipeline started successfully
2026-03-20 17:00:35,025 [INFO] Pipeline restarted successfully
2026-03-20 17:00:37,515 [WARNING] WARNING camera lost: cannot access local variable 'selected_click' where it is not associated with a value, lost_count=1
2026-03-20 17:00:38,158 [WARNING] WARNING camera lost: cannot access local variable 'selected_click' where it is not associated with a value, lost_count=2
2026-03-20 17:00:39,032 [WARNING] WARNING camera lost: cannot access local variable 'selected_click' where it is not associated with a value, lost_count=3
2026-03-20 17:00:39,901 [WARNING] WARNING camera lost: cannot access local variable 'selected_click' where it is not associated with a value, lost_count=4
2026-03-20 17:00:40,800 [WARNING] WARNING camera lost: cannot access local variable 'selected_click' where it is not associated with a value, lost_count=5
2026-03-20 17:00:40,800 [WARNING] Camera considered lost, attempting recovery
2026-03-20 17:00:40,801 [WARNING] Restarting RealSense pipeline
2026-03-20 17:00:41,506 [INFO] RealSense pipeline stopped
2026-03-20 17:00:43,510 [INFO] Starting RealSense pipeline
2026-03-20 17:00:43,881 [INFO] RealSense pipeline started successfully
2026-03-20 17:00:43,881 [INFO] Pipeline restarted successfully
2026-03-20 17:00:46,276 [WARNING] WARNING camera lost: cannot access local variable 'selected_click' where it is not associated with a value, lost_count=1
2026-03-20 17:00:47,006 [WARNING] WARNING camera lost: cannot access local variable 'selected_click' where it is not associated with a value, lost_count=2
2026-03-20 17:00:48,002 [WARNING] WARNING camera lost: cannot access local variable 'selected_click' where it is not associated with a value, lost_count=3
2026-03-20 17:00:48,816 [WARNING] WARNING camera lost: cannot access local variable 'selected_click' where it is not associated with a value, lost_count=4
2026-03-20 17:00:49,579 [WARNING] WARNING camera lost: cannot access local variable 'selected_click' where it is not associated with a value, lost_count=5
2026-03-20 17:00:49,579 [WARNING] Camera considered lost, attempting recovery
2026-03-20 17:00:49,579 [WARNING] Restarting RealSense pipeline
2026-03-20 17:00:50,266 [INFO] RealSense pipeline stopped
2026-03-20 17:00:52,267 [INFO] Starting RealSense pipeline
2026-03-20 17:00:52,688 [INFO] RealSense pipeline started successfully
2026-03-20 17:00:52,688 [INFO] Pipeline restarted successfully
2026-03-20 17:00:55,020 [WARNING] WARNING camera lost: cannot access local variable 'selected_click' where it is not associated with a value, lost_count=1
2026-03-20 17:00:55,673 [WARNING] WARNING camera lost: cannot access local variable 'selected_click' where it is not associated with a value, lost_count=2
2026-03-20 17:00:56,605 [WARNING] WARNING camera lost: cannot access local variable 'selected_click' where it is not associated with a value, lost_count=3
2026-03-20 17:00:57,382 [WARNING] WARNING camera lost: cannot access local variable 'selected_click' where it is not associated with a value, lost_count=4
2026-03-20 17:00:58,168 [WARNING] WARNING camera lost: cannot access local variable 'selected_click' where it is not associated with a value, lost_count=5
2026-03-20 17:00:58,169 [WARNING] Camera considered lost, attempting recovery
2026-03-20 17:00:58,169 [WARNING] Restarting RealSense pipeline
2026-03-20 17:00:58,975 [INFO] RealSense pipeline stopped
2026-03-20 17:01:00,984 [INFO] Starting RealSense pipeline
2026-03-20 17:01:01,372 [INFO] RealSense pipeline started successfully
2026-03-20 17:01:01,373 [INFO] Pipeline restarted successfully
2026-03-20 17:01:03,654 [WARNING] WARNING camera lost: cannot access local variable 'selected_click' where it is not associated with a value, lost_count=1
2026-03-20 17:01:04,424 [WARNING] WARNING camera lost: cannot access local variable 'selected_click' where it is not associated with a value, lost_count=2
2026-03-20 17:01:05,302 [WARNING] WARNING camera lost: cannot access local variable 'selected_click' where it is not associated with a value, lost_count=3
2026-03-20 17:01:06,243 [WARNING] WARNING camera lost: cannot access local variable 'selected_click' where it is not associated with a value, lost_count=4
2026-03-20 17:01:07,105 [WARNING] WARNING camera lost: cannot access local variable 'selected_click' where it is not associated with a value, lost_count=5
2026-03-20 17:01:07,105 [WARNING] Camera considered lost, attempting recovery
2026-03-20 17:01:07,105 [WARNING] Restarting RealSense pipeline
2026-03-20 17:01:07,932 [INFO] RealSense pipeline stopped
2026-03-20 17:01:09,936 [INFO] Starting RealSense pipeline
2026-03-20 17:01:10,311 [INFO] RealSense pipeline started successfully
2026-03-20 17:01:10,312 [INFO] Pipeline restarted successfully
2026-03-20 17:01:12,611 [WARNING] WARNING camera lost: cannot access local variable 'selected_click' where it is not associated with a value, lost_count=1
2026-03-20 17:01:13,234 [WARNING] WARNING camera lost: cannot access local variable 'selected_click' where it is not associated with a value, lost_count=2
2026-03-20 17:01:14,061 [WARNING] WARNING camera lost: cannot access local variable 'selected_click' where it is not associated with a value, lost_count=3
2026-03-20 17:01:14,852 [WARNING] WARNING camera lost: cannot access local variable 'selected_click' where it is not associated with a value, lost_count=4
2026-03-20 17:01:15,566 [WARNING] WARNING camera lost: cannot access local variable 'selected_click' where it is not associated with a value, lost_count=5
2026-03-20 17:01:15,566 [WARNING] Camera considered lost, attempting recovery
2026-03-20 17:01:15,566 [WARNING] Restarting RealSense pipeline
2026-03-20 17:01:16,643 [INFO] RealSense pipeline stopped
2026-03-20 17:01:18,645 [INFO] Starting RealSense pipeline
2026-03-20 17:01:19,051 [INFO] RealSense pipeline started successfully
2026-03-20 17:01:19,051 [INFO] Pipeline restarted successfully
2026-03-20 17:01:21,359 [WARNING] WARNING camera lost: cannot access local variable 'selected_click' where it is not associated with a value, lost_count=1
2026-03-20 17:01:22,202 [WARNING] WARNING camera lost: cannot access local variable 'selected_click' where it is not associated with a value, lost_count=2
2026-03-20 17:01:23,129 [WARNING] WARNING camera lost: cannot access local variable 'selected_click' where it is not associated with a value, lost_count=3
2026-03-20 17:01:23,902 [WARNING] WARNING camera lost: cannot access local variable 'selected_click' where it is not associated with a value, lost_count=4
2026-03-20 17:01:24,703 [WARNING] WARNING camera lost: cannot access local variable 'selected_click' where it is not associated with a value, lost_count=5
2026-03-20 17:01:24,704 [WARNING] Camera considered lost, attempting recovery
2026-03-20 17:01:24,706 [WARNING] Restarting RealSense pipeline
2026-03-20 17:01:25,549 [INFO] RealSense pipeline stopped
2026-03-20 17:01:27,552 [INFO] Starting RealSense pipeline
2026-03-20 17:01:27,969 [INFO] RealSense pipeline started successfully
2026-03-20 17:01:27,970 [INFO] Pipeline restarted successfully
2026-03-20 17:01:30,231 [WARNING] WARNING camera lost: cannot access local variable 'selected_click' where it is not associated with a value, lost_count=1
2026-03-20 17:01:30,970 [WARNING] WARNING camera lost: cannot access local variable 'selected_click' where it is not associated with a value, lost_count=2
2026-03-20 17:01:31,851 [WARNING] WARNING camera lost: cannot access local variable 'selected_click' where it is not associated with a value, lost_count=3
2026-03-20 17:01:32,610 [WARNING] WARNING camera lost: cannot access local variable 'selected_click' where it is not associated with a value, lost_count=4
2026-03-20 17:01:33,377 [WARNING] WARNING camera lost: cannot access local variable 'selected_click' where it is not associated with a value, lost_count=5
2026-03-20 17:01:33,378 [WARNING] Camera considered lost, attempting recovery
2026-03-20 17:01:33,378 [WARNING] Restarting RealSense pipeline
2026-03-20 17:01:34,388 [INFO] RealSense pipeline stopped
2026-03-20 17:01:36,391 [INFO] Starting RealSense pipeline
2026-03-20 17:01:36,753 [INFO] RealSense pipeline started successfully
2026-03-20 17:01:36,753 [INFO] Pipeline restarted successfully
2026-03-20 17:01:39,183 [WARNING] WARNING camera lost: cannot access local variable 'selected_click' where it is not associated with a value, lost_count=1
2026-03-20 17:01:39,922 [WARNING] WARNING camera lost: cannot access local variable 'selected_click' where it is not associated with a value, lost_count=2
2026-03-20 17:01:40,878 [WARNING] WARNING camera lost: cannot access local variable 'selected_click' where it is not associated with a value, lost_count=3
2026-03-20 17:01:41,632 [WARNING] WARNING camera lost: cannot access local variable 'selected_click' where it is not associated with a value, lost_count=4
2026-03-20 17:01:42,397 [WARNING] WARNING camera lost: cannot access local variable 'selected_click' where it is not associated with a value, lost_count=5
2026-03-20 17:01:42,398 [WARNING] Camera considered lost, attempting recovery
2026-03-20 17:01:42,398 [WARNING] Restarting RealSense pipeline
2026-03-20 17:01:43,233 [INFO] RealSense pipeline stopped
2026-03-20 17:01:45,235 [INFO] Starting RealSense pipeline
2026-03-20 17:01:45,676 [INFO] RealSense pipeline started successfully
2026-03-20 17:01:45,677 [INFO] Pipeline restarted successfully
2026-03-20 17:01:47,792 [WARNING] WARNING camera lost: cannot access local variable 'selected_click' where it is not associated with a value, lost_count=1
2026-03-20 17:01:48,657 [WARNING] WARNING camera lost: cannot access local variable 'selected_click' where it is not associated with a value, lost_count=2
2026-03-20 17:01:49,537 [WARNING] WARNING camera lost: cannot access local variable 'selected_click' where it is not associated with a value, lost_count=3
2026-03-20 17:01:50,426 [WARNING] WARNING camera lost: cannot access local variable 'selected_click' where it is not associated with a value, lost_count=4
2026-03-20 17:01:51,203 [WARNING] WARNING camera lost: cannot access local variable 'selected_click' where it is not associated with a value, lost_count=5
2026-03-20 17:01:51,204 [WARNING] Camera considered lost, attempting recovery
2026-03-20 17:01:51,204 [WARNING] Restarting RealSense pipeline
2026-03-20 17:01:52,071 [INFO] RealSense pipeline stopped
2026-03-20 17:01:54,079 [INFO] Starting RealSense pipeline
2026-03-20 17:01:54,459 [INFO] RealSense pipeline started successfully
2026-03-20 17:01:54,460 [INFO] Pipeline restarted successfully
2026-03-20 17:01:56,839 [WARNING] WARNING camera lost: cannot access local variable 'selected_click' where it is not associated with a value, lost_count=1
2026-03-20 17:01:57,463 [WARNING] WARNING camera lost: cannot access local variable 'selected_click' where it is not associated with a value, lost_count=2
2026-03-20 17:01:58,365 [WARNING] WARNING camera lost: cannot access local variable 'selected_click' where it is not associated with a value, lost_count=3
2026-03-20 17:01:59,096 [WARNING] WARNING camera lost: cannot access local variable 'selected_click' where it is not associated with a value, lost_count=4
2026-03-20 17:01:59,852 [WARNING] WARNING camera lost: cannot access local variable 'selected_click' where it is not associated with a value, lost_count=5
2026-03-20 17:01:59,856 [WARNING] Camera considered lost, attempting recovery
2026-03-20 17:01:59,856 [WARNING] Restarting RealSense pipeline
2026-03-20 17:02:00,818 [INFO] RealSense pipeline stopped
2026-03-20 17:02:02,820 [INFO] Starting RealSense pipeline
2026-03-20 17:02:03,250 [INFO] RealSense pipeline started successfully
2026-03-20 17:02:03,250 [INFO] Pipeline restarted successfully
2026-03-20 17:02:05,568 [WARNING] WARNING camera lost: cannot access local variable 'selected_click' where it is not associated with a value, lost_count=1
2026-03-20 17:02:06,291 [WARNING] WARNING camera lost: cannot access local variable 'selected_click' where it is not associated with a value, lost_count=2
2026-03-20 17:02:07,263 [WARNING] WARNING camera lost: cannot access local variable 'selected_click' where it is not associated with a value, lost_count=3
2026-03-20 17:02:08,020 [WARNING] WARNING camera lost: cannot access local variable 'selected_click' where it is not associated with a value, lost_count=4
2026-03-20 17:02:08,819 [WARNING] WARNING camera lost: cannot access local variable 'selected_click' where it is not associated with a value, lost_count=5
2026-03-20 17:02:08,820 [WARNING] Camera considered lost, attempting recovery
2026-03-20 17:02:08,821 [WARNING] Restarting RealSense pipeline
2026-03-20 17:02:09,657 [INFO] RealSense pipeline stopped
2026-03-20 17:02:11,662 [INFO] Starting RealSense pipeline
2026-03-20 17:02:12,037 [INFO] RealSense pipeline started successfully
2026-03-20 17:02:12,039 [INFO] Pipeline restarted successfully
2026-03-20 17:02:14,454 [WARNING] WARNING camera lost: cannot access local variable 'selected_click' where it is not associated with a value, lost_count=1
2026-03-20 17:02:15,190 [WARNING] WARNING camera lost: cannot access local variable 'selected_click' where it is not associated with a value, lost_count=2
2026-03-20 17:02:16,093 [WARNING] WARNING camera lost: cannot access local variable 'selected_click' where it is not associated with a value, lost_count=3
2026-03-20 17:02:16,949 [WARNING] WARNING camera lost: cannot access local variable 'selected_click' where it is not associated with a value, lost_count=4
2026-03-20 17:02:17,789 [WARNING] WARNING camera lost: cannot access local variable 'selected_click' where it is not associated with a value, lost_count=5
2026-03-20 17:02:17,789 [WARNING] Camera considered lost, attempting recovery
2026-03-20 17:02:17,790 [WARNING] Restarting RealSense pipeline
2026-03-20 17:02:18,429 [INFO] RealSense pipeline stopped
2026-03-20 17:02:20,432 [INFO] Starting RealSense pipeline
2026-03-20 17:02:20,801 [INFO] RealSense pipeline started successfully
2026-03-20 17:02:20,807 [INFO] Pipeline restarted successfully
2026-03-20 17:02:23,072 [WARNING] WARNING camera lost: cannot access local variable 'selected_click' where it is not associated with a value, lost_count=1
2026-03-20 17:02:24,140 [WARNING] WARNING camera lost: cannot access local variable 'selected_click' where it is not associated with a value, lost_count=2
2026-03-20 17:02:25,042 [WARNING] WARNING camera lost: cannot access local variable 'selected_click' where it is not associated with a value, lost_count=3
2026-03-20 17:02:25,873 [WARNING] WARNING camera lost: cannot access local variable 'selected_click' where it is not associated with a value, lost_count=4
2026-03-20 17:02:26,665 [WARNING] WARNING camera lost: cannot access local variable 'selected_click' where it is not associated with a value, lost_count=5
2026-03-20 17:02:26,666 [WARNING] Camera considered lost, attempting recovery
2026-03-20 17:02:26,666 [WARNING] Restarting RealSense pipeline
2026-03-20 17:02:27,388 [INFO] RealSense pipeline stopped
2026-03-20 17:02:29,391 [INFO] Starting RealSense pipeline
2026-03-20 17:02:29,789 [INFO] RealSense pipeline started successfully
2026-03-20 17:02:29,789 [INFO] Pipeline restarted successfully
2026-03-20 17:02:32,298 [WARNING] WARNING camera lost: cannot access local variable 'selected_click' where it is not associated with a value, lost_count=1
2026-03-20 17:02:33,000 [WARNING] WARNING camera lost: cannot access local variable 'selected_click' where it is not associated with a value, lost_count=2
2026-03-20 17:02:33,849 [WARNING] WARNING camera lost: cannot access local variable 'selected_click' where it is not associated with a value, lost_count=3
2026-03-20 17:02:34,702 [WARNING] WARNING camera lost: cannot access local variable 'selected_click' where it is not associated with a value, lost_count=4
2026-03-20 17:02:35,550 [WARNING] WARNING camera lost: cannot access local variable 'selected_click' where it is not associated with a value, lost_count=5
2026-03-20 17:02:35,551 [WARNING] Camera considered lost, attempting recovery
2026-03-20 17:02:35,551 [WARNING] Restarting RealSense pipeline
2026-03-20 17:02:36,319 [INFO] RealSense pipeline stopped
2026-03-20 17:02:38,319 [INFO] Starting RealSense pipeline
2026-03-20 17:02:38,730 [INFO] RealSense pipeline started successfully
2026-03-20 17:02:38,730 [INFO] Pipeline restarted successfully
2026-03-20 17:02:41,203 [WARNING] WARNING camera lost: cannot access local variable 'selected_click' where it is not associated with a value, lost_count=1
2026-03-20 17:02:41,885 [WARNING] WARNING camera lost: cannot access local variable 'selected_click' where it is not associated with a value, lost_count=2
2026-03-20 17:02:42,831 [WARNING] WARNING camera lost: cannot access local variable 'selected_click' where it is not associated with a value, lost_count=3
2026-03-20 17:02:43,691 [WARNING] WARNING camera lost: cannot access local variable 'selected_click' where it is not associated with a value, lost_count=4
2026-03-20 17:02:44,443 [WARNING] WARNING camera lost: cannot access local variable 'selected_click' where it is not associated with a value, lost_count=5
2026-03-20 17:02:44,444 [WARNING] Camera considered lost, attempting recovery
2026-03-20 17:02:44,444 [WARNING] Restarting RealSense pipeline
2026-03-20 17:02:45,218 [INFO] RealSense pipeline stopped
2026-03-20 17:02:47,219 [INFO] Starting RealSense pipeline
2026-03-20 17:02:47,591 [INFO] RealSense pipeline started successfully
2026-03-20 17:02:47,600 [INFO] Pipeline restarted successfully
2026-03-20 17:02:49,786 [WARNING] WARNING camera lost: cannot access local variable 'selected_click' where it is not associated with a value, lost_count=1
2026-03-20 17:02:50,613 [WARNING] WARNING camera lost: cannot access local variable 'selected_click' where it is not associated with a value, lost_count=2
2026-03-20 17:02:51,509 [WARNING] WARNING camera lost: cannot access local variable 'selected_click' where it is not associated with a value, lost_count=3
2026-03-20 17:02:52,314 [WARNING] WARNING camera lost: cannot access local variable 'selected_click' where it is not associated with a value, lost_count=4
2026-03-20 17:02:53,163 [WARNING] WARNING camera lost: cannot access local variable 'selected_click' where it is not associated with a value, lost_count=5
2026-03-20 17:02:53,163 [WARNING] Camera considered lost, attempting recovery
2026-03-20 17:02:53,163 [WARNING] Restarting RealSense pipeline
2026-03-20 17:02:53,997 [INFO] RealSense pipeline stopped
2026-03-20 17:02:55,998 [INFO] Starting RealSense pipeline
2026-03-20 17:02:56,408 [INFO] RealSense pipeline started successfully
2026-03-20 17:02:56,408 [INFO] Pipeline restarted successfully
2026-03-20 17:02:58,618 [WARNING] WARNING camera lost: cannot access local variable 'selected_click' where it is not associated with a value, lost_count=1
2026-03-20 17:02:59,428 [WARNING] WARNING camera lost: cannot access local variable 'selected_click' where it is not associated with a value, lost_count=2
2026-03-20 17:03:00,321 [WARNING] WARNING camera lost: cannot access local variable 'selected_click' where it is not associated with a value, lost_count=3
2026-03-20 17:03:01,105 [WARNING] WARNING camera lost: cannot access local variable 'selected_click' where it is not associated with a value, lost_count=4
2026-03-20 17:03:01,715 [WARNING] WARNING camera lost: cannot access local variable 'selected_click' where it is not associated with a value, lost_count=5
2026-03-20 17:03:01,716 [WARNING] Camera considered lost, attempting recovery
2026-03-20 17:03:01,716 [WARNING] Restarting RealSense pipeline
2026-03-20 17:03:01,819 [INFO] RealSense pipeline stopped
2026-03-20 17:03:03,826 [INFO] Starting RealSense pipeline
2026-03-20 17:03:04,253 [INFO] RealSense pipeline started successfully
2026-03-20 17:03:04,253 [INFO] Pipeline restarted successfully
2026-03-20 17:03:06,582 [WARNING] WARNING camera lost: cannot access local variable 'selected_click' where it is not associated with a value, lost_count=1
2026-03-20 17:03:07,259 [WARNING] WARNING camera lost: cannot access local variable 'selected_click' where it is not associated with a value, lost_count=2
2026-03-20 17:03:08,224 [WARNING] WARNING camera lost: cannot access local variable 'selected_click' where it is not associated with a value, lost_count=3
2026-03-20 17:03:08,981 [WARNING] WARNING camera lost: cannot access local variable 'selected_click' where it is not associated with a value, lost_count=4
2026-03-20 17:03:09,912 [WARNING] WARNING camera lost: cannot access local variable 'selected_click' where it is not associated with a value, lost_count=5
2026-03-20 17:03:09,913 [WARNING] Camera considered lost, attempting recovery
2026-03-20 17:03:09,913 [WARNING] Restarting RealSense pipeline
2026-03-20 17:03:10,711 [INFO] RealSense pipeline stopped
2026-03-20 17:03:12,714 [INFO] Starting RealSense pipeline
2026-03-20 17:03:13,069 [INFO] RealSense pipeline started successfully
2026-03-20 17:03:13,070 [INFO] Pipeline restarted successfully
2026-03-20 17:03:15,455 [WARNING] WARNING camera lost: cannot access local variable 'selected_click' where it is not associated with a value, lost_count=1
2026-03-20 17:03:16,121 [WARNING] WARNING camera lost: cannot access local variable 'selected_click' where it is not associated with a value, lost_count=2
2026-03-20 17:03:16,937 [WARNING] WARNING camera lost: cannot access local variable 'selected_click' where it is not associated with a value, lost_count=3
2026-03-20 17:03:17,696 [WARNING] WARNING camera lost: cannot access local variable 'selected_click' where it is not associated with a value, lost_count=4
2026-03-20 17:03:18,443 [WARNING] WARNING camera lost: cannot access local variable 'selected_click' where it is not associated with a value, lost_count=5
2026-03-20 17:03:18,443 [WARNING] Camera considered lost, attempting recovery
2026-03-20 17:03:18,443 [WARNING] Restarting RealSense pipeline
2026-03-20 17:03:19,452 [INFO] RealSense pipeline stopped
2026-03-20 17:03:21,456 [INFO] Starting RealSense pipeline
2026-03-20 17:03:21,834 [INFO] RealSense pipeline started successfully
2026-03-20 17:03:21,835 [INFO] Pipeline restarted successfully
2026-03-20 17:03:24,103 [WARNING] WARNING camera lost: cannot access local variable 'selected_click' where it is not associated with a value, lost_count=1
2026-03-20 17:03:24,759 [WARNING] WARNING camera lost: cannot access local variable 'selected_click' where it is not associated with a value, lost_count=2
2026-03-20 17:03:25,640 [WARNING] WARNING camera lost: cannot access local variable 'selected_click' where it is not associated with a value, lost_count=3
2026-03-20 17:03:26,357 [WARNING] WARNING camera lost: cannot access local variable 'selected_click' where it is not associated with a value, lost_count=4
2026-03-20 17:03:27,029 [WARNING] WARNING camera lost: cannot access local variable 'selected_click' where it is not associated with a value, lost_count=5
2026-03-20 17:03:27,031 [WARNING] Camera considered lost, attempting recovery
2026-03-20 17:03:27,032 [WARNING] Restarting RealSense pipeline
2026-03-20 17:03:28,194 [INFO] RealSense pipeline stopped
2026-03-20 17:03:30,195 [INFO] Starting RealSense pipeline
2026-03-20 17:03:30,606 [INFO] RealSense pipeline started successfully
2026-03-20 17:03:30,607 [INFO] Pipeline restarted successfully
2026-03-20 17:03:33,015 [WARNING] WARNING camera lost: cannot access local variable 'selected_click' where it is not associated with a value, lost_count=1
2026-03-20 17:03:33,710 [WARNING] WARNING camera lost: cannot access local variable 'selected_click' where it is not associated with a value, lost_count=2
2026-03-20 17:03:34,707 [WARNING] WARNING camera lost: cannot access local variable 'selected_click' where it is not associated with a value, lost_count=3
2026-03-20 17:03:35,425 [WARNING] WARNING camera lost: cannot access local variable 'selected_click' where it is not associated with a value, lost_count=4
2026-03-20 17:03:36,182 [WARNING] WARNING camera lost: cannot access local variable 'selected_click' where it is not associated with a value, lost_count=5
2026-03-20 17:03:36,183 [WARNING] Camera considered lost, attempting recovery
2026-03-20 17:03:36,183 [WARNING] Restarting RealSense pipeline
2026-03-20 17:03:37,012 [INFO] RealSense pipeline stopped
2026-03-20 17:03:39,014 [INFO] Starting RealSense pipeline
2026-03-20 17:03:39,386 [INFO] RealSense pipeline started successfully
2026-03-20 17:03:39,386 [INFO] Pipeline restarted successfully
2026-03-20 17:03:41,808 [WARNING] WARNING camera lost: cannot access local variable 'selected_click' where it is not associated with a value, lost_count=1
2026-03-20 17:03:42,497 [WARNING] WARNING camera lost: cannot access local variable 'selected_click' where it is not associated with a value, lost_count=2
2026-03-20 17:03:43,373 [WARNING] WARNING camera lost: cannot access local variable 'selected_click' where it is not associated with a value, lost_count=3
2026-03-20 17:03:44,176 [WARNING] WARNING camera lost: cannot access local variable 'selected_click' where it is not associated with a value, lost_count=4
2026-03-20 17:03:45,020 [WARNING] WARNING camera lost: cannot access local variable 'selected_click' where it is not associated with a value, lost_count=5
2026-03-20 17:03:45,020 [WARNING] Camera considered lost, attempting recovery
2026-03-20 17:03:45,022 [WARNING] Restarting RealSense pipeline
2026-03-20 17:03:45,790 [INFO] RealSense pipeline stopped
2026-03-20 17:03:47,792 [INFO] Starting RealSense pipeline
2026-03-20 17:03:48,178 [INFO] RealSense pipeline started successfully
2026-03-20 17:03:48,179 [INFO] Pipeline restarted successfully
2026-03-20 17:03:50,543 [WARNING] WARNING camera lost: cannot access local variable 'selected_click' where it is not associated with a value, lost_count=1
2026-03-20 17:03:51,190 [WARNING] WARNING camera lost: cannot access local variable 'selected_click' where it is not associated with a value, lost_count=2
2026-03-20 17:03:52,121 [WARNING] WARNING camera lost: cannot access local variable 'selected_click' where it is not associated with a value, lost_count=3
2026-03-20 17:03:52,849 [WARNING] WARNING camera lost: cannot access local variable 'selected_click' where it is not associated with a value, lost_count=4
2026-03-20 17:03:53,682 [WARNING] WARNING camera lost: cannot access local variable 'selected_click' where it is not associated with a value, lost_count=5
2026-03-20 17:03:53,682 [WARNING] Camera considered lost, attempting recovery
2026-03-20 17:03:53,683 [WARNING] Restarting RealSense pipeline
2026-03-20 17:03:54,558 [INFO] RealSense pipeline stopped
2026-03-20 17:03:56,570 [INFO] Starting RealSense pipeline
2026-03-20 17:03:56,883 [INFO] RealSense pipeline started successfully
2026-03-20 17:03:56,884 [INFO] Pipeline restarted successfully
2026-03-20 17:03:59,311 [WARNING] WARNING camera lost: cannot access local variable 'selected_click' where it is not associated with a value, lost_count=1
2026-03-20 17:04:00,037 [WARNING] WARNING camera lost: cannot access local variable 'selected_click' where it is not associated with a value, lost_count=2
2026-03-20 17:04:00,917 [WARNING] WARNING camera lost: cannot access local variable 'selected_click' where it is not associated with a value, lost_count=3
2026-03-20 17:04:01,694 [WARNING] WARNING camera lost: cannot access local variable 'selected_click' where it is not associated with a value, lost_count=4
2026-03-20 17:04:02,515 [WARNING] WARNING camera lost: cannot access local variable 'selected_click' where it is not associated with a value, lost_count=5
2026-03-20 17:04:02,517 [WARNING] Camera considered lost, attempting recovery
2026-03-20 17:04:02,517 [WARNING] Restarting RealSense pipeline
2026-03-20 17:04:03,231 [INFO] RealSense pipeline stopped
2026-03-20 17:04:05,232 [INFO] Starting RealSense pipeline
2026-03-20 17:04:05,618 [INFO] RealSense pipeline started successfully
2026-03-20 17:04:05,619 [INFO] Pipeline restarted successfully
2026-03-20 17:04:07,865 [WARNING] WARNING camera lost: cannot access local variable 'selected_click' where it is not associated with a value, lost_count=1
2026-03-20 17:04:08,727 [WARNING] WARNING camera lost: cannot access local variable 'selected_click' where it is not associated with a value, lost_count=2
2026-03-20 17:04:09,549 [WARNING] WARNING camera lost: cannot access local variable 'selected_click' where it is not associated with a value, lost_count=3
2026-03-20 17:04:10,375 [WARNING] WARNING camera lost: cannot access local variable 'selected_click' where it is not associated with a value, lost_count=4
2026-03-20 17:04:11,039 [WARNING] WARNING camera lost: cannot access local variable 'selected_click' where it is not associated with a value, lost_count=5
2026-03-20 17:04:11,041 [WARNING] Camera considered lost, attempting recovery
2026-03-20 17:04:11,042 [WARNING] Restarting RealSense pipeline
2026-03-20 17:04:12,186 [INFO] RealSense pipeline stopped
2026-03-20 17:04:14,190 [INFO] Starting RealSense pipeline
2026-03-20 17:04:14,616 [INFO] RealSense pipeline started successfully
2026-03-20 17:04:14,616 [INFO] Pipeline restarted successfully
2026-03-20 17:04:16,964 [WARNING] WARNING camera lost: cannot access local variable 'selected_click' where it is not associated with a value, lost_count=1
2026-03-20 17:04:17,664 [WARNING] WARNING camera lost: cannot access local variable 'selected_click' where it is not associated with a value, lost_count=2
2026-03-20 17:04:18,616 [WARNING] WARNING camera lost: cannot access local variable 'selected_click' where it is not associated with a value, lost_count=3
2026-03-20 17:04:19,401 [WARNING] WARNING camera lost: cannot access local variable 'selected_click' where it is not associated with a value, lost_count=4
2026-03-20 17:04:20,163 [WARNING] WARNING camera lost: cannot access local variable 'selected_click' where it is not associated with a value, lost_count=5
2026-03-20 17:04:20,163 [WARNING] Camera considered lost, attempting recovery
2026-03-20 17:04:20,165 [WARNING] Restarting RealSense pipeline
2026-03-20 17:04:20,972 [INFO] RealSense pipeline stopped
2026-03-20 17:04:22,976 [INFO] Starting RealSense pipeline
2026-03-20 17:04:23,366 [INFO] RealSense pipeline started successfully
2026-03-20 17:04:23,370 [INFO] Pipeline restarted successfully
2026-03-20 17:04:25,676 [WARNING] WARNING camera lost: cannot access local variable 'selected_click' where it is not associated with a value, lost_count=1
2026-03-20 17:04:26,485 [WARNING] WARNING camera lost: cannot access local variable 'selected_click' where it is not associated with a value, lost_count=2
2026-03-20 17:04:27,460 [WARNING] WARNING camera lost: cannot access local variable 'selected_click' where it is not associated with a value, lost_count=3
2026-03-20 17:04:28,296 [WARNING] WARNING camera lost: cannot access local variable 'selected_click' where it is not associated with a value, lost_count=4
2026-03-20 17:04:29,126 [WARNING] WARNING camera lost: cannot access local variable 'selected_click' where it is not associated with a value, lost_count=5
2026-03-20 17:04:29,132 [WARNING] Camera considered lost, attempting recovery
2026-03-20 17:04:29,134 [WARNING] Restarting RealSense pipeline
2026-03-20 17:04:29,985 [INFO] RealSense pipeline stopped
2026-03-20 17:04:31,990 [INFO] Starting RealSense pipeline
2026-03-20 17:04:32,332 [INFO] RealSense pipeline started successfully
2026-03-20 17:04:32,336 [INFO] Pipeline restarted successfully
2026-03-20 17:04:34,720 [WARNING] WARNING camera lost: cannot access local variable 'selected_click' where it is not associated with a value, lost_count=1
2026-03-20 17:04:35,467 [WARNING] WARNING camera lost: cannot access local variable 'selected_click' where it is not associated with a value, lost_count=2
2026-03-20 17:04:36,404 [WARNING] WARNING camera lost: cannot access local variable 'selected_click' where it is not associated with a value, lost_count=3
2026-03-20 17:04:37,230 [WARNING] WARNING camera lost: cannot access local variable 'selected_click' where it is not associated with a value, lost_count=4
2026-03-20 17:04:38,023 [WARNING] WARNING camera lost: cannot access local variable 'selected_click' where it is not associated with a value, lost_count=5
2026-03-20 17:04:38,024 [WARNING] Camera considered lost, attempting recovery
2026-03-20 17:04:38,025 [WARNING] Restarting RealSense pipeline
2026-03-20 17:04:38,955 [INFO] RealSense pipeline stopped
2026-03-20 17:04:40,961 [INFO] Starting RealSense pipeline
2026-03-20 17:04:41,354 [INFO] RealSense pipeline started successfully
2026-03-20 17:04:41,354 [INFO] Pipeline restarted successfully
2026-03-20 17:04:43,728 [WARNING] WARNING camera lost: cannot access local variable 'selected_click' where it is not associated with a value, lost_count=1
2026-03-20 17:04:44,418 [WARNING] WARNING camera lost: cannot access local variable 'selected_click' where it is not associated with a value, lost_count=2
2026-03-20 17:04:45,272 [WARNING] WARNING camera lost: cannot access local variable 'selected_click' where it is not associated with a value, lost_count=3
2026-03-20 17:04:46,192 [WARNING] WARNING camera lost: cannot access local variable 'selected_click' where it is not associated with a value, lost_count=4
2026-03-20 17:04:47,024 [WARNING] WARNING camera lost: cannot access local variable 'selected_click' where it is not associated with a value, lost_count=5
2026-03-20 17:04:47,025 [WARNING] Camera considered lost, attempting recovery
2026-03-20 17:04:47,025 [WARNING] Restarting RealSense pipeline
2026-03-20 17:04:47,798 [INFO] RealSense pipeline stopped
2026-03-20 17:04:49,804 [INFO] Starting RealSense pipeline
2026-03-20 17:04:50,161 [INFO] RealSense pipeline started successfully
2026-03-20 17:04:50,161 [INFO] Pipeline restarted successfully
2026-03-20 17:04:52,553 [WARNING] WARNING camera lost: cannot access local variable 'selected_click' where it is not associated with a value, lost_count=1
2026-03-20 17:04:53,284 [WARNING] WARNING camera lost: cannot access local variable 'selected_click' where it is not associated with a value, lost_count=2
2026-03-20 17:04:54,133 [WARNING] WARNING camera lost: cannot access local variable 'selected_click' where it is not associated with a value, lost_count=3
2026-03-20 17:04:54,996 [WARNING] WARNING camera lost: cannot access local variable 'selected_click' where it is not associated with a value, lost_count=4
2026-03-20 17:04:55,803 [WARNING] WARNING camera lost: cannot access local variable 'selected_click' where it is not associated with a value, lost_count=5
2026-03-20 17:04:55,804 [WARNING] Camera considered lost, attempting recovery
2026-03-20 17:04:55,804 [WARNING] Restarting RealSense pipeline
2026-03-20 17:04:56,579 [INFO] RealSense pipeline stopped
2026-03-20 17:04:58,582 [INFO] Starting RealSense pipeline
2026-03-20 17:04:58,954 [INFO] RealSense pipeline started successfully
2026-03-20 17:04:58,955 [INFO] Pipeline restarted successfully
2026-03-20 17:05:01,217 [WARNING] WARNING camera lost: cannot access local variable 'selected_click' where it is not associated with a value, lost_count=1
2026-03-20 17:05:01,898 [WARNING] WARNING camera lost: cannot access local variable 'selected_click' where it is not associated with a value, lost_count=2
2026-03-20 17:05:02,813 [WARNING] WARNING camera lost: cannot access local variable 'selected_click' where it is not associated with a value, lost_count=3
2026-03-20 17:05:03,483 [WARNING] WARNING camera lost: cannot access local variable 'selected_click' where it is not associated with a value, lost_count=4
2026-03-20 17:05:04,180 [WARNING] WARNING camera lost: cannot access local variable 'selected_click' where it is not associated with a value, lost_count=5
2026-03-20 17:05:04,181 [WARNING] Camera considered lost, attempting recovery
2026-03-20 17:05:04,182 [WARNING] Restarting RealSense pipeline
2026-03-20 17:05:05,270 [INFO] RealSense pipeline stopped
2026-03-20 17:05:07,272 [INFO] Starting RealSense pipeline
2026-03-20 17:05:07,705 [INFO] RealSense pipeline started successfully
2026-03-20 17:05:07,709 [INFO] Pipeline restarted successfully
2026-03-20 17:05:09,845 [WARNING] WARNING camera lost: cannot access local variable 'selected_click' where it is not associated with a value, lost_count=1
2026-03-20 17:05:10,714 [WARNING] WARNING camera lost: cannot access local variable 'selected_click' where it is not associated with a value, lost_count=2
2026-03-20 17:05:11,607 [WARNING] WARNING camera lost: cannot access local variable 'selected_click' where it is not associated with a value, lost_count=3
2026-03-20 17:05:12,412 [WARNING] WARNING camera lost: cannot access local variable 'selected_click' where it is not associated with a value, lost_count=4
2026-03-20 17:05:13,030 [WARNING] WARNING camera lost: cannot access local variable 'selected_click' where it is not associated with a value, lost_count=5
2026-03-20 17:05:13,030 [WARNING] Camera considered lost, attempting recovery
2026-03-20 17:05:13,030 [WARNING] Restarting RealSense pipeline
2026-03-20 17:05:14,168 [INFO] RealSense pipeline stopped
2026-03-20 17:05:16,172 [INFO] Starting RealSense pipeline
2026-03-20 17:05:16,582 [INFO] RealSense pipeline started successfully
2026-03-20 17:05:16,583 [INFO] Pipeline restarted successfully
2026-03-20 17:05:18,952 [WARNING] WARNING camera lost: cannot access local variable 'selected_click' where it is not associated with a value, lost_count=1
2026-03-20 17:05:19,558 [WARNING] WARNING camera lost: cannot access local variable 'selected_click' where it is not associated with a value, lost_count=2
2026-03-20 17:05:20,425 [WARNING] WARNING camera lost: cannot access local variable 'selected_click' where it is not associated with a value, lost_count=3
2026-03-20 17:05:21,189 [WARNING] WARNING camera lost: cannot access local variable 'selected_click' where it is not associated with a value, lost_count=4
2026-03-20 17:05:21,799 [WARNING] WARNING camera lost: cannot access local variable 'selected_click' where it is not associated with a value, lost_count=5
2026-03-20 17:05:21,800 [WARNING] Camera considered lost, attempting recovery
2026-03-20 17:05:21,802 [WARNING] Restarting RealSense pipeline
2026-03-20 17:05:22,978 [INFO] RealSense pipeline stopped
2026-03-20 17:05:24,980 [INFO] Starting RealSense pipeline
2026-03-20 17:05:25,347 [INFO] RealSense pipeline started successfully
2026-03-20 17:05:25,347 [INFO] Pipeline restarted successfully
2026-03-20 17:05:27,687 [WARNING] WARNING camera lost: cannot access local variable 'selected_click' where it is not associated with a value, lost_count=1
2026-03-20 17:05:28,428 [WARNING] WARNING camera lost: cannot access local variable 'selected_click' where it is not associated with a value, lost_count=2
2026-03-20 17:05:29,393 [WARNING] WARNING camera lost: cannot access local variable 'selected_click' where it is not associated with a value, lost_count=3
2026-03-20 17:05:30,146 [WARNING] WARNING camera lost: cannot access local variable 'selected_click' where it is not associated with a value, lost_count=4
2026-03-20 17:05:30,948 [WARNING] WARNING camera lost: cannot access local variable 'selected_click' where it is not associated with a value, lost_count=5
2026-03-20 17:05:30,948 [WARNING] Camera considered lost, attempting recovery
2026-03-20 17:05:30,949 [WARNING] Restarting RealSense pipeline
2026-03-20 17:05:31,754 [INFO] RealSense pipeline stopped
2026-03-20 17:05:33,756 [INFO] Starting RealSense pipeline
2026-03-20 17:05:34,136 [INFO] RealSense pipeline started successfully
2026-03-20 17:05:34,137 [INFO] Pipeline restarted successfully
2026-03-20 17:05:36,339 [WARNING] WARNING camera lost: cannot access local variable 'selected_click' where it is not associated with a value, lost_count=1
2026-03-20 17:05:37,216 [WARNING] WARNING camera lost: cannot access local variable 'selected_click' where it is not associated with a value, lost_count=2
2026-03-20 17:05:38,056 [WARNING] WARNING camera lost: cannot access local variable 'selected_click' where it is not associated with a value, lost_count=3
2026-03-20 17:05:38,830 [WARNING] WARNING camera lost: cannot access local variable 'selected_click' where it is not associated with a value, lost_count=4
2026-03-20 17:05:39,473 [WARNING] WARNING camera lost: cannot access local variable 'selected_click' where it is not associated with a value, lost_count=5
2026-03-20 17:05:39,474 [WARNING] Camera considered lost, attempting recovery
2026-03-20 17:05:39,474 [WARNING] Restarting RealSense pipeline
2026-03-20 17:05:40,584 [INFO] RealSense pipeline stopped
2026-03-20 17:05:42,590 [INFO] Starting RealSense pipeline
2026-03-20 17:05:42,951 [INFO] RealSense pipeline started successfully
2026-03-20 17:05:42,953 [INFO] Pipeline restarted successfully
2026-03-20 17:05:45,371 [WARNING] WARNING camera lost: cannot access local variable 'selected_click' where it is not associated with a value, lost_count=1
2026-03-20 17:05:46,038 [WARNING] WARNING camera lost: cannot access local variable 'selected_click' where it is not associated with a value, lost_count=2
2026-03-20 17:05:46,908 [WARNING] WARNING camera lost: cannot access local variable 'selected_click' where it is not associated with a value, lost_count=3
2026-03-20 17:05:47,794 [WARNING] WARNING camera lost: cannot access local variable 'selected_click' where it is not associated with a value, lost_count=4
2026-03-20 17:05:48,604 [WARNING] WARNING camera lost: cannot access local variable 'selected_click' where it is not associated with a value, lost_count=5
2026-03-20 17:05:48,604 [WARNING] Camera considered lost, attempting recovery
2026-03-20 17:05:48,605 [WARNING] Restarting RealSense pipeline
2026-03-20 17:05:49,411 [INFO] RealSense pipeline stopped
2026-03-20 17:05:51,415 [INFO] Starting RealSense pipeline
2026-03-20 17:05:51,844 [INFO] RealSense pipeline started successfully
2026-03-20 17:05:51,846 [INFO] Pipeline restarted successfully
2026-03-20 17:05:54,199 [WARNING] WARNING camera lost: cannot access local variable 'selected_click' where it is not associated with a value, lost_count=1
2026-03-20 17:05:54,878 [WARNING] WARNING camera lost: cannot access local variable 'selected_click' where it is not associated with a value, lost_count=2
2026-03-20 17:05:55,848 [WARNING] WARNING camera lost: cannot access local variable 'selected_click' where it is not associated with a value, lost_count=3
2026-03-20 17:05:56,628 [WARNING] WARNING camera lost: cannot access local variable 'selected_click' where it is not associated with a value, lost_count=4
2026-03-20 17:05:57,384 [WARNING] WARNING camera lost: cannot access local variable 'selected_click' where it is not associated with a value, lost_count=5
2026-03-20 17:05:57,385 [WARNING] Camera considered lost, attempting recovery
2026-03-20 17:05:57,385 [WARNING] Restarting RealSense pipeline
2026-03-20 17:05:58,277 [INFO] RealSense pipeline stopped
2026-03-20 17:06:00,281 [INFO] Starting RealSense pipeline
2026-03-20 17:06:00,698 [INFO] RealSense pipeline started successfully
2026-03-20 17:06:00,700 [INFO] Pipeline restarted successfully
2026-03-20 17:06:03,036 [WARNING] WARNING camera lost: cannot access local variable 'selected_click' where it is not associated with a value, lost_count=1
2026-03-20 17:06:03,843 [WARNING] WARNING camera lost: cannot access local variable 'selected_click' where it is not associated with a value, lost_count=2
2026-03-20 17:06:04,790 [WARNING] WARNING camera lost: cannot access local variable 'selected_click' where it is not associated with a value, lost_count=3
2026-03-20 17:06:05,576 [WARNING] WARNING camera lost: cannot access local variable 'selected_click' where it is not associated with a value, lost_count=4
2026-03-20 17:06:06,415 [WARNING] WARNING camera lost: cannot access local variable 'selected_click' where it is not associated with a value, lost_count=5
2026-03-20 17:06:06,415 [WARNING] Camera considered lost, attempting recovery
2026-03-20 17:06:06,415 [WARNING] Restarting RealSense pipeline
2026-03-20 17:06:07,128 [INFO] RealSense pipeline stopped
2026-03-20 17:06:09,130 [INFO] Starting RealSense pipeline
2026-03-20 17:06:09,525 [INFO] RealSense pipeline started successfully
2026-03-20 17:06:09,526 [INFO] Pipeline restarted successfully
2026-03-20 17:06:11,857 [WARNING] WARNING camera lost: cannot access local variable 'selected_click' where it is not associated with a value, lost_count=1
2026-03-20 17:06:12,685 [WARNING] WARNING camera lost: cannot access local variable 'selected_click' where it is not associated with a value, lost_count=2
2026-03-20 17:06:13,641 [WARNING] WARNING camera lost: cannot access local variable 'selected_click' where it is not associated with a value, lost_count=3
2026-03-20 17:06:14,409 [WARNING] WARNING camera lost: cannot access local variable 'selected_click' where it is not associated with a value, lost_count=4
2026-03-20 17:06:15,150 [WARNING] WARNING camera lost: cannot access local variable 'selected_click' where it is not associated with a value, lost_count=5
2026-03-20 17:06:15,156 [WARNING] Camera considered lost, attempting recovery
2026-03-20 17:06:15,157 [WARNING] Restarting RealSense pipeline
2026-03-20 17:06:16,050 [INFO] RealSense pipeline stopped
2026-03-20 17:06:18,055 [INFO] Starting RealSense pipeline
2026-03-20 17:06:18,448 [INFO] RealSense pipeline started successfully
2026-03-20 17:06:18,449 [INFO] Pipeline restarted successfully
2026-03-20 17:06:20,690 [WARNING] WARNING camera lost: cannot access local variable 'selected_click' where it is not associated with a value, lost_count=1
2026-03-20 17:06:21,475 [WARNING] WARNING camera lost: cannot access local variable 'selected_click' where it is not associated with a value, lost_count=2
2026-03-20 17:06:22,287 [WARNING] WARNING camera lost: cannot access local variable 'selected_click' where it is not associated with a value, lost_count=3
2026-03-20 17:06:23,104 [WARNING] WARNING camera lost: cannot access local variable 'selected_click' where it is not associated with a value, lost_count=4
2026-03-20 17:06:23,937 [WARNING] WARNING camera lost: cannot access local variable 'selected_click' where it is not associated with a value, lost_count=5
2026-03-20 17:06:23,942 [WARNING] Camera considered lost, attempting recovery
2026-03-20 17:06:23,943 [WARNING] Restarting RealSense pipeline
2026-03-20 17:06:24,907 [INFO] RealSense pipeline stopped
2026-03-20 17:06:26,909 [INFO] Starting RealSense pipeline
2026-03-20 17:06:27,326 [INFO] RealSense pipeline started successfully
2026-03-20 17:06:27,326 [INFO] Pipeline restarted successfully
2026-03-20 17:06:29,760 [WARNING] WARNING camera lost: cannot access local variable 'selected_click' where it is not associated with a value, lost_count=1
2026-03-20 17:06:30,446 [WARNING] WARNING camera lost: cannot access local variable 'selected_click' where it is not associated with a value, lost_count=2
2026-03-20 17:06:31,339 [WARNING] WARNING camera lost: cannot access local variable 'selected_click' where it is not associated with a value, lost_count=3
2026-03-20 17:06:32,084 [WARNING] WARNING camera lost: cannot access local variable 'selected_click' where it is not associated with a value, lost_count=4
2026-03-20 17:06:32,787 [WARNING] WARNING camera lost: cannot access local variable 'selected_click' where it is not associated with a value, lost_count=5
2026-03-20 17:06:32,788 [WARNING] Camera considered lost, attempting recovery
2026-03-20 17:06:32,788 [WARNING] Restarting RealSense pipeline
2026-03-20 17:06:33,882 [INFO] RealSense pipeline stopped
2026-03-20 17:06:35,889 [INFO] Starting RealSense pipeline
2026-03-20 17:06:36,242 [INFO] RealSense pipeline started successfully
2026-03-20 17:06:36,242 [INFO] Pipeline restarted successfully
2026-03-20 17:06:38,596 [WARNING] WARNING camera lost: cannot access local variable 'selected_click' where it is not associated with a value, lost_count=1
2026-03-20 17:06:39,184 [WARNING] WARNING camera lost: cannot access local variable 'selected_click' where it is not associated with a value, lost_count=2
2026-03-20 17:06:40,033 [WARNING] WARNING camera lost: cannot access local variable 'selected_click' where it is not associated with a value, lost_count=3
2026-03-20 17:06:40,861 [WARNING] WARNING camera lost: cannot access local variable 'selected_click' where it is not associated with a value, lost_count=4
2026-03-20 17:06:41,528 [WARNING] WARNING camera lost: cannot access local variable 'selected_click' where it is not associated with a value, lost_count=5
2026-03-20 17:06:41,528 [WARNING] Camera considered lost, attempting recovery
2026-03-20 17:06:41,529 [WARNING] Restarting RealSense pipeline
2026-03-20 17:06:42,648 [INFO] RealSense pipeline stopped
2026-03-20 17:06:44,649 [INFO] Starting RealSense pipeline
2026-03-20 17:06:45,062 [INFO] RealSense pipeline started successfully
2026-03-20 17:06:45,063 [INFO] Pipeline restarted successfully
2026-03-20 17:06:47,358 [WARNING] WARNING camera lost: cannot access local variable 'selected_click' where it is not associated with a value, lost_count=1
2026-03-20 17:06:47,977 [WARNING] WARNING camera lost: cannot access local variable 'selected_click' where it is not associated with a value, lost_count=2
2026-03-20 17:06:48,856 [WARNING] WARNING camera lost: cannot access local variable 'selected_click' where it is not associated with a value, lost_count=3
2026-03-20 17:06:49,751 [WARNING] WARNING camera lost: cannot access local variable 'selected_click' where it is not associated with a value, lost_count=4
2026-03-20 17:06:50,560 [WARNING] WARNING camera lost: cannot access local variable 'selected_click' where it is not associated with a value, lost_count=5
2026-03-20 17:06:50,560 [WARNING] Camera considered lost, attempting recovery
2026-03-20 17:06:50,561 [WARNING] Restarting RealSense pipeline
2026-03-20 17:06:51,386 [INFO] RealSense pipeline stopped
2026-03-20 17:06:53,389 [INFO] Starting RealSense pipeline
2026-03-20 17:06:53,755 [INFO] RealSense pipeline started successfully
2026-03-20 17:06:53,760 [INFO] Pipeline restarted successfully
2026-03-20 17:06:55,934 [WARNING] WARNING camera lost: cannot access local variable 'selected_click' where it is not associated with a value, lost_count=1
2026-03-20 17:06:56,806 [WARNING] WARNING camera lost: cannot access local variable 'selected_click' where it is not associated with a value, lost_count=2
2026-03-20 17:06:57,714 [WARNING] WARNING camera lost: cannot access local variable 'selected_click' where it is not associated with a value, lost_count=3
2026-03-20 17:06:58,471 [WARNING] WARNING camera lost: cannot access local variable 'selected_click' where it is not associated with a value, lost_count=4
2026-03-20 17:06:59,105 [WARNING] WARNING camera lost: cannot access local variable 'selected_click' where it is not associated with a value, lost_count=5
2026-03-20 17:06:59,105 [WARNING] Camera considered lost, attempting recovery
2026-03-20 17:06:59,106 [WARNING] Restarting RealSense pipeline
2026-03-20 17:07:00,256 [INFO] RealSense pipeline stopped
2026-03-20 17:07:02,257 [INFO] Starting RealSense pipeline
2026-03-20 17:07:02,657 [INFO] RealSense pipeline started successfully
2026-03-20 17:07:02,658 [INFO] Pipeline restarted successfully
2026-03-20 17:07:04,705 [WARNING] WARNING camera lost: cannot access local variable 'selected_click' where it is not associated with a value, lost_count=1
2026-03-20 17:07:05,645 [WARNING] WARNING camera lost: cannot access local variable 'selected_click' where it is not associated with a value, lost_count=2
2026-03-20 17:07:06,458 [WARNING] WARNING camera lost: cannot access local variable 'selected_click' where it is not associated with a value, lost_count=3
2026-03-20 17:07:07,229 [WARNING] WARNING camera lost: cannot access local variable 'selected_click' where it is not associated with a value, lost_count=4
2026-03-20 17:07:07,882 [WARNING] WARNING camera lost: cannot access local variable 'selected_click' where it is not associated with a value, lost_count=5
2026-03-20 17:07:07,883 [WARNING] Camera considered lost, attempting recovery
2026-03-20 17:07:07,883 [WARNING] Restarting RealSense pipeline
2026-03-20 17:07:08,184 [INFO] RealSense pipeline stopped
2026-03-20 17:07:10,186 [INFO] Starting RealSense pipeline
2026-03-20 17:07:10,566 [INFO] RealSense pipeline started successfully
2026-03-20 17:07:10,567 [INFO] Pipeline restarted successfully
2026-03-20 17:07:12,733 [WARNING] WARNING camera lost: cannot access local variable 'selected_click' where it is not associated with a value, lost_count=1
2026-03-20 17:07:13,543 [WARNING] WARNING camera lost: cannot access local variable 'selected_click' where it is not associated with a value, lost_count=2
2026-03-20 17:07:14,404 [WARNING] WARNING camera lost: cannot access local variable 'selected_click' where it is not associated with a value, lost_count=3
2026-03-20 17:07:15,134 [WARNING] WARNING camera lost: cannot access local variable 'selected_click' where it is not associated with a value, lost_count=4
2026-03-20 17:07:15,814 [WARNING] WARNING camera lost: cannot access local variable 'selected_click' where it is not associated with a value, lost_count=5
2026-03-20 17:07:15,814 [WARNING] Camera considered lost, attempting recovery
2026-03-20 17:07:15,815 [WARNING] Restarting RealSense pipeline
2026-03-20 17:07:16,988 [INFO] RealSense pipeline stopped
2026-03-20 17:07:18,994 [INFO] Starting RealSense pipeline
2026-03-20 17:07:19,393 [INFO] RealSense pipeline started successfully
2026-03-20 17:07:19,394 [INFO] Pipeline restarted successfully
2026-03-20 17:07:21,747 [WARNING] WARNING camera lost: cannot access local variable 'selected_click' where it is not associated with a value, lost_count=1
2026-03-20 17:07:22,381 [WARNING] WARNING camera lost: cannot access local variable 'selected_click' where it is not associated with a value, lost_count=2
2026-03-20 17:07:23,282 [WARNING] WARNING camera lost: cannot access local variable 'selected_click' where it is not associated with a value, lost_count=3
2026-03-20 17:07:24,110 [WARNING] WARNING camera lost: cannot access local variable 'selected_click' where it is not associated with a value, lost_count=4
2026-03-20 17:07:24,884 [WARNING] WARNING camera lost: cannot access local variable 'selected_click' where it is not associated with a value, lost_count=5
2026-03-20 17:07:24,886 [WARNING] Camera considered lost, attempting recovery
2026-03-20 17:07:24,888 [WARNING] Restarting RealSense pipeline
2026-03-20 17:07:25,734 [INFO] RealSense pipeline stopped
2026-03-20 17:07:27,740 [INFO] Starting RealSense pipeline
2026-03-20 17:07:28,116 [INFO] RealSense pipeline started successfully
2026-03-20 17:07:28,119 [INFO] Pipeline restarted successfully
2026-03-20 17:07:30,454 [WARNING] WARNING camera lost: cannot access local variable 'selected_click' where it is not associated with a value, lost_count=1
2026-03-20 17:07:31,089 [WARNING] WARNING camera lost: cannot access local variable 'selected_click' where it is not associated with a value, lost_count=2
2026-03-20 17:07:31,880 [WARNING] WARNING camera lost: cannot access local variable 'selected_click' where it is not associated with a value, lost_count=3
2026-03-20 17:07:32,615 [WARNING] WARNING camera lost: cannot access local variable 'selected_click' where it is not associated with a value, lost_count=4
2026-03-20 17:07:33,317 [WARNING] WARNING camera lost: cannot access local variable 'selected_click' where it is not associated with a value, lost_count=5
2026-03-20 17:07:33,318 [WARNING] Camera considered lost, attempting recovery
2026-03-20 17:07:33,318 [WARNING] Restarting RealSense pipeline
2026-03-20 17:07:34,482 [INFO] RealSense pipeline stopped
2026-03-20 17:07:36,484 [INFO] Starting RealSense pipeline
2026-03-20 17:07:36,861 [INFO] RealSense pipeline started successfully
2026-03-20 17:07:36,862 [INFO] Pipeline restarted successfully
2026-03-20 17:07:39,196 [WARNING] WARNING camera lost: cannot access local variable 'selected_click' where it is not associated with a value, lost_count=1
2026-03-20 17:07:39,879 [WARNING] WARNING camera lost: cannot access local variable 'selected_click' where it is not associated with a value, lost_count=2
2026-03-20 17:07:40,591 [WARNING] WARNING camera lost: cannot access local variable 'selected_click' where it is not associated with a value, lost_count=3
2026-03-20 17:07:41,440 [WARNING] WARNING camera lost: cannot access local variable 'selected_click' where it is not associated with a value, lost_count=4
2026-03-20 17:07:42,491 [WARNING] WARNING camera lost: cannot access local variable 'selected_click' where it is not associated with a value, lost_count=5
2026-03-20 17:07:42,492 [WARNING] Camera considered lost, attempting recovery
2026-03-20 17:07:42,492 [WARNING] Restarting RealSense pipeline
2026-03-20 17:07:43,347 [INFO] RealSense pipeline stopped
2026-03-20 17:07:45,357 [INFO] Starting RealSense pipeline
2026-03-20 17:07:45,745 [INFO] RealSense pipeline started successfully
2026-03-20 17:07:45,745 [INFO] Pipeline restarted successfully
2026-03-20 17:07:47,841 [WARNING] WARNING camera lost: cannot access local variable 'selected_click' where it is not associated with a value, lost_count=1
2026-03-20 17:07:48,786 [WARNING] WARNING camera lost: cannot access local variable 'selected_click' where it is not associated with a value, lost_count=2
2026-03-20 17:07:49,666 [WARNING] WARNING camera lost: cannot access local variable 'selected_click' where it is not associated with a value, lost_count=3
2026-03-20 17:07:50,516 [WARNING] WARNING camera lost: cannot access local variable 'selected_click' where it is not associated with a value, lost_count=4
2026-03-20 17:07:51,246 [WARNING] WARNING camera lost: cannot access local variable 'selected_click' where it is not associated with a value, lost_count=5
2026-03-20 17:07:51,251 [WARNING] Camera considered lost, attempting recovery
2026-03-20 17:07:51,256 [WARNING] Restarting RealSense pipeline
2026-03-20 17:07:52,237 [INFO] RealSense pipeline stopped
2026-03-20 17:07:54,238 [INFO] Starting RealSense pipeline
2026-03-20 17:07:54,655 [INFO] RealSense pipeline started successfully
2026-03-20 17:07:54,656 [INFO] Pipeline restarted successfully
2026-03-20 17:07:57,086 [WARNING] WARNING camera lost: cannot access local variable 'selected_click' where it is not associated with a value, lost_count=1
2026-03-20 17:07:57,741 [WARNING] WARNING camera lost: cannot access local variable 'selected_click' where it is not associated with a value, lost_count=2
2026-03-20 17:07:58,533 [WARNING] WARNING camera lost: cannot access local variable 'selected_click' where it is not associated with a value, lost_count=3
2026-03-20 17:07:59,304 [WARNING] WARNING camera lost: cannot access local variable 'selected_click' where it is not associated with a value, lost_count=4
2026-03-20 17:07:59,963 [WARNING] WARNING camera lost: cannot access local variable 'selected_click' where it is not associated with a value, lost_count=5
2026-03-20 17:07:59,964 [WARNING] Camera considered lost, attempting recovery
2026-03-20 17:07:59,964 [WARNING] Restarting RealSense pipeline
2026-03-20 17:08:00,064 [INFO] RealSense pipeline stopped
2026-03-20 17:08:02,065 [INFO] Starting RealSense pipeline
2026-03-20 17:08:02,455 [INFO] RealSense pipeline started successfully
2026-03-20 17:08:02,456 [INFO] Pipeline restarted successfully
2026-03-20 17:08:04,832 [WARNING] WARNING camera lost: cannot access local variable 'selected_click' where it is not associated with a value, lost_count=1
2026-03-20 17:08:05,518 [WARNING] WARNING camera lost: cannot access local variable 'selected_click' where it is not associated with a value, lost_count=2
2026-03-20 17:08:06,342 [WARNING] WARNING camera lost: cannot access local variable 'selected_click' where it is not associated with a value, lost_count=3
2026-03-20 17:08:07,042 [WARNING] WARNING camera lost: cannot access local variable 'selected_click' where it is not associated with a value, lost_count=4
2026-03-20 17:08:07,701 [WARNING] WARNING camera lost: cannot access local variable 'selected_click' where it is not associated with a value, lost_count=5
2026-03-20 17:08:07,701 [WARNING] Camera considered lost, attempting recovery
2026-03-20 17:08:07,701 [WARNING] Restarting RealSense pipeline
2026-03-20 17:08:07,892 [INFO] RealSense pipeline stopped
2026-03-20 17:08:09,895 [INFO] Starting RealSense pipeline
2026-03-20 17:08:10,280 [INFO] RealSense pipeline started successfully
2026-03-20 17:08:10,284 [INFO] Pipeline restarted successfully
2026-03-20 17:08:12,519 [WARNING] WARNING camera lost: cannot access local variable 'selected_click' where it is not associated with a value, lost_count=1
2026-03-20 17:08:13,350 [WARNING] WARNING camera lost: cannot access local variable 'selected_click' where it is not associated with a value, lost_count=2
2026-03-20 17:08:14,325 [WARNING] WARNING camera lost: cannot access local variable 'selected_click' where it is not associated with a value, lost_count=3
2026-03-20 17:08:15,088 [WARNING] WARNING camera lost: cannot access local variable 'selected_click' where it is not associated with a value, lost_count=4
2026-03-20 17:08:15,911 [WARNING] WARNING camera lost: cannot access local variable 'selected_click' where it is not associated with a value, lost_count=5
2026-03-20 17:08:15,911 [WARNING] Camera considered lost, attempting recovery
2026-03-20 17:08:15,912 [WARNING] Restarting RealSense pipeline
2026-03-20 17:08:16,652 [INFO] RealSense pipeline stopped
2026-03-20 17:08:18,660 [INFO] Starting RealSense pipeline
2026-03-20 17:08:19,015 [INFO] RealSense pipeline started successfully
2026-03-20 17:08:19,018 [INFO] Pipeline restarted successfully
2026-03-20 17:08:21,417 [WARNING] WARNING camera lost: cannot access local variable 'selected_click' where it is not associated with a value, lost_count=1
2026-03-20 17:08:22,186 [WARNING] WARNING camera lost: cannot access local variable 'selected_click' where it is not associated with a value, lost_count=2
2026-03-20 17:08:23,088 [WARNING] WARNING camera lost: cannot access local variable 'selected_click' where it is not associated with a value, lost_count=3
2026-03-20 17:08:23,852 [WARNING] WARNING camera lost: cannot access local variable 'selected_click' where it is not associated with a value, lost_count=4
2026-03-20 17:08:24,682 [WARNING] WARNING camera lost: cannot access local variable 'selected_click' where it is not associated with a value, lost_count=5
2026-03-20 17:08:24,682 [WARNING] Camera considered lost, attempting recovery
2026-03-20 17:08:24,682 [WARNING] Restarting RealSense pipeline
2026-03-20 17:08:25,493 [INFO] RealSense pipeline stopped
2026-03-20 17:08:27,496 [INFO] Starting RealSense pipeline
2026-03-20 17:08:27,891 [INFO] RealSense pipeline started successfully
2026-03-20 17:08:27,892 [INFO] Pipeline restarted successfully
2026-03-20 17:08:30,252 [WARNING] WARNING camera lost: cannot access local variable 'selected_click' where it is not associated with a value, lost_count=1
2026-03-20 17:08:30,904 [WARNING] WARNING camera lost: cannot access local variable 'selected_click' where it is not associated with a value, lost_count=2
2026-03-20 17:08:31,755 [WARNING] WARNING camera lost: cannot access local variable 'selected_click' where it is not associated with a value, lost_count=3
2026-03-20 17:08:32,508 [WARNING] WARNING camera lost: cannot access local variable 'selected_click' where it is not associated with a value, lost_count=4
2026-03-20 17:08:33,173 [WARNING] WARNING camera lost: cannot access local variable 'selected_click' where it is not associated with a value, lost_count=5
2026-03-20 17:08:33,173 [WARNING] Camera considered lost, attempting recovery
2026-03-20 17:08:33,174 [WARNING] Restarting RealSense pipeline
2026-03-20 17:08:33,308 [INFO] RealSense pipeline stopped
2026-03-20 17:08:35,316 [INFO] Starting RealSense pipeline
2026-03-20 17:08:35,684 [INFO] RealSense pipeline started successfully
2026-03-20 17:08:35,689 [INFO] Pipeline restarted successfully
2026-03-20 17:08:37,910 [WARNING] WARNING camera lost: cannot access local variable 'selected_click' where it is not associated with a value, lost_count=1
2026-03-20 17:08:38,636 [WARNING] WARNING camera lost: cannot access local variable 'selected_click' where it is not associated with a value, lost_count=2
2026-03-20 17:08:39,456 [WARNING] WARNING camera lost: cannot access local variable 'selected_click' where it is not associated with a value, lost_count=3
2026-03-20 17:08:40,020 [WARNING] WARNING camera lost: cannot access local variable 'selected_click' where it is not associated with a value, lost_count=4
2026-03-20 17:08:40,823 [WARNING] WARNING camera lost: cannot access local variable 'selected_click' where it is not associated with a value, lost_count=5
2026-03-20 17:08:40,824 [WARNING] Camera considered lost, attempting recovery
2026-03-20 17:08:40,824 [WARNING] Restarting RealSense pipeline
2026-03-20 17:08:41,049 [INFO] RealSense pipeline stopped
2026-03-20 17:08:43,056 [INFO] Starting RealSense pipeline
2026-03-20 17:08:43,462 [INFO] RealSense pipeline started successfully
2026-03-20 17:08:43,462 [INFO] Pipeline restarted successfully
2026-03-20 17:08:45,786 [WARNING] WARNING camera lost: cannot access local variable 'selected_click' where it is not associated with a value, lost_count=1
2026-03-20 17:08:46,499 [WARNING] WARNING camera lost: cannot access local variable 'selected_click' where it is not associated with a value, lost_count=2
2026-03-20 17:08:47,362 [WARNING] WARNING camera lost: cannot access local variable 'selected_click' where it is not associated with a value, lost_count=3
2026-03-20 17:08:48,042 [WARNING] WARNING camera lost: cannot access local variable 'selected_click' where it is not associated with a value, lost_count=4
2026-03-20 17:08:48,690 [WARNING] WARNING camera lost: cannot access local variable 'selected_click' where it is not associated with a value, lost_count=5
2026-03-20 17:08:48,690 [WARNING] Camera considered lost, attempting recovery
2026-03-20 17:08:48,690 [WARNING] Restarting RealSense pipeline
2026-03-20 17:08:49,841 [INFO] RealSense pipeline stopped
2026-03-20 17:08:51,844 [INFO] Starting RealSense pipeline
2026-03-20 17:08:52,227 [INFO] RealSense pipeline started successfully
2026-03-20 17:08:52,230 [INFO] Pipeline restarted successfully
2026-03-20 17:08:54,329 [WARNING] WARNING camera lost: cannot access local variable 'selected_click' where it is not associated with a value, lost_count=1
2026-03-20 17:08:55,007 [WARNING] WARNING camera lost: cannot access local variable 'selected_click' where it is not associated with a value, lost_count=2
2026-03-20 17:08:55,807 [WARNING] WARNING camera lost: cannot access local variable 'selected_click' where it is not associated with a value, lost_count=3
2026-03-20 17:08:56,428 [WARNING] WARNING camera lost: cannot access local variable 'selected_click' where it is not associated with a value, lost_count=4
2026-03-20 17:08:57,094 [WARNING] WARNING camera lost: cannot access local variable 'selected_click' where it is not associated with a value, lost_count=5
2026-03-20 17:08:57,094 [WARNING] Camera considered lost, attempting recovery
2026-03-20 17:08:57,095 [WARNING] Restarting RealSense pipeline
2026-03-20 17:08:58,617 [INFO] RealSense pipeline stopped
2026-03-20 17:09:00,620 [INFO] Starting RealSense pipeline
2026-03-20 17:09:01,037 [INFO] RealSense pipeline started successfully
2026-03-20 17:09:01,039 [INFO] Pipeline restarted successfully
2026-03-20 17:09:03,056 [WARNING] WARNING camera lost: cannot access local variable 'selected_click' where it is not associated with a value, lost_count=1
2026-03-20 17:09:03,934 [WARNING] WARNING camera lost: cannot access local variable 'selected_click' where it is not associated with a value, lost_count=2
2026-03-20 17:09:04,572 [WARNING] WARNING camera lost: cannot access local variable 'selected_click' where it is not associated with a value, lost_count=3
2026-03-20 17:09:05,276 [WARNING] WARNING camera lost: cannot access local variable 'selected_click' where it is not associated with a value, lost_count=4
2026-03-20 17:09:05,886 [WARNING] WARNING camera lost: cannot access local variable 'selected_click' where it is not associated with a value, lost_count=5
2026-03-20 17:09:05,887 [WARNING] Camera considered lost, attempting recovery
2026-03-20 17:09:05,889 [WARNING] Restarting RealSense pipeline
2026-03-20 17:09:06,460 [INFO] RealSense pipeline stopped
2026-03-20 17:09:08,463 [INFO] Starting RealSense pipeline
2026-03-20 17:09:08,875 [INFO] RealSense pipeline started successfully
2026-03-20 17:09:08,885 [INFO] Pipeline restarted successfully
2026-03-20 17:09:10,896 [WARNING] WARNING camera lost: cannot access local variable 'selected_click' where it is not associated with a value, lost_count=1
2026-03-20 17:09:11,726 [WARNING] WARNING camera lost: cannot access local variable 'selected_click' where it is not associated with a value, lost_count=2
2026-03-20 17:09:12,474 [WARNING] WARNING camera lost: cannot access local variable 'selected_click' where it is not associated with a value, lost_count=3
2026-03-20 17:09:13,042 [WARNING] WARNING camera lost: cannot access local variable 'selected_click' where it is not associated with a value, lost_count=4
2026-03-20 17:09:13,754 [WARNING] WARNING camera lost: cannot access local variable 'selected_click' where it is not associated with a value, lost_count=5
2026-03-20 17:09:13,754 [WARNING] Camera considered lost, attempting recovery
2026-03-20 17:09:13,756 [WARNING] Restarting RealSense pipeline
2026-03-20 17:09:14,250 [INFO] RealSense pipeline stopped
2026-03-20 17:09:16,254 [INFO] Starting RealSense pipeline
2026-03-20 17:09:16,641 [INFO] RealSense pipeline started successfully
2026-03-20 17:09:16,641 [INFO] Pipeline restarted successfully
2026-03-20 17:09:17,792 [WARNING] WARNING camera lost: cannot access local variable 'selected_click' where it is not associated with a value, lost_count=1
2026-03-20 17:09:18,251 [WARNING] WARNING camera lost: cannot access local variable 'selected_click' where it is not associated with a value, lost_count=2
2026-03-20 17:09:18,718 [WARNING] WARNING camera lost: cannot access local variable 'selected_click' where it is not associated with a value, lost_count=3
2026-03-20 17:09:19,028 [WARNING] WARNING camera lost: cannot access local variable 'selected_click' where it is not associated with a value, lost_count=4
2026-03-20 17:09:19,340 [WARNING] WARNING camera lost: cannot access local variable 'selected_click' where it is not associated with a value, lost_count=5
2026-03-20 17:09:19,340 [WARNING] Camera considered lost, attempting recovery
2026-03-20 17:09:19,340 [WARNING] Restarting RealSense pipeline
2026-03-20 17:09:20,610 [INFO] RealSense pipeline stopped
2026-03-20 17:09:22,611 [INFO] Starting RealSense pipeline
2026-03-20 17:09:22,963 [INFO] RealSense pipeline started successfully
2026-03-20 17:09:22,964 [INFO] Pipeline restarted successfully
2026-03-20 17:09:24,007 [WARNING] WARNING camera lost: cannot access local variable 'selected_click' where it is not associated with a value, lost_count=1
2026-03-20 17:09:24,520 [WARNING] WARNING camera lost: cannot access local variable 'selected_click' where it is not associated with a value, lost_count=2
2026-03-20 17:09:25,001 [WARNING] WARNING camera lost: cannot access local variable 'selected_click' where it is not associated with a value, lost_count=3
2026-03-20 17:09:25,292 [WARNING] WARNING camera lost: cannot access local variable 'selected_click' where it is not associated with a value, lost_count=4
2026-03-20 17:09:25,593 [WARNING] WARNING camera lost: cannot access local variable 'selected_click' where it is not associated with a value, lost_count=5
2026-03-20 17:09:25,593 [WARNING] Camera considered lost, attempting recovery
2026-03-20 17:09:25,593 [WARNING] Restarting RealSense pipeline
2026-03-20 17:09:25,844 [INFO] RealSense pipeline stopped
2026-03-20 17:09:27,847 [INFO] Starting RealSense pipeline
2026-03-20 17:09:28,201 [INFO] RealSense pipeline started successfully
2026-03-20 17:09:28,201 [INFO] Pipeline restarted successfully
2026-03-20 17:09:30,434 [WARNING] WARNING camera lost: cannot access local variable 'selected_click' where it is not associated with a value, lost_count=1
2026-03-20 17:09:31,029 [WARNING] WARNING camera lost: cannot access local variable 'selected_click' where it is not associated with a value, lost_count=2
2026-03-20 17:09:31,353 [WARNING] WARNING camera lost: cannot access local variable 'selected_click' where it is not associated with a value, lost_count=3
2026-03-20 17:09:31,761 [WARNING] WARNING camera lost: cannot access local variable 'selected_click' where it is not associated with a value, lost_count=4
2026-03-20 17:09:32,100 [WARNING] WARNING camera lost: cannot access local variable 'selected_click' where it is not associated with a value, lost_count=5
2026-03-20 17:09:32,101 [WARNING] Camera considered lost, attempting recovery
2026-03-20 17:09:32,101 [WARNING] Restarting RealSense pipeline
2026-03-20 17:09:32,414 [INFO] RealSense pipeline stopped
2026-03-20 17:09:34,414 [INFO] Starting RealSense pipeline
2026-03-20 17:09:34,796 [INFO] RealSense pipeline started successfully
2026-03-20 17:09:34,797 [INFO] Pipeline restarted successfully
2026-03-20 17:09:35,875 [WARNING] WARNING camera lost: cannot access local variable 'selected_click' where it is not associated with a value, lost_count=1
2026-03-20 17:09:36,383 [WARNING] WARNING camera lost: cannot access local variable 'selected_click' where it is not associated with a value, lost_count=2
2026-03-20 17:09:36,869 [WARNING] WARNING camera lost: cannot access local variable 'selected_click' where it is not associated with a value, lost_count=3
2026-03-20 17:09:37,155 [WARNING] WARNING camera lost: cannot access local variable 'selected_click' where it is not associated with a value, lost_count=4
2026-03-20 17:09:37,444 [WARNING] WARNING camera lost: cannot access local variable 'selected_click' where it is not associated with a value, lost_count=5
2026-03-20 17:09:37,444 [WARNING] Camera considered lost, attempting recovery
2026-03-20 17:09:37,444 [WARNING] Restarting RealSense pipeline
2026-03-20 17:09:37,701 [INFO] RealSense pipeline stopped
2026-03-20 17:09:39,703 [INFO] Starting RealSense pipeline
2026-03-20 17:09:40,065 [INFO] RealSense pipeline started successfully
2026-03-20 17:09:40,066 [INFO] Pipeline restarted successfully
2026-03-20 17:09:42,040 [WARNING] WARNING camera lost: cannot access local variable 'selected_click' where it is not associated with a value, lost_count=1
2026-03-20 17:09:42,842 [WARNING] WARNING camera lost: cannot access local variable 'selected_click' where it is not associated with a value, lost_count=2
2026-03-20 17:09:43,433 [WARNING] WARNING camera lost: cannot access local variable 'selected_click' where it is not associated with a value, lost_count=3
2026-03-20 17:09:44,099 [WARNING] WARNING camera lost: cannot access local variable 'selected_click' where it is not associated with a value, lost_count=4
2026-03-20 17:09:44,511 [WARNING] WARNING camera lost: cannot access local variable 'selected_click' where it is not associated with a value, lost_count=5
2026-03-20 17:09:44,512 [WARNING] Camera considered lost, attempting recovery
2026-03-20 17:09:44,512 [WARNING] Restarting RealSense pipeline
2026-03-20 17:09:45,392 [INFO] RealSense pipeline stopped
2026-03-20 17:09:47,392 [INFO] Starting RealSense pipeline
2026-03-20 17:09:47,732 [INFO] RealSense pipeline started successfully
2026-03-20 17:09:47,732 [INFO] Pipeline restarted successfully
2026-03-20 17:09:48,810 [WARNING] WARNING camera lost: cannot access local variable 'selected_click' where it is not associated with a value, lost_count=1
2026-03-20 17:09:49,356 [WARNING] WARNING camera lost: cannot access local variable 'selected_click' where it is not associated with a value, lost_count=2
2026-03-20 17:09:49,786 [WARNING] WARNING camera lost: cannot access local variable 'selected_click' where it is not associated with a value, lost_count=3
2026-03-20 17:09:50,078 [WARNING] WARNING camera lost: cannot access local variable 'selected_click' where it is not associated with a value, lost_count=4
2026-03-20 17:09:50,385 [WARNING] WARNING camera lost: cannot access local variable 'selected_click' where it is not associated with a value, lost_count=5
2026-03-20 17:09:50,385 [WARNING] Camera considered lost, attempting recovery
2026-03-20 17:09:50,385 [WARNING] Restarting RealSense pipeline
2026-03-20 17:09:50,628 [INFO] RealSense pipeline stopped
2026-03-20 17:09:52,630 [INFO] Starting RealSense pipeline
2026-03-20 17:09:53,037 [INFO] RealSense pipeline started successfully
2026-03-20 17:09:53,038 [INFO] Pipeline restarted successfully
2026-03-20 17:09:54,125 [WARNING] WARNING camera lost: cannot access local variable 'selected_click' where it is not associated with a value, lost_count=1
2026-03-20 17:09:54,643 [WARNING] WARNING camera lost: cannot access local variable 'selected_click' where it is not associated with a value, lost_count=2
2026-03-20 17:09:55,113 [WARNING] WARNING camera lost: cannot access local variable 'selected_click' where it is not associated with a value, lost_count=3
2026-03-20 17:09:55,414 [WARNING] WARNING camera lost: cannot access local variable 'selected_click' where it is not associated with a value, lost_count=4
2026-03-20 17:09:55,714 [WARNING] WARNING camera lost: cannot access local variable 'selected_click' where it is not associated with a value, lost_count=5
2026-03-20 17:09:55,714 [WARNING] Camera considered lost, attempting recovery
2026-03-20 17:09:55,715 [WARNING] Restarting RealSense pipeline
2026-03-20 17:09:56,983 [INFO] RealSense pipeline stopped
2026-03-20 17:09:58,984 [INFO] Starting RealSense pipeline
2026-03-20 17:09:59,327 [INFO] RealSense pipeline started successfully
2026-03-20 17:09:59,328 [INFO] Pipeline restarted successfully
2026-03-20 17:10:01,131 [WARNING] WARNING camera lost: cannot access local variable 'selected_click' where it is not associated with a value, lost_count=1
2026-03-20 17:10:02,098 [WARNING] WARNING camera lost: cannot access local variable 'selected_click' where it is not associated with a value, lost_count=2
2026-03-20 17:10:02,848 [WARNING] WARNING camera lost: cannot access local variable 'selected_click' where it is not associated with a value, lost_count=3
2026-03-20 17:10:03,504 [WARNING] WARNING camera lost: cannot access local variable 'selected_click' where it is not associated with a value, lost_count=4
2026-03-20 17:10:04,513 [WARNING] WARNING camera lost: cannot access local variable 'selected_click' where it is not associated with a value, lost_count=5
2026-03-20 17:10:04,514 [WARNING] Camera considered lost, attempting recovery
2026-03-20 17:10:04,515 [WARNING] Restarting RealSense pipeline
2026-03-20 17:10:05,660 [INFO] RealSense pipeline stopped
2026-03-20 17:10:07,663 [INFO] Starting RealSense pipeline
2026-03-20 17:10:08,030 [INFO] RealSense pipeline started successfully
2026-03-20 17:10:08,031 [INFO] Pipeline restarted successfully
2026-03-20 17:10:10,378 [WARNING] WARNING camera lost: cannot access local variable 'selected_click' where it is not associated with a value, lost_count=1
2026-03-20 17:10:11,075 [WARNING] WARNING camera lost: cannot access local variable 'selected_click' where it is not associated with a value, lost_count=2
2026-03-20 17:10:12,000 [WARNING] WARNING camera lost: cannot access local variable 'selected_click' where it is not associated with a value, lost_count=3
2026-03-20 17:10:12,659 [WARNING] WARNING camera lost: cannot access local variable 'selected_click' where it is not associated with a value, lost_count=4
2026-03-20 17:10:13,511 [WARNING] WARNING camera lost: cannot access local variable 'selected_click' where it is not associated with a value, lost_count=5
2026-03-20 17:10:13,516 [WARNING] Camera considered lost, attempting recovery
2026-03-20 17:10:13,522 [WARNING] Restarting RealSense pipeline
2026-03-20 17:10:14,463 [INFO] RealSense pipeline stopped
2026-03-20 17:10:16,466 [INFO] Starting RealSense pipeline
2026-03-20 17:10:16,891 [INFO] RealSense pipeline started successfully
2026-03-20 17:10:16,894 [INFO] Pipeline restarted successfully
2026-03-20 17:10:19,188 [WARNING] WARNING camera lost: cannot access local variable 'selected_click' where it is not associated with a value, lost_count=1
2026-03-20 17:10:20,057 [WARNING] WARNING camera lost: cannot access local variable 'selected_click' where it is not associated with a value, lost_count=2
2026-03-20 17:10:20,960 [WARNING] WARNING camera lost: cannot access local variable 'selected_click' where it is not associated with a value, lost_count=3
2026-03-20 17:10:21,880 [WARNING] WARNING camera lost: cannot access local variable 'selected_click' where it is not associated with a value, lost_count=4
2026-03-20 17:10:22,762 [WARNING] WARNING camera lost: cannot access local variable 'selected_click' where it is not associated with a value, lost_count=5
2026-03-20 17:10:22,763 [WARNING] Camera considered lost, attempting recovery
2026-03-20 17:10:22,763 [WARNING] Restarting RealSense pipeline
2026-03-20 17:10:23,400 [INFO] RealSense pipeline stopped
2026-03-20 17:10:25,401 [INFO] Starting RealSense pipeline
2026-03-20 17:10:25,763 [INFO] RealSense pipeline started successfully
2026-03-20 17:10:25,763 [INFO] Pipeline restarted successfully
2026-03-20 17:10:28,199 [WARNING] WARNING camera lost: cannot access local variable 'selected_click' where it is not associated with a value, lost_count=1
2026-03-20 17:10:28,861 [WARNING] WARNING camera lost: cannot access local variable 'selected_click' where it is not associated with a value, lost_count=2
2026-03-20 17:10:29,884 [WARNING] WARNING camera lost: cannot access local variable 'selected_click' where it is not associated with a value, lost_count=3
2026-03-20 17:10:30,773 [WARNING] WARNING camera lost: cannot access local variable 'selected_click' where it is not associated with a value, lost_count=4
2026-03-20 17:10:31,533 [WARNING] WARNING camera lost: cannot access local variable 'selected_click' where it is not associated with a value, lost_count=5
2026-03-20 17:10:31,534 [WARNING] Camera considered lost, attempting recovery
2026-03-20 17:10:31,534 [WARNING] Restarting RealSense pipeline
2026-03-20 17:10:32,209 [INFO] RealSense pipeline stopped
2026-03-20 17:10:34,215 [INFO] Starting RealSense pipeline
2026-03-20 17:10:34,594 [INFO] RealSense pipeline started successfully
2026-03-20 17:10:34,595 [INFO] Pipeline restarted successfully
2026-03-20 17:10:36,804 [WARNING] WARNING camera lost: cannot access local variable 'selected_click' where it is not associated with a value, lost_count=1
2026-03-20 17:10:37,775 [WARNING] WARNING camera lost: cannot access local variable 'selected_click' where it is not associated with a value, lost_count=2
2026-03-20 17:10:38,690 [WARNING] WARNING camera lost: cannot access local variable 'selected_click' where it is not associated with a value, lost_count=3
2026-03-20 17:10:39,401 [WARNING] WARNING camera lost: cannot access local variable 'selected_click' where it is not associated with a value, lost_count=4
2026-03-20 17:10:40,324 [WARNING] WARNING camera lost: cannot access local variable 'selected_click' where it is not associated with a value, lost_count=5
2026-03-20 17:10:40,324 [WARNING] Camera considered lost, attempting recovery
2026-03-20 17:10:40,325 [WARNING] Restarting RealSense pipeline
2026-03-20 17:10:41,181 [INFO] RealSense pipeline stopped
2026-03-20 17:10:43,189 [INFO] Starting RealSense pipeline
2026-03-20 17:10:43,587 [INFO] RealSense pipeline started successfully
2026-03-20 17:10:43,588 [INFO] Pipeline restarted successfully
2026-03-20 17:10:45,862 [WARNING] WARNING camera lost: cannot access local variable 'selected_click' where it is not associated with a value, lost_count=1
2026-03-20 17:10:46,671 [WARNING] WARNING camera lost: cannot access local variable 'selected_click' where it is not associated with a value, lost_count=2
2026-03-20 17:10:47,592 [WARNING] WARNING camera lost: cannot access local variable 'selected_click' where it is not associated with a value, lost_count=3
2026-03-20 17:10:48,516 [WARNING] WARNING camera lost: cannot access local variable 'selected_click' where it is not associated with a value, lost_count=4
2026-03-20 17:10:49,395 [WARNING] WARNING camera lost: cannot access local variable 'selected_click' where it is not associated with a value, lost_count=5
2026-03-20 17:10:49,397 [WARNING] Camera considered lost, attempting recovery
2026-03-20 17:10:49,397 [WARNING] Restarting RealSense pipeline
2026-03-20 17:10:50,160 [INFO] RealSense pipeline stopped
2026-03-20 17:10:52,168 [INFO] Starting RealSense pipeline
2026-03-20 17:10:52,580 [INFO] RealSense pipeline started successfully
2026-03-20 17:10:52,583 [INFO] Pipeline restarted successfully
2026-03-20 17:10:54,734 [WARNING] WARNING camera lost: cannot access local variable 'selected_click' where it is not associated with a value, lost_count=1
2026-03-20 17:10:55,586 [WARNING] WARNING camera lost: cannot access local variable 'selected_click' where it is not associated with a value, lost_count=2
2026-03-20 17:10:56,531 [WARNING] WARNING camera lost: cannot access local variable 'selected_click' where it is not associated with a value, lost_count=3
2026-03-20 17:10:57,316 [WARNING] WARNING camera lost: cannot access local variable 'selected_click' where it is not associated with a value, lost_count=4
2026-03-20 17:10:57,982 [WARNING] WARNING camera lost: cannot access local variable 'selected_click' where it is not associated with a value, lost_count=5
2026-03-20 17:10:57,983 [WARNING] Camera considered lost, attempting recovery
2026-03-20 17:10:57,983 [WARNING] Restarting RealSense pipeline
2026-03-20 17:10:59,088 [INFO] RealSense pipeline stopped
2026-03-20 17:11:01,093 [INFO] Starting RealSense pipeline
2026-03-20 17:11:01,488 [INFO] RealSense pipeline started successfully
2026-03-20 17:11:01,488 [INFO] Pipeline restarted successfully
2026-03-20 17:11:03,840 [WARNING] WARNING camera lost: cannot access local variable 'selected_click' where it is not associated with a value, lost_count=1
2026-03-20 17:11:04,533 [WARNING] WARNING camera lost: cannot access local variable 'selected_click' where it is not associated with a value, lost_count=2
2026-03-20 17:11:05,457 [WARNING] WARNING camera lost: cannot access local variable 'selected_click' where it is not associated with a value, lost_count=3
2026-03-20 17:11:06,302 [WARNING] WARNING camera lost: cannot access local variable 'selected_click' where it is not associated with a value, lost_count=4
2026-03-20 17:11:07,183 [WARNING] WARNING camera lost: cannot access local variable 'selected_click' where it is not associated with a value, lost_count=5
2026-03-20 17:11:07,186 [WARNING] Camera considered lost, attempting recovery
2026-03-20 17:11:07,186 [WARNING] Restarting RealSense pipeline
2026-03-20 17:11:07,953 [INFO] RealSense pipeline stopped
2026-03-20 17:11:09,960 [INFO] Starting RealSense pipeline
2026-03-20 17:11:10,343 [INFO] RealSense pipeline started successfully
2026-03-20 17:11:10,343 [INFO] Pipeline restarted successfully
2026-03-20 17:11:12,780 [WARNING] WARNING camera lost: cannot access local variable 'selected_click' where it is not associated with a value, lost_count=1
2026-03-20 17:11:13,509 [WARNING] WARNING camera lost: cannot access local variable 'selected_click' where it is not associated with a value, lost_count=2
2026-03-20 17:11:14,417 [WARNING] WARNING camera lost: cannot access local variable 'selected_click' where it is not associated with a value, lost_count=3
2026-03-20 17:11:15,285 [WARNING] WARNING camera lost: cannot access local variable 'selected_click' where it is not associated with a value, lost_count=4
2026-03-20 17:11:16,073 [WARNING] WARNING camera lost: cannot access local variable 'selected_click' where it is not associated with a value, lost_count=5
2026-03-20 17:11:16,073 [WARNING] Camera considered lost, attempting recovery
2026-03-20 17:11:16,073 [WARNING] Restarting RealSense pipeline
2026-03-20 17:11:16,772 [INFO] RealSense pipeline stopped
2026-03-20 17:11:18,781 [INFO] Starting RealSense pipeline
2026-03-20 17:11:19,176 [INFO] RealSense pipeline started successfully
2026-03-20 17:11:19,177 [INFO] Pipeline restarted successfully
2026-03-20 17:11:21,511 [WARNING] WARNING camera lost: cannot access local variable 'selected_click' where it is not associated with a value, lost_count=1
2026-03-20 17:11:22,206 [WARNING] WARNING camera lost: cannot access local variable 'selected_click' where it is not associated with a value, lost_count=2
2026-03-20 17:11:23,106 [WARNING] WARNING camera lost: cannot access local variable 'selected_click' where it is not associated with a value, lost_count=3
2026-03-20 17:11:23,866 [WARNING] WARNING camera lost: cannot access local variable 'selected_click' where it is not associated with a value, lost_count=4
2026-03-20 17:11:24,477 [WARNING] WARNING camera lost: cannot access local variable 'selected_click' where it is not associated with a value, lost_count=5
2026-03-20 17:11:24,484 [WARNING] Camera considered lost, attempting recovery
2026-03-20 17:11:24,484 [WARNING] Restarting RealSense pipeline
2026-03-20 17:11:25,627 [INFO] RealSense pipeline stopped
2026-03-20 17:11:27,630 [INFO] Starting RealSense pipeline
2026-03-20 17:11:28,086 [INFO] RealSense pipeline started successfully
2026-03-20 17:11:28,086 [INFO] Pipeline restarted successfully
2026-03-20 17:11:30,511 [WARNING] WARNING camera lost: cannot access local variable 'selected_click' where it is not associated with a value, lost_count=1
2026-03-20 17:11:31,222 [WARNING] WARNING camera lost: cannot access local variable 'selected_click' where it is not associated with a value, lost_count=2
2026-03-20 17:11:32,161 [WARNING] WARNING camera lost: cannot access local variable 'selected_click' where it is not associated with a value, lost_count=3
2026-03-20 17:11:32,843 [WARNING] WARNING camera lost: cannot access local variable 'selected_click' where it is not associated with a value, lost_count=4
2026-03-20 17:11:33,558 [WARNING] WARNING camera lost: cannot access local variable 'selected_click' where it is not associated with a value, lost_count=5
2026-03-20 17:11:33,559 [WARNING] Camera considered lost, attempting recovery
2026-03-20 17:11:33,560 [WARNING] Restarting RealSense pipeline
2026-03-20 17:11:34,520 [INFO] RealSense pipeline stopped
2026-03-20 17:11:36,528 [INFO] Starting RealSense pipeline
2026-03-20 17:11:36,901 [INFO] RealSense pipeline started successfully
2026-03-20 17:11:36,902 [INFO] Pipeline restarted successfully
2026-03-20 17:11:39,147 [WARNING] WARNING camera lost: cannot access local variable 'selected_click' where it is not associated with a value, lost_count=1
2026-03-20 17:11:39,931 [WARNING] WARNING camera lost: cannot access local variable 'selected_click' where it is not associated with a value, lost_count=2
2026-03-20 17:11:40,826 [WARNING] WARNING camera lost: cannot access local variable 'selected_click' where it is not associated with a value, lost_count=3
2026-03-20 17:11:41,678 [WARNING] WARNING camera lost: cannot access local variable 'selected_click' where it is not associated with a value, lost_count=4
2026-03-20 17:11:42,308 [WARNING] WARNING camera lost: cannot access local variable 'selected_click' where it is not associated with a value, lost_count=5
2026-03-20 17:11:42,309 [WARNING] Camera considered lost, attempting recovery
2026-03-20 17:11:42,310 [WARNING] Restarting RealSense pipeline
2026-03-20 17:11:43,327 [INFO] RealSense pipeline stopped
2026-03-20 17:11:45,331 [INFO] Starting RealSense pipeline
2026-03-20 17:11:45,701 [INFO] RealSense pipeline started successfully
2026-03-20 17:11:45,702 [INFO] Pipeline restarted successfully
2026-03-20 17:11:48,127 [WARNING] WARNING camera lost: cannot access local variable 'selected_click' where it is not associated with a value, lost_count=1
2026-03-20 17:11:48,829 [WARNING] WARNING camera lost: cannot access local variable 'selected_click' where it is not associated with a value, lost_count=2
2026-03-20 17:11:49,728 [WARNING] WARNING camera lost: cannot access local variable 'selected_click' where it is not associated with a value, lost_count=3
2026-03-20 17:11:50,497 [WARNING] WARNING camera lost: cannot access local variable 'selected_click' where it is not associated with a value, lost_count=4
2026-03-20 17:11:51,148 [WARNING] WARNING camera lost: cannot access local variable 'selected_click' where it is not associated with a value, lost_count=5
2026-03-20 17:11:51,149 [WARNING] Camera considered lost, attempting recovery
2026-03-20 17:11:51,149 [WARNING] Restarting RealSense pipeline
2026-03-20 17:11:52,180 [INFO] RealSense pipeline stopped
2026-03-20 17:11:54,185 [INFO] Starting RealSense pipeline
2026-03-20 17:11:54,575 [INFO] RealSense pipeline started successfully
2026-03-20 17:11:54,575 [INFO] Pipeline restarted successfully
2026-03-20 17:11:56,941 [WARNING] WARNING camera lost: cannot access local variable 'selected_click' where it is not associated with a value, lost_count=1
2026-03-20 17:11:57,651 [WARNING] WARNING camera lost: cannot access local variable 'selected_click' where it is not associated with a value, lost_count=2
2026-03-20 17:11:58,552 [WARNING] WARNING camera lost: cannot access local variable 'selected_click' where it is not associated with a value, lost_count=3
2026-03-20 17:11:59,398 [WARNING] WARNING camera lost: cannot access local variable 'selected_click' where it is not associated with a value, lost_count=4
2026-03-20 17:12:00,206 [WARNING] WARNING camera lost: cannot access local variable 'selected_click' where it is not associated with a value, lost_count=5
2026-03-20 17:12:00,207 [WARNING] Camera considered lost, attempting recovery
2026-03-20 17:12:00,208 [WARNING] Restarting RealSense pipeline
2026-03-20 17:12:00,971 [INFO] RealSense pipeline stopped
2026-03-20 17:12:02,974 [INFO] Starting RealSense pipeline
2026-03-20 17:12:03,416 [INFO] RealSense pipeline started successfully
2026-03-20 17:12:03,417 [INFO] Pipeline restarted successfully
2026-03-20 17:12:05,790 [WARNING] WARNING camera lost: cannot access local variable 'selected_click' where it is not associated with a value, lost_count=1
2026-03-20 17:12:06,439 [WARNING] WARNING camera lost: cannot access local variable 'selected_click' where it is not associated with a value, lost_count=2
2026-03-20 17:12:07,297 [WARNING] WARNING camera lost: cannot access local variable 'selected_click' where it is not associated with a value, lost_count=3
2026-03-20 17:12:08,073 [WARNING] WARNING camera lost: cannot access local variable 'selected_click' where it is not associated with a value, lost_count=4
2026-03-20 17:12:08,734 [WARNING] WARNING camera lost: cannot access local variable 'selected_click' where it is not associated with a value, lost_count=5
2026-03-20 17:12:08,735 [WARNING] Camera considered lost, attempting recovery
2026-03-20 17:12:08,735 [WARNING] Restarting RealSense pipeline
2026-03-20 17:12:09,799 [INFO] RealSense pipeline stopped
2026-03-20 17:12:11,801 [INFO] Starting RealSense pipeline
2026-03-20 17:12:12,182 [INFO] RealSense pipeline started successfully
2026-03-20 17:12:12,184 [INFO] Pipeline restarted successfully
2026-03-20 17:12:14,776 [WARNING] WARNING camera lost: cannot access local variable 'selected_click' where it is not associated with a value, lost_count=1
2026-03-20 17:12:15,443 [WARNING] WARNING camera lost: cannot access local variable 'selected_click' where it is not associated with a value, lost_count=2
2026-03-20 17:12:16,386 [WARNING] WARNING camera lost: cannot access local variable 'selected_click' where it is not associated with a value, lost_count=3
2026-03-20 17:12:17,179 [WARNING] WARNING camera lost: cannot access local variable 'selected_click' where it is not associated with a value, lost_count=4
2026-03-20 17:12:17,960 [WARNING] WARNING camera lost: cannot access local variable 'selected_click' where it is not associated with a value, lost_count=5
2026-03-20 17:12:17,960 [WARNING] Camera considered lost, attempting recovery
2026-03-20 17:12:17,960 [WARNING] Restarting RealSense pipeline
2026-03-20 17:12:18,738 [INFO] RealSense pipeline stopped
2026-03-20 17:12:20,743 [INFO] Starting RealSense pipeline
2026-03-20 17:12:21,140 [INFO] RealSense pipeline started successfully
2026-03-20 17:12:21,143 [INFO] Pipeline restarted successfully
2026-03-20 17:12:24,064 [WARNING] WARNING camera lost: cannot access local variable 'selected_click' where it is not associated with a value, lost_count=1
2026-03-20 17:12:24,939 [WARNING] WARNING camera lost: cannot access local variable 'selected_click' where it is not associated with a value, lost_count=2
2026-03-20 17:12:25,612 [WARNING] WARNING camera lost: cannot access local variable 'selected_click' where it is not associated with a value, lost_count=3
2026-03-20 17:12:26,417 [WARNING] WARNING camera lost: cannot access local variable 'selected_click' where it is not associated with a value, lost_count=4
2026-03-20 17:12:27,200 [WARNING] WARNING camera lost: cannot access local variable 'selected_click' where it is not associated with a value, lost_count=5
2026-03-20 17:12:27,200 [WARNING] Camera considered lost, attempting recovery
2026-03-20 17:12:27,201 [WARNING] Restarting RealSense pipeline
2026-03-20 17:12:28,740 [INFO] RealSense pipeline stopped
2026-03-20 17:12:30,742 [INFO] Starting RealSense pipeline
2026-03-20 17:12:31,122 [INFO] RealSense pipeline started successfully
2026-03-20 17:12:31,122 [INFO] Pipeline restarted successfully
2026-03-20 17:12:33,335 [WARNING] WARNING camera lost: cannot access local variable 'selected_click' where it is not associated with a value, lost_count=1
2026-03-20 17:12:34,115 [WARNING] WARNING camera lost: cannot access local variable 'selected_click' where it is not associated with a value, lost_count=2
2026-03-20 17:12:35,033 [WARNING] WARNING camera lost: cannot access local variable 'selected_click' where it is not associated with a value, lost_count=3
2026-03-20 17:12:35,847 [WARNING] WARNING camera lost: cannot access local variable 'selected_click' where it is not associated with a value, lost_count=4
2026-03-20 17:12:36,530 [WARNING] WARNING camera lost: cannot access local variable 'selected_click' where it is not associated with a value, lost_count=5
2026-03-20 17:12:36,536 [WARNING] Camera considered lost, attempting recovery
2026-03-20 17:12:36,536 [WARNING] Restarting RealSense pipeline
2026-03-20 17:12:37,623 [INFO] RealSense pipeline stopped
2026-03-20 17:12:39,624 [INFO] Starting RealSense pipeline
2026-03-20 17:12:39,991 [INFO] RealSense pipeline started successfully
2026-03-20 17:12:39,991 [INFO] Pipeline restarted successfully
2026-03-20 17:12:42,329 [WARNING] WARNING camera lost: cannot access local variable 'selected_click' where it is not associated with a value, lost_count=1
2026-03-20 17:12:43,093 [WARNING] WARNING camera lost: cannot access local variable 'selected_click' where it is not associated with a value, lost_count=2
2026-03-20 17:12:43,923 [WARNING] WARNING camera lost: cannot access local variable 'selected_click' where it is not associated with a value, lost_count=3
2026-03-20 17:12:44,611 [WARNING] WARNING camera lost: cannot access local variable 'selected_click' where it is not associated with a value, lost_count=4
2026-03-20 17:12:45,327 [WARNING] WARNING camera lost: cannot access local variable 'selected_click' where it is not associated with a value, lost_count=5
2026-03-20 17:12:45,328 [WARNING] Camera considered lost, attempting recovery
2026-03-20 17:12:45,329 [WARNING] Restarting RealSense pipeline
2026-03-20 17:12:46,432 [INFO] RealSense pipeline stopped
2026-03-20 17:12:48,433 [INFO] Starting RealSense pipeline
2026-03-20 17:12:48,797 [INFO] RealSense pipeline started successfully
2026-03-20 17:12:48,802 [INFO] Pipeline restarted successfully
2026-03-20 17:12:51,132 [WARNING] WARNING camera lost: cannot access local variable 'selected_click' where it is not associated with a value, lost_count=1
2026-03-20 17:12:51,826 [WARNING] WARNING camera lost: cannot access local variable 'selected_click' where it is not associated with a value, lost_count=2
2026-03-20 17:12:52,761 [WARNING] WARNING camera lost: cannot access local variable 'selected_click' where it is not associated with a value, lost_count=3
2026-03-20 17:12:53,570 [WARNING] WARNING camera lost: cannot access local variable 'selected_click' where it is not associated with a value, lost_count=4
2026-03-20 17:12:54,342 [WARNING] WARNING camera lost: cannot access local variable 'selected_click' where it is not associated with a value, lost_count=5
2026-03-20 17:12:54,343 [WARNING] Camera considered lost, attempting recovery
2026-03-20 17:12:54,343 [WARNING] Restarting RealSense pipeline
2026-03-20 17:12:55,123 [INFO] RealSense pipeline stopped
2026-03-20 17:12:57,128 [INFO] Starting RealSense pipeline
2026-03-20 17:12:57,556 [INFO] RealSense pipeline started successfully
2026-03-20 17:12:57,556 [INFO] Pipeline restarted successfully
2026-03-20 17:13:00,041 [WARNING] WARNING camera lost: cannot access local variable 'selected_click' where it is not associated with a value, lost_count=1
2026-03-20 17:13:00,695 [WARNING] WARNING camera lost: cannot access local variable 'selected_click' where it is not associated with a value, lost_count=2
2026-03-20 17:13:01,645 [WARNING] WARNING camera lost: cannot access local variable 'selected_click' where it is not associated with a value, lost_count=3
2026-03-20 17:13:02,422 [WARNING] WARNING camera lost: cannot access local variable 'selected_click' where it is not associated with a value, lost_count=4
2026-03-20 17:13:03,247 [WARNING] WARNING camera lost: cannot access local variable 'selected_click' where it is not associated with a value, lost_count=5
2026-03-20 17:13:03,248 [WARNING] Camera considered lost, attempting recovery
2026-03-20 17:13:03,248 [WARNING] Restarting RealSense pipeline
2026-03-20 17:13:03,989 [INFO] RealSense pipeline stopped
2026-03-20 17:13:05,992 [INFO] Starting RealSense pipeline
2026-03-20 17:13:06,363 [INFO] RealSense pipeline started successfully
2026-03-20 17:13:06,363 [INFO] Pipeline restarted successfully
2026-03-20 17:13:08,791 [WARNING] WARNING camera lost: cannot access local variable 'selected_click' where it is not associated with a value, lost_count=1
2026-03-20 17:13:09,478 [WARNING] WARNING camera lost: cannot access local variable 'selected_click' where it is not associated with a value, lost_count=2
2026-03-20 17:13:10,460 [WARNING] WARNING camera lost: cannot access local variable 'selected_click' where it is not associated with a value, lost_count=3
2026-03-20 17:13:11,315 [WARNING] WARNING camera lost: cannot access local variable 'selected_click' where it is not associated with a value, lost_count=4
2026-03-20 17:13:12,151 [WARNING] WARNING camera lost: cannot access local variable 'selected_click' where it is not associated with a value, lost_count=5
2026-03-20 17:13:12,152 [WARNING] Camera considered lost, attempting recovery
2026-03-20 17:13:12,152 [WARNING] Restarting RealSense pipeline
2026-03-20 17:13:12,863 [INFO] RealSense pipeline stopped
2026-03-20 17:13:14,868 [INFO] Starting RealSense pipeline
2026-03-20 17:13:15,279 [INFO] RealSense pipeline started successfully
2026-03-20 17:13:15,279 [INFO] Pipeline restarted successfully
2026-03-20 17:13:17,517 [WARNING] WARNING camera lost: cannot access local variable 'selected_click' where it is not associated with a value, lost_count=1
2026-03-20 17:13:18,321 [WARNING] WARNING camera lost: cannot access local variable 'selected_click' where it is not associated with a value, lost_count=2
2026-03-20 17:13:19,232 [WARNING] WARNING camera lost: cannot access local variable 'selected_click' where it is not associated with a value, lost_count=3
2026-03-20 17:13:19,951 [WARNING] WARNING camera lost: cannot access local variable 'selected_click' where it is not associated with a value, lost_count=4
2026-03-20 17:13:20,632 [WARNING] WARNING camera lost: cannot access local variable 'selected_click' where it is not associated with a value, lost_count=5
2026-03-20 17:13:20,633 [WARNING] Camera considered lost, attempting recovery
2026-03-20 17:13:20,633 [WARNING] Restarting RealSense pipeline
2026-03-20 17:13:21,724 [INFO] RealSense pipeline stopped
2026-03-20 17:13:23,725 [INFO] Starting RealSense pipeline
2026-03-20 17:13:24,083 [INFO] RealSense pipeline started successfully
2026-03-20 17:13:24,087 [INFO] Pipeline restarted successfully
2026-03-20 17:13:26,529 [WARNING] WARNING camera lost: cannot access local variable 'selected_click' where it is not associated with a value, lost_count=1
2026-03-20 17:13:27,246 [WARNING] WARNING camera lost: cannot access local variable 'selected_click' where it is not associated with a value, lost_count=2
2026-03-20 17:13:28,149 [WARNING] WARNING camera lost: cannot access local variable 'selected_click' where it is not associated with a value, lost_count=3
2026-03-20 17:13:28,871 [WARNING] WARNING camera lost: cannot access local variable 'selected_click' where it is not associated with a value, lost_count=4
2026-03-20 17:13:29,503 [WARNING] WARNING camera lost: cannot access local variable 'selected_click' where it is not associated with a value, lost_count=5
2026-03-20 17:13:29,503 [WARNING] Camera considered lost, attempting recovery
2026-03-20 17:13:29,504 [WARNING] Restarting RealSense pipeline
2026-03-20 17:13:30,579 [INFO] RealSense pipeline stopped
2026-03-20 17:13:32,589 [INFO] Starting RealSense pipeline
2026-03-20 17:13:32,981 [INFO] RealSense pipeline started successfully
2026-03-20 17:13:32,982 [INFO] Pipeline restarted successfully
2026-03-20 17:13:35,300 [WARNING] WARNING camera lost: cannot access local variable 'selected_click' where it is not associated with a value, lost_count=1
2026-03-20 17:13:36,087 [WARNING] WARNING camera lost: cannot access local variable 'selected_click' where it is not associated with a value, lost_count=2
2026-03-20 17:13:36,900 [WARNING] WARNING camera lost: cannot access local variable 'selected_click' where it is not associated with a value, lost_count=3
2026-03-20 17:13:37,532 [WARNING] WARNING camera lost: cannot access local variable 'selected_click' where it is not associated with a value, lost_count=4
2026-03-20 17:13:38,134 [WARNING] WARNING camera lost: cannot access local variable 'selected_click' where it is not associated with a value, lost_count=5
2026-03-20 17:13:38,134 [WARNING] Camera considered lost, attempting recovery
2026-03-20 17:13:38,135 [WARNING] Restarting RealSense pipeline
2026-03-20 17:13:38,446 [INFO] RealSense pipeline stopped
2026-03-20 17:13:40,459 [INFO] Starting RealSense pipeline
2026-03-20 17:13:40,863 [INFO] RealSense pipeline started successfully
2026-03-20 17:13:40,866 [INFO] Pipeline restarted successfully
2026-03-20 17:13:43,104 [WARNING] WARNING camera lost: cannot access local variable 'selected_click' where it is not associated with a value, lost_count=1
2026-03-20 17:13:44,040 [WARNING] WARNING camera lost: cannot access local variable 'selected_click' where it is not associated with a value, lost_count=2
2026-03-20 17:13:44,990 [WARNING] WARNING camera lost: cannot access local variable 'selected_click' where it is not associated with a value, lost_count=3
2026-03-20 17:13:45,752 [WARNING] WARNING camera lost: cannot access local variable 'selected_click' where it is not associated with a value, lost_count=4
2026-03-20 17:13:46,581 [WARNING] WARNING camera lost: cannot access local variable 'selected_click' where it is not associated with a value, lost_count=5
2026-03-20 17:13:46,582 [WARNING] Camera considered lost, attempting recovery
2026-03-20 17:13:46,582 [WARNING] Restarting RealSense pipeline
2026-03-20 17:13:47,366 [INFO] RealSense pipeline stopped
2026-03-20 17:13:49,370 [INFO] Starting RealSense pipeline
2026-03-20 17:13:49,798 [INFO] RealSense pipeline started successfully
2026-03-20 17:13:49,801 [INFO] Pipeline restarted successfully
2026-03-20 17:13:52,218 [WARNING] WARNING camera lost: cannot access local variable 'selected_click' where it is not associated with a value, lost_count=1
2026-03-20 17:13:52,845 [WARNING] WARNING camera lost: cannot access local variable 'selected_click' where it is not associated with a value, lost_count=2
2026-03-20 17:13:53,749 [WARNING] WARNING camera lost: cannot access local variable 'selected_click' where it is not associated with a value, lost_count=3
2026-03-20 17:13:54,486 [WARNING] WARNING camera lost: cannot access local variable 'selected_click' where it is not associated with a value, lost_count=4
2026-03-20 17:13:55,210 [WARNING] WARNING camera lost: cannot access local variable 'selected_click' where it is not associated with a value, lost_count=5
2026-03-20 17:13:55,213 [WARNING] Camera considered lost, attempting recovery
2026-03-20 17:13:55,214 [WARNING] Restarting RealSense pipeline
2026-03-20 17:13:56,204 [INFO] RealSense pipeline stopped
2026-03-20 17:13:58,206 [INFO] Starting RealSense pipeline
2026-03-20 17:13:58,593 [INFO] RealSense pipeline started successfully
2026-03-20 17:13:58,599 [INFO] Pipeline restarted successfully
2026-03-20 17:14:00,906 [WARNING] WARNING camera lost: cannot access local variable 'selected_click' where it is not associated with a value, lost_count=1
2026-03-20 17:14:02,426 [WARNING] WARNING camera lost: cannot access local variable 'selected_click' where it is not associated with a value, lost_count=2
2026-03-20 17:14:03,285 [WARNING] WARNING camera lost: cannot access local variable 'selected_click' where it is not associated with a value, lost_count=3
2026-03-20 17:14:04,027 [WARNING] WARNING camera lost: cannot access local variable 'selected_click' where it is not associated with a value, lost_count=4
2026-03-20 17:14:04,754 [WARNING] WARNING camera lost: cannot access local variable 'selected_click' where it is not associated with a value, lost_count=5
2026-03-20 17:14:04,754 [WARNING] Camera considered lost, attempting recovery
2026-03-20 17:14:04,755 [WARNING] Restarting RealSense pipeline
2026-03-20 17:14:06,183 [INFO] RealSense pipeline stopped
2026-03-20 17:14:08,184 [INFO] Starting RealSense pipeline
2026-03-20 17:14:08,554 [INFO] RealSense pipeline started successfully
2026-03-20 17:14:08,554 [INFO] Pipeline restarted successfully
2026-03-20 17:14:10,937 [WARNING] WARNING camera lost: cannot access local variable 'selected_click' where it is not associated with a value, lost_count=1
2026-03-20 17:14:11,598 [WARNING] WARNING camera lost: cannot access local variable 'selected_click' where it is not associated with a value, lost_count=2
2026-03-20 17:14:12,571 [WARNING] WARNING camera lost: cannot access local variable 'selected_click' where it is not associated with a value, lost_count=3
2026-03-20 17:14:13,340 [WARNING] WARNING camera lost: cannot access local variable 'selected_click' where it is not associated with a value, lost_count=4
2026-03-20 17:14:14,083 [WARNING] WARNING camera lost: cannot access local variable 'selected_click' where it is not associated with a value, lost_count=5
2026-03-20 17:14:14,084 [WARNING] Camera considered lost, attempting recovery
2026-03-20 17:14:14,088 [WARNING] Restarting RealSense pipeline
2026-03-20 17:14:14,964 [INFO] RealSense pipeline stopped
2026-03-20 17:14:16,966 [INFO] Starting RealSense pipeline
2026-03-20 17:14:17,338 [INFO] RealSense pipeline started successfully
2026-03-20 17:14:17,339 [INFO] Pipeline restarted successfully
2026-03-20 17:14:19,848 [WARNING] WARNING camera lost: cannot access local variable 'selected_click' where it is not associated with a value, lost_count=1
2026-03-20 17:14:20,488 [WARNING] WARNING camera lost: cannot access local variable 'selected_click' where it is not associated with a value, lost_count=2
2026-03-20 17:14:21,514 [WARNING] WARNING camera lost: cannot access local variable 'selected_click' where it is not associated with a value, lost_count=3
2026-03-20 17:14:22,383 [WARNING] WARNING camera lost: cannot access local variable 'selected_click' where it is not associated with a value, lost_count=4
2026-03-20 17:14:23,192 [WARNING] WARNING camera lost: cannot access local variable 'selected_click' where it is not associated with a value, lost_count=5
2026-03-20 17:14:23,192 [WARNING] Camera considered lost, attempting recovery
2026-03-20 17:14:23,193 [WARNING] Restarting RealSense pipeline
2026-03-20 17:14:23,832 [INFO] RealSense pipeline stopped
2026-03-20 17:14:25,835 [INFO] Starting RealSense pipeline
2026-03-20 17:14:26,202 [INFO] RealSense pipeline started successfully
2026-03-20 17:14:26,203 [INFO] Pipeline restarted successfully
2026-03-20 17:14:28,331 [WARNING] WARNING camera lost: cannot access local variable 'selected_click' where it is not associated with a value, lost_count=1
2026-03-20 17:14:29,331 [WARNING] WARNING camera lost: cannot access local variable 'selected_click' where it is not associated with a value, lost_count=2
2026-03-20 17:14:30,223 [WARNING] WARNING camera lost: cannot access local variable 'selected_click' where it is not associated with a value, lost_count=3
2026-03-20 17:14:31,116 [WARNING] WARNING camera lost: cannot access local variable 'selected_click' where it is not associated with a value, lost_count=4
2026-03-20 17:14:31,916 [WARNING] WARNING camera lost: cannot access local variable 'selected_click' where it is not associated with a value, lost_count=5
2026-03-20 17:14:31,917 [WARNING] Camera considered lost, attempting recovery
2026-03-20 17:14:31,917 [WARNING] Restarting RealSense pipeline
2026-03-20 17:14:32,655 [INFO] RealSense pipeline stopped
2026-03-20 17:14:34,659 [INFO] Starting RealSense pipeline
2026-03-20 17:14:35,039 [INFO] RealSense pipeline started successfully
2026-03-20 17:14:35,052 [INFO] Pipeline restarted successfully
2026-03-20 17:14:37,449 [WARNING] WARNING camera lost: cannot access local variable 'selected_click' where it is not associated with a value, lost_count=1
2026-03-20 17:14:38,204 [WARNING] WARNING camera lost: cannot access local variable 'selected_click' where it is not associated with a value, lost_count=2
2026-03-20 17:14:39,198 [WARNING] WARNING camera lost: cannot access local variable 'selected_click' where it is not associated with a value, lost_count=3
2026-03-20 17:14:39,928 [WARNING] WARNING camera lost: cannot access local variable 'selected_click' where it is not associated with a value, lost_count=4
2026-03-20 17:14:40,647 [WARNING] WARNING camera lost: cannot access local variable 'selected_click' where it is not associated with a value, lost_count=5
2026-03-20 17:14:40,648 [WARNING] Camera considered lost, attempting recovery
2026-03-20 17:14:40,649 [WARNING] Restarting RealSense pipeline
2026-03-20 17:14:41,500 [INFO] RealSense pipeline stopped
2026-03-20 17:14:43,504 [INFO] Starting RealSense pipeline
2026-03-20 17:14:43,897 [INFO] RealSense pipeline started successfully
2026-03-20 17:14:43,900 [INFO] Pipeline restarted successfully
2026-03-20 17:14:46,228 [WARNING] WARNING camera lost: cannot access local variable 'selected_click' where it is not associated with a value, lost_count=1
2026-03-20 17:14:46,916 [WARNING] WARNING camera lost: cannot access local variable 'selected_click' where it is not associated with a value, lost_count=2
2026-03-20 17:14:47,913 [WARNING] WARNING camera lost: cannot access local variable 'selected_click' where it is not associated with a value, lost_count=3
2026-03-20 17:14:48,647 [WARNING] WARNING camera lost: cannot access local variable 'selected_click' where it is not associated with a value, lost_count=4
2026-03-20 17:14:49,355 [WARNING] WARNING camera lost: cannot access local variable 'selected_click' where it is not associated with a value, lost_count=5
2026-03-20 17:14:49,356 [WARNING] Camera considered lost, attempting recovery
2026-03-20 17:14:49,364 [WARNING] Restarting RealSense pipeline
2026-03-20 17:14:50,373 [INFO] RealSense pipeline stopped
2026-03-20 17:14:52,379 [INFO] Starting RealSense pipeline
2026-03-20 17:14:52,921 [INFO] RealSense pipeline started successfully
2026-03-20 17:14:52,921 [INFO] Pipeline restarted successfully
2026-03-20 17:14:56,162 [WARNING] WARNING camera lost: cannot access local variable 'selected_click' where it is not associated with a value, lost_count=1
2026-03-20 17:14:57,569 [WARNING] WARNING camera lost: cannot access local variable 'selected_click' where it is not associated with a value, lost_count=2
2026-03-20 17:14:58,838 [WARNING] WARNING camera lost: cannot access local variable 'selected_click' where it is not associated with a value, lost_count=3
2026-03-20 17:15:00,035 [WARNING] WARNING camera lost: cannot access local variable 'selected_click' where it is not associated with a value, lost_count=4
2026-03-20 17:15:01,106 [WARNING] WARNING camera lost: cannot access local variable 'selected_click' where it is not associated with a value, lost_count=5
2026-03-20 17:15:01,107 [WARNING] Camera considered lost, attempting recovery
2026-03-20 17:15:01,107 [WARNING] Restarting RealSense pipeline
2026-03-20 17:15:15,282 [INFO] YOLO stream program started
2026-03-20 17:15:15,477 [INFO] YOLO model loaded: yolo11n.pt
2026-03-20 17:15:15,481 [INFO] Starting RealSense pipeline
2026-03-20 17:15:15,481 [INFO] Streaming on http://0.0.0.0:8000/stream
2026-03-20 17:15:15,994 [INFO] RealSense pipeline started successfully
2026-03-20 17:15:16,042 [INFO] [31m[1mWARNING: This is a development server. Do not use it in a production deployment. Use a production WSGI server instead.[0m
 * Running on all addresses (0.0.0.0)
 * Running on http://127.0.0.1:8000
 * Running on http://10.0.0.168:8000
2026-03-20 17:15:16,042 [INFO] [33mPress CTRL+C to quit[0m
2026-03-20 17:15:17,627 [INFO] FPS 0.5, detections 1, persons 1, locked True, yaw_cmd 0.069, infer 1079.6 ms
2026-03-20 17:15:17,964 [INFO] 127.0.0.1 - - [20/Mar/2026 17:15:17] "GET / HTTP/1.1" 200 -
2026-03-20 17:15:18,019 [INFO] MJPEG stream client connected
2026-03-20 17:15:18,020 [INFO] 127.0.0.1 - - [20/Mar/2026 17:15:18] "GET /stream HTTP/1.1" 200 -
2026-03-20 17:15:18,700 [INFO] FPS 1.9, detections 2, persons 2, locked True, yaw_cmd 0.070, infer 459.7 ms
2026-03-20 17:15:19,803 [INFO] FPS 1.8, detections 2, persons 2, locked True, yaw_cmd 0.070, infer 455.5 ms
2026-03-20 17:15:21,299 [INFO] FPS 2.0, detections 2, persons 2, locked True, yaw_cmd 0.070, infer 544.3 ms
2026-03-20 17:15:22,667 [INFO] FPS 2.2, detections 2, persons 2, locked True, yaw_cmd 0.070, infer 391.3 ms
2026-03-20 17:15:24,103 [INFO] FPS 2.1, detections 2, persons 2, locked True, yaw_cmd 0.070, infer 461.9 ms
2026-03-20 17:15:25,104 [INFO] FPS 2.0, detections 2, persons 2, locked True, yaw_cmd 0.070, infer 444.5 ms
2026-03-20 17:15:26,124 [INFO] FPS 2.0, detections 2, persons 2, locked True, yaw_cmd 0.069, infer 452.1 ms
2026-03-20 17:15:27,539 [INFO] FPS 2.1, detections 1, persons 1, locked True, yaw_cmd 0.000, infer 503.9 ms
2026-03-20 17:15:28,545 [INFO] FPS 2.0, detections 1, persons 1, locked True, yaw_cmd 0.000, infer 533.8 ms
2026-03-20 17:15:29,878 [INFO] FPS 2.3, detections 1, persons 1, locked True, yaw_cmd 0.015, infer 513.0 ms
2026-03-20 17:15:31,202 [INFO] FPS 2.3, detections 1, persons 1, locked True, yaw_cmd 0.000, infer 421.3 ms
2026-03-20 17:15:32,204 [INFO] FPS 2.0, detections 2, persons 2, locked True, yaw_cmd 0.000, infer 472.5 ms
2026-03-20 17:15:33,653 [INFO] FPS 2.1, detections 1, persons 1, locked True, yaw_cmd 0.000, infer 489.7 ms
2026-03-20 17:15:34,831 [INFO] FPS 1.7, detections 1, persons 1, locked True, yaw_cmd 0.000, infer 595.4 ms
2026-03-20 17:15:36,023 [INFO] FPS 1.7, detections 1, persons 1, locked True, yaw_cmd 0.000, infer 648.3 ms
2026-03-20 17:15:37,109 [INFO] FPS 1.8, detections 1, persons 1, locked True, yaw_cmd 0.000, infer 616.0 ms
2026-03-20 17:15:38,162 [INFO] FPS 1.9, detections 1, persons 1, locked True, yaw_cmd 0.000, infer 567.4 ms
2026-03-20 17:15:39,601 [INFO] FPS 2.1, detections 1, persons 1, locked True, yaw_cmd 0.000, infer 466.6 ms
2026-03-20 17:15:40,657 [INFO] FPS 1.9, detections 1, persons 1, locked True, yaw_cmd -0.180, infer 468.2 ms
2026-03-20 17:15:41,724 [INFO] FPS 1.9, detections 1, persons 1, locked True, yaw_cmd -0.052, infer 476.2 ms
2026-03-20 17:15:42,745 [INFO] FPS 2.0, detections 1, persons 1, locked True, yaw_cmd 0.000, infer 473.2 ms
2026-03-20 17:15:43,780 [INFO] FPS 1.9, detections 1, persons 1, locked True, yaw_cmd -0.022, infer 472.7 ms
2026-03-20 17:15:44,878 [INFO] FPS 1.8, detections 1, persons 1, locked True, yaw_cmd -0.130, infer 503.8 ms
2026-03-20 17:15:46,461 [INFO] FPS 1.9, detections 1, persons 1, locked True, yaw_cmd -0.226, infer 592.6 ms
2026-03-20 17:15:47,537 [INFO] FPS 1.9, detections 1, persons 1, locked True, yaw_cmd -0.214, infer 582.7 ms
2026-03-20 17:15:48,573 [INFO] FPS 1.9, detections 2, persons 1, locked True, yaw_cmd -0.199, infer 567.7 ms
2026-03-20 17:15:49,649 [INFO] FPS 1.9, detections 1, persons 1, locked True, yaw_cmd -0.159, infer 553.0 ms
2026-03-20 17:15:50,769 [INFO] FPS 1.8, detections 1, persons 1, locked True, yaw_cmd -0.096, infer 659.5 ms
2026-03-20 17:15:51,876 [INFO] FPS 1.8, detections 2, persons 2, locked True, yaw_cmd 0.000, infer 527.5 ms
2026-03-20 17:15:53,013 [INFO] FPS 1.8, detections 1, persons 1, locked True, yaw_cmd 0.034, infer 536.2 ms
2026-03-20 17:15:54,118 [INFO] FPS 1.8, detections 1, persons 1, locked True, yaw_cmd 0.000, infer 529.8 ms
2026-03-20 17:15:55,128 [INFO] FPS 2.0, detections 1, persons 1, locked True, yaw_cmd 0.000, infer 441.5 ms
2026-03-20 17:15:56,642 [INFO] FPS 2.0, detections 1, persons 1, locked True, yaw_cmd -0.015, infer 516.4 ms
2026-03-20 17:15:58,021 [INFO] FPS 2.2, detections 1, persons 1, locked True, yaw_cmd 0.000, infer 468.9 ms
2026-03-20 17:15:59,412 [INFO] FPS 2.2, detections 1, persons 1, locked True, yaw_cmd 0.000, infer 422.0 ms
2026-03-20 17:16:00,428 [INFO] FPS 2.0, detections 1, persons 1, locked True, yaw_cmd 0.000, infer 432.9 ms
2026-03-20 17:16:01,853 [INFO] FPS 2.1, detections 1, persons 1, locked True, yaw_cmd 0.000, infer 476.3 ms
2026-03-20 17:16:03,239 [INFO] FPS 2.2, detections 1, persons 1, locked True, yaw_cmd 0.000, infer 547.7 ms
2026-03-20 17:16:04,249 [INFO] FPS 2.0, detections 1, persons 1, locked True, yaw_cmd 0.000, infer 577.5 ms
2026-03-20 17:16:05,621 [INFO] FPS 2.2, detections 1, persons 1, locked True, yaw_cmd 0.000, infer 422.0 ms
2026-03-20 17:16:06,624 [INFO] FPS 2.0, detections 2, persons 2, locked True, yaw_cmd 0.000, infer 434.0 ms
2026-03-20 17:16:07,684 [INFO] FPS 1.9, detections 1, persons 1, locked True, yaw_cmd 0.000, infer 492.5 ms
2026-03-20 17:16:08,704 [INFO] FPS 2.0, detections 2, persons 2, locked True, yaw_cmd 0.000, infer 459.0 ms
2026-03-20 17:16:10,163 [INFO] FPS 2.1, detections 1, persons 1, locked True, yaw_cmd 0.000, infer 493.4 ms
2026-03-20 17:16:11,546 [INFO] FPS 2.2, detections 1, persons 1, locked True, yaw_cmd 0.000, infer 534.3 ms
2026-03-20 17:16:12,565 [INFO] FPS 2.0, detections 1, persons 1, locked True, yaw_cmd 0.000, infer 542.8 ms
2026-03-20 17:16:13,955 [INFO] FPS 2.2, detections 1, persons 1, locked True, yaw_cmd 0.000, infer 449.3 ms
2026-03-20 19:04:59,619 [INFO] YOLO stream program started
2026-03-20 19:04:59,804 [INFO] YOLO model loaded: yolo11n.pt
2026-03-20 19:04:59,806 [INFO] Starting RealSense pipeline
2026-03-20 19:04:59,806 [INFO] Streaming on http://0.0.0.0:8000/stream
2026-03-20 19:05:00,205 [INFO] RealSense pipeline started successfully
2026-03-20 19:05:00,224 [INFO] [31m[1mWARNING: This is a development server. Do not use it in a production deployment. Use a production WSGI server instead.[0m
 * Running on all addresses (0.0.0.0)
 * Running on http://127.0.0.1:8000
 * Running on http://10.0.0.105:8000
2026-03-20 19:05:00,224 [INFO] [33mPress CTRL+C to quit[0m
2026-03-20 19:05:01,368 [INFO] FPS 0.6, detections 0, persons 0, locked False, yaw_cmd 0.000, infer 605.9 ms
2026-03-20 19:05:02,426 [INFO] FPS 7.6, detections 0, persons 0, locked False, yaw_cmd 0.000, infer 93.7 ms
2026-03-20 19:05:02,722 [INFO] 127.0.0.1 - - [20/Mar/2026 19:05:02] "GET / HTTP/1.1" 200 -
2026-03-20 19:05:02,744 [INFO] MJPEG stream client connected
2026-03-20 19:05:02,745 [INFO] 127.0.0.1 - - [20/Mar/2026 19:05:02] "GET /stream HTTP/1.1" 200 -
2026-03-20 19:05:03,533 [INFO] FPS 6.3, detections 1, persons 0, locked False, yaw_cmd 0.000, infer 269.4 ms
2026-03-20 19:05:04,536 [INFO] FPS 8.0, detections 0, persons 0, locked False, yaw_cmd 0.000, infer 121.3 ms
2026-03-20 19:05:05,670 [INFO] FPS 6.2, detections 0, persons 0, locked False, yaw_cmd 0.000, infer 155.3 ms
2026-03-20 19:05:06,248 [INFO] 127.0.0.1 - - [20/Mar/2026 19:05:06] "[33mGET /favicon.ico HTTP/1.1[0m" 404 -
2026-03-20 19:05:06,800 [INFO] FPS 7.1, detections 1, persons 0, locked False, yaw_cmd 0.000, infer 133.2 ms
2026-03-20 19:05:07,856 [INFO] FPS 7.6, detections 0, persons 0, locked False, yaw_cmd 0.000, infer 114.1 ms
2026-03-20 19:05:08,897 [INFO] FPS 7.7, detections 0, persons 0, locked False, yaw_cmd 0.000, infer 116.9 ms
2026-03-20 19:05:09,955 [INFO] FPS 7.6, detections 1, persons 0, locked False, yaw_cmd 0.000, infer 123.4 ms
2026-03-20 19:05:10,970 [INFO] FPS 7.9, detections 0, persons 0, locked False, yaw_cmd 0.000, infer 115.7 ms
2026-03-20 19:05:12,048 [INFO] FPS 7.4, detections 1, persons 1, locked True, yaw_cmd -0.090, infer 142.1 ms
2026-03-20 19:05:13,148 [INFO] FPS 7.3, detections 1, persons 1, locked True, yaw_cmd 0.000, infer 125.9 ms
2026-03-20 19:05:14,266 [INFO] FPS 7.2, detections 1, persons 1, locked True, yaw_cmd 0.000, infer 138.3 ms
2026-03-20 19:05:15,316 [INFO] FPS 7.6, detections 1, persons 1, locked True, yaw_cmd 0.000, infer 147.7 ms
2026-03-20 19:05:16,354 [INFO] FPS 7.7, detections 1, persons 1, locked True, yaw_cmd 0.000, infer 135.8 ms
2026-03-20 19:05:17,402 [INFO] FPS 7.6, detections 1, persons 1, locked True, yaw_cmd 0.000, infer 128.0 ms
2026-03-20 19:05:18,493 [INFO] FPS 7.3, detections 1, persons 1, locked True, yaw_cmd 0.000, infer 164.8 ms
2026-03-20 19:05:19,561 [INFO] FPS 7.5, detections 1, persons 1, locked True, yaw_cmd -0.034, infer 124.6 ms
2026-03-20 19:05:20,619 [INFO] FPS 7.6, detections 1, persons 1, locked True, yaw_cmd 0.000, infer 115.5 ms
2026-03-20 19:05:21,674 [INFO] FPS 7.6, detections 1, persons 1, locked True, yaw_cmd 0.000, infer 120.8 ms
2026-03-20 19:05:22,734 [INFO] FPS 7.5, detections 1, persons 1, locked True, yaw_cmd 0.000, infer 121.0 ms
2026-03-20 19:05:23,765 [INFO] FPS 7.8, detections 1, persons 1, locked True, yaw_cmd 0.000, infer 114.4 ms
2026-03-20 19:05:24,808 [INFO] FPS 7.7, detections 1, persons 1, locked True, yaw_cmd 0.000, infer 120.8 ms
2026-03-20 19:05:25,878 [INFO] FPS 7.5, detections 1, persons 1, locked True, yaw_cmd 0.000, infer 117.1 ms
2026-03-20 19:05:26,973 [INFO] FPS 7.3, detections 1, persons 1, locked True, yaw_cmd 0.000, infer 115.3 ms
2026-03-20 19:05:27,996 [INFO] FPS 7.8, detections 2, persons 1, locked True, yaw_cmd 0.000, infer 114.4 ms
2026-03-20 19:05:29,076 [INFO] FPS 7.4, detections 2, persons 2, locked True, yaw_cmd 0.000, infer 116.9 ms
2026-03-20 19:05:30,184 [INFO] FPS 7.2, detections 1, persons 1, locked True, yaw_cmd 0.000, infer 124.4 ms
2026-03-20 19:05:31,259 [INFO] FPS 7.4, detections 0, persons 0, locked False, yaw_cmd 0.000, infer 120.0 ms
2026-03-20 19:05:32,302 [INFO] FPS 7.7, detections 1, persons 1, locked True, yaw_cmd 0.190, infer 128.9 ms
2026-03-20 19:05:33,364 [INFO] FPS 7.5, detections 0, persons 0, locked False, yaw_cmd 0.000, infer 128.0 ms
2026-03-20 19:05:34,372 [INFO] FPS 6.9, detections 1, persons 1, locked True, yaw_cmd 0.201, infer 159.9 ms
2026-03-20 19:05:35,419 [INFO] FPS 6.7, detections 0, persons 0, locked False, yaw_cmd 0.000, infer 132.5 ms
2026-03-20 19:05:36,432 [INFO] FPS 7.9, detections 1, persons 1, locked True, yaw_cmd 0.201, infer 102.1 ms
2026-03-20 19:05:37,577 [INFO] FPS 7.9, detections 0, persons 0, locked False, yaw_cmd 0.000, infer 146.9 ms
2026-03-20 19:05:38,581 [INFO] FPS 7.0, detections 1, persons 1, locked True, yaw_cmd 0.000, infer 121.9 ms
2026-03-20 19:05:39,598 [INFO] FPS 7.9, detections 0, persons 0, locked False, yaw_cmd 0.000, infer 114.5 ms
2026-03-20 19:05:40,679 [INFO] FPS 7.4, detections 0, persons 0, locked False, yaw_cmd 0.000, infer 133.7 ms
2026-03-20 19:05:41,759 [INFO] FPS 7.4, detections 0, persons 0, locked False, yaw_cmd 0.000, infer 129.7 ms
2026-03-20 19:05:42,807 [INFO] FPS 7.6, detections 0, persons 0, locked False, yaw_cmd 0.000, infer 120.9 ms
2026-03-20 19:05:43,831 [INFO] FPS 7.8, detections 0, persons 0, locked False, yaw_cmd 0.000, infer 116.8 ms
2026-03-20 19:05:44,915 [INFO] FPS 7.4, detections 1, persons 0, locked False, yaw_cmd 0.000, infer 118.6 ms
2026-03-20 19:05:46,015 [INFO] FPS 7.3, detections 2, persons 1, locked True, yaw_cmd -0.139, infer 123.1 ms
2026-03-20 19:05:47,086 [INFO] FPS 7.5, detections 1, persons 1, locked True, yaw_cmd -0.263, infer 117.1 ms
2026-03-20 19:05:48,191 [INFO] FPS 7.2, detections 0, persons 0, locked False, yaw_cmd 0.000, infer 135.3 ms
2026-03-20 19:05:49,233 [INFO] FPS 6.7, detections 1, persons 1, locked True, yaw_cmd -0.262, infer 128.5 ms
2026-03-20 19:05:50,332 [INFO] FPS 7.3, detections 0, persons 0, locked False, yaw_cmd 0.000, infer 115.4 ms
2026-03-20 19:05:51,512 [INFO] FPS 6.8, detections 0, persons 0, locked False, yaw_cmd 0.000, infer 233.7 ms
2026-03-20 19:05:52,544 [INFO] FPS 6.8, detections 0, persons 0, locked False, yaw_cmd 0.000, infer 198.5 ms
2026-03-20 19:05:53,621 [INFO] FPS 7.4, detections 0, persons 0, locked False, yaw_cmd 0.000, infer 185.6 ms
2026-03-20 19:05:54,676 [INFO] FPS 7.6, detections 1, persons 1, locked True, yaw_cmd -0.262, infer 154.5 ms
2026-03-20 19:05:55,737 [INFO] FPS 7.5, detections 0, persons 0, locked False, yaw_cmd 0.000, infer 172.4 ms
2026-03-20 19:05:56,744 [INFO] FPS 7.0, detections 0, persons 0, locked False, yaw_cmd 0.000, infer 191.4 ms
2026-03-20 19:05:57,863 [INFO] FPS 7.1, detections 0, persons 0, locked False, yaw_cmd 0.000, infer 159.9 ms
2026-03-20 19:05:58,873 [INFO] FPS 6.9, detections 0, persons 0, locked False, yaw_cmd 0.000, infer 167.8 ms
2026-03-20 19:05:59,969 [INFO] FPS 7.3, detections 0, persons 0, locked False, yaw_cmd 0.000, infer 129.8 ms
2026-03-20 19:06:01,090 [INFO] FPS 7.1, detections 0, persons 0, locked False, yaw_cmd 0.000, infer 120.4 ms
2026-03-20 19:06:02,155 [INFO] FPS 7.5, detections 0, persons 0, locked False, yaw_cmd 0.000, infer 117.4 ms
2026-03-20 19:06:03,251 [INFO] FPS 7.3, detections 1, persons 1, locked True, yaw_cmd -0.262, infer 132.3 ms
2026-03-20 19:06:04,323 [INFO] FPS 7.5, detections 0, persons 0, locked False, yaw_cmd 0.000, infer 130.1 ms
2026-03-20 19:06:05,430 [INFO] FPS 7.2, detections 0, persons 0, locked False, yaw_cmd 0.000, infer 127.6 ms
2026-03-20 19:06:06,496 [INFO] FPS 7.5, detections 0, persons 0, locked False, yaw_cmd 0.000, infer 116.4 ms
2026-03-20 19:06:07,619 [INFO] FPS 7.1, detections 0, persons 0, locked False, yaw_cmd 0.000, infer 126.2 ms
2026-03-20 19:06:08,634 [INFO] FPS 6.9, detections 0, persons 0, locked False, yaw_cmd 0.000, infer 120.0 ms
2026-03-20 19:06:09,732 [INFO] FPS 7.3, detections 1, persons 1, locked True, yaw_cmd -0.261, infer 125.2 ms
2026-03-20 19:06:10,824 [INFO] FPS 7.3, detections 0, persons 0, locked False, yaw_cmd 0.000, infer 135.0 ms
2026-03-20 19:06:11,944 [INFO] FPS 7.1, detections 0, persons 0, locked False, yaw_cmd 0.000, infer 136.0 ms
2026-03-20 19:06:13,055 [INFO] FPS 7.2, detections 0, persons 0, locked False, yaw_cmd 0.000, infer 116.0 ms
2026-03-20 19:06:14,183 [INFO] FPS 7.1, detections 1, persons 1, locked True, yaw_cmd -0.262, infer 138.2 ms
2026-03-20 19:06:15,309 [INFO] FPS 7.1, detections 0, persons 0, locked False, yaw_cmd 0.000, infer 129.1 ms
2026-03-20 19:06:16,370 [INFO] FPS 7.5, detections 0, persons 0, locked False, yaw_cmd 0.000, infer 127.7 ms
2026-03-20 19:06:17,478 [INFO] FPS 7.2, detections 1, persons 1, locked True, yaw_cmd -0.262, infer 140.0 ms
2026-03-20 19:06:18,644 [INFO] FPS 6.9, detections 0, persons 0, locked False, yaw_cmd 0.000, infer 173.3 ms
2026-03-20 19:06:19,719 [INFO] FPS 7.4, detections 0, persons 0, locked False, yaw_cmd 0.000, infer 195.5 ms
2026-03-20 19:06:20,818 [INFO] FPS 7.3, detections 0, persons 0, locked False, yaw_cmd 0.000, infer 191.6 ms
2026-03-20 19:06:21,901 [INFO] FPS 7.4, detections 0, persons 0, locked False, yaw_cmd 0.000, infer 177.9 ms
2026-03-20 19:06:22,991 [INFO] FPS 7.3, detections 0, persons 0, locked False, yaw_cmd 0.000, infer 156.7 ms
2026-03-20 19:06:24,118 [INFO] FPS 7.1, detections 0, persons 0, locked False, yaw_cmd 0.000, infer 131.2 ms
2026-03-20 19:06:25,137 [INFO] FPS 6.9, detections 0, persons 0, locked False, yaw_cmd 0.000, infer 150.7 ms
2026-03-20 19:06:26,224 [INFO] FPS 7.4, detections 0, persons 0, locked False, yaw_cmd 0.000, infer 120.4 ms
2026-03-20 19:06:27,303 [INFO] FPS 7.4, detections 0, persons 0, locked False, yaw_cmd 0.000, infer 131.6 ms
2026-03-20 19:06:28,386 [INFO] FPS 7.4, detections 0, persons 0, locked False, yaw_cmd 0.000, infer 127.4 ms
2026-03-20 19:27:24,141 [INFO] YOLO stream program started
2026-03-20 19:27:24,317 [INFO] YOLO model loaded: yolo11n.pt
2026-03-20 19:27:24,319 [INFO] Starting RealSense pipeline
2026-03-20 19:27:24,319 [INFO] Streaming on http://0.0.0.0:8000/stream
2026-03-20 19:27:24,707 [INFO] RealSense pipeline started successfully
2026-03-20 19:27:24,723 [INFO] [31m[1mWARNING: This is a development server. Do not use it in a production deployment. Use a production WSGI server instead.[0m
 * Running on all addresses (0.0.0.0)
 * Running on http://127.0.0.1:8000
 * Running on http://10.0.0.105:8000
2026-03-20 19:27:24,723 [INFO] [33mPress CTRL+C to quit[0m
2026-03-20 19:27:25,791 [INFO] FPS 0.7, detections 0, persons 0, locked False, yaw_cmd 0.000, infer 526.2 ms
2026-03-20 19:27:26,879 [INFO] FPS 7.4, detections 0, persons 0, locked False, yaw_cmd 0.000, infer 106.1 ms
2026-03-20 19:27:26,923 [INFO] 127.0.0.1 - - [20/Mar/2026 19:27:26] "GET / HTTP/1.1" 200 -
2026-03-20 19:27:26,977 [INFO] MJPEG stream client connected
2026-03-20 19:27:26,977 [INFO] 127.0.0.1 - - [20/Mar/2026 19:27:26] "GET /stream HTTP/1.1" 200 -
2026-03-20 19:27:28,016 [INFO] FPS 7.0, detections 0, persons 0, locked False, yaw_cmd 0.000, infer 140.3 ms
2026-03-20 19:27:29,133 [INFO] FPS 7.2, detections 0, persons 0, locked False, yaw_cmd 0.000, infer 123.7 ms
2026-03-20 19:27:30,155 [INFO] FPS 7.8, detections 1, persons 0, locked False, yaw_cmd 0.000, infer 122.3 ms
2026-03-20 19:27:31,262 [INFO] FPS 7.2, detections 0, persons 0, locked False, yaw_cmd 0.000, infer 115.3 ms
2026-03-20 19:27:32,290 [INFO] FPS 7.8, detections 0, persons 0, locked False, yaw_cmd 0.000, infer 121.0 ms
2026-03-20 19:27:33,385 [INFO] FPS 7.3, detections 0, persons 0, locked False, yaw_cmd 0.000, infer 161.0 ms
2026-03-20 19:27:34,399 [INFO] FPS 6.9, detections 1, persons 0, locked False, yaw_cmd 0.000, infer 117.2 ms
2026-03-20 19:27:35,477 [INFO] FPS 7.4, detections 1, persons 0, locked False, yaw_cmd 0.000, infer 99.7 ms
2026-03-20 19:27:36,553 [INFO] FPS 7.4, detections 0, persons 0, locked False, yaw_cmd 0.000, infer 129.2 ms
2026-03-20 19:27:37,658 [INFO] FPS 7.2, detections 0, persons 0, locked False, yaw_cmd 0.000, infer 117.9 ms
2026-03-20 19:27:38,777 [INFO] FPS 7.1, detections 0, persons 0, locked False, yaw_cmd 0.000, infer 119.7 ms
2026-03-20 19:27:39,886 [INFO] FPS 7.2, detections 1, persons 1, locked True, yaw_cmd -0.058, infer 124.9 ms
2026-03-20 19:27:40,955 [INFO] FPS 7.5, detections 1, persons 1, locked True, yaw_cmd -0.058, infer 117.2 ms
2026-03-20 19:27:42,013 [INFO] FPS 7.6, detections 2, persons 1, locked True, yaw_cmd -0.023, infer 118.1 ms
2026-03-20 19:27:43,086 [INFO] FPS 7.5, detections 1, persons 1, locked True, yaw_cmd -0.082, infer 136.6 ms
2026-03-20 19:27:44,188 [INFO] FPS 7.3, detections 1, persons 1, locked True, yaw_cmd -0.032, infer 131.4 ms
2026-03-20 19:27:45,278 [INFO] FPS 7.3, detections 2, persons 1, locked True, yaw_cmd 0.000, infer 123.5 ms
2026-03-20 19:27:46,309 [INFO] FPS 7.8, detections 2, persons 1, locked True, yaw_cmd -0.050, infer 115.2 ms
2026-03-20 19:27:47,372 [INFO] FPS 7.5, detections 3, persons 1, locked True, yaw_cmd -0.074, infer 121.5 ms
2026-03-20 19:27:48,401 [INFO] FPS 7.8, detections 1, persons 1, locked True, yaw_cmd -0.079, infer 113.8 ms
2026-03-20 19:27:49,472 [INFO] FPS 7.5, detections 1, persons 1, locked True, yaw_cmd -0.162, infer 127.3 ms
2026-03-20 19:27:50,570 [INFO] FPS 7.3, detections 1, persons 1, locked True, yaw_cmd -0.207, infer 127.3 ms
2026-03-20 19:27:51,652 [INFO] FPS 7.4, detections 1, persons 1, locked True, yaw_cmd -0.239, infer 116.7 ms
2026-03-20 19:27:52,749 [INFO] FPS 7.3, detections 1, persons 1, locked True, yaw_cmd -0.252, infer 123.5 ms
2026-03-20 19:27:53,786 [INFO] FPS 7.7, detections 1, persons 1, locked True, yaw_cmd -0.245, infer 117.0 ms
2026-03-20 19:27:54,903 [INFO] FPS 7.2, detections 1, persons 1, locked True, yaw_cmd -0.210, infer 116.0 ms
2026-03-20 19:27:55,927 [INFO] FPS 7.8, detections 1, persons 1, locked True, yaw_cmd -0.196, infer 114.8 ms
2026-03-20 19:27:57,052 [INFO] FPS 7.1, detections 1, persons 1, locked True, yaw_cmd -0.200, infer 147.9 ms
2026-03-20 19:27:58,139 [INFO] FPS 7.4, detections 1, persons 1, locked True, yaw_cmd -0.251, infer 163.2 ms
2026-03-20 19:27:59,227 [INFO] FPS 7.4, detections 0, persons 0, locked False, yaw_cmd 0.000, infer 176.5 ms
2026-03-20 19:28:00,257 [INFO] FPS 7.8, detections 1, persons 1, locked True, yaw_cmd -0.125, infer 171.3 ms
2026-03-20 19:28:01,368 [INFO] FPS 7.2, detections 2, persons 1, locked True, yaw_cmd 0.029, infer 182.4 ms
2026-03-20 19:28:02,447 [INFO] FPS 7.4, detections 2, persons 1, locked True, yaw_cmd 0.000, infer 127.3 ms
2026-03-20 19:28:03,527 [INFO] FPS 7.4, detections 1, persons 1, locked True, yaw_cmd -0.232, infer 118.9 ms
2026-03-20 19:28:04,558 [INFO] FPS 7.8, detections 0, persons 0, locked False, yaw_cmd 0.000, infer 115.5 ms
2026-03-20 19:28:05,595 [INFO] FPS 7.7, detections 1, persons 1, locked True, yaw_cmd -0.166, infer 119.0 ms
2026-03-20 19:28:06,660 [INFO] FPS 7.5, detections 1, persons 1, locked True, yaw_cmd -0.123, infer 137.7 ms
2026-03-20 19:28:07,730 [INFO] FPS 7.5, detections 1, persons 1, locked True, yaw_cmd -0.123, infer 126.0 ms
2026-03-20 19:28:08,775 [INFO] FPS 7.7, detections 1, persons 1, locked True, yaw_cmd -0.092, infer 115.8 ms
2026-03-20 19:28:09,876 [INFO] FPS 7.3, detections 1, persons 1, locked True, yaw_cmd 0.000, infer 133.4 ms
2026-03-20 19:28:10,889 [INFO] FPS 6.9, detections 1, persons 1, locked True, yaw_cmd 0.191, infer 138.8 ms
2026-03-20 19:28:11,935 [INFO] FPS 7.6, detections 1, persons 0, locked False, yaw_cmd 0.000, infer 133.0 ms
2026-03-20 19:28:13,030 [INFO] FPS 7.3, detections 1, persons 0, locked False, yaw_cmd 0.000, infer 121.7 ms
2026-03-20 19:28:14,157 [INFO] FPS 7.1, detections 1, persons 0, locked False, yaw_cmd 0.000, infer 136.1 ms
2026-03-20 19:28:15,257 [INFO] FPS 7.3, detections 1, persons 0, locked False, yaw_cmd 0.000, infer 125.5 ms
2026-03-20 19:28:16,318 [INFO] FPS 7.5, detections 1, persons 0, locked False, yaw_cmd 0.000, infer 122.1 ms
2026-03-20 19:28:17,363 [INFO] FPS 7.7, detections 1, persons 0, locked False, yaw_cmd 0.000, infer 121.2 ms
2026-03-20 19:28:18,438 [INFO] FPS 7.4, detections 1, persons 0, locked False, yaw_cmd 0.000, infer 116.9 ms
2026-03-20 19:28:19,512 [INFO] FPS 7.4, detections 1, persons 1, locked True, yaw_cmd -0.201, infer 126.3 ms
2026-03-20 19:28:20,604 [INFO] FPS 7.3, detections 1, persons 1, locked True, yaw_cmd -0.092, infer 140.2 ms
2026-03-20 19:28:21,662 [INFO] FPS 7.6, detections 2, persons 1, locked True, yaw_cmd 0.138, infer 140.5 ms
2026-03-20 19:28:22,743 [INFO] FPS 7.4, detections 2, persons 1, locked True, yaw_cmd 0.114, infer 129.9 ms
2026-03-20 19:28:23,866 [INFO] FPS 7.1, detections 2, persons 1, locked True, yaw_cmd 0.048, infer 128.6 ms
2026-03-20 19:28:24,896 [INFO] FPS 6.8, detections 3, persons 1, locked True, yaw_cmd 0.160, infer 120.7 ms
2026-03-20 19:28:25,975 [INFO] FPS 7.4, detections 2, persons 1, locked True, yaw_cmd 0.128, infer 118.9 ms
2026-03-20 19:28:26,994 [INFO] FPS 6.9, detections 2, persons 1, locked True, yaw_cmd 0.132, infer 131.8 ms
2026-03-20 19:28:28,040 [INFO] FPS 6.7, detections 2, persons 1, locked True, yaw_cmd 0.136, infer 132.5 ms
2026-03-20 19:28:29,132 [INFO] FPS 7.3, detections 2, persons 1, locked True, yaw_cmd 0.121, infer 115.5 ms
2026-03-20 19:28:30,240 [INFO] FPS 7.2, detections 2, persons 1, locked True, yaw_cmd 0.123, infer 147.8 ms
2026-03-20 19:28:31,348 [INFO] FPS 7.2, detections 1, persons 1, locked True, yaw_cmd -0.032, infer 128.6 ms
2026-03-20 19:28:32,371 [INFO] FPS 6.8, detections 1, persons 1, locked True, yaw_cmd 0.000, infer 133.1 ms
2026-03-20 19:28:33,425 [INFO] FPS 6.6, detections 2, persons 1, locked True, yaw_cmd -0.084, infer 136.7 ms
2026-03-20 19:28:34,468 [INFO] FPS 7.7, detections 1, persons 1, locked True, yaw_cmd 0.000, infer 126.3 ms
2026-03-20 19:28:35,501 [INFO] FPS 7.7, detections 1, persons 1, locked True, yaw_cmd -0.078, infer 123.2 ms
2026-03-20 19:28:36,591 [INFO] FPS 7.3, detections 1, persons 1, locked True, yaw_cmd -0.142, infer 120.8 ms
2026-03-20 19:28:37,726 [INFO] FPS 7.1, detections 1, persons 1, locked True, yaw_cmd -0.134, infer 134.0 ms
2026-03-20 19:28:38,735 [INFO] FPS 6.9, detections 1, persons 1, locked True, yaw_cmd -0.095, infer 134.2 ms
2026-03-20 19:28:39,740 [INFO] FPS 7.0, detections 1, persons 1, locked True, yaw_cmd -0.087, infer 129.0 ms
2026-03-20 19:28:40,749 [INFO] FPS 7.9, detections 1, persons 1, locked True, yaw_cmd -0.095, infer 116.7 ms
2026-03-20 19:28:41,813 [INFO] FPS 7.5, detections 1, persons 1, locked True, yaw_cmd -0.091, infer 112.9 ms
2026-03-20 19:28:42,916 [INFO] FPS 8.2, detections 1, persons 1, locked True, yaw_cmd -0.138, infer 116.4 ms
2026-03-20 19:28:43,962 [INFO] FPS 6.7, detections 1, persons 1, locked True, yaw_cmd -0.072, infer 171.5 ms
2026-03-20 19:28:45,000 [INFO] FPS 6.7, detections 1, persons 1, locked True, yaw_cmd 0.000, infer 137.9 ms
2026-03-20 19:28:46,081 [INFO] FPS 6.5, detections 1, persons 0, locked False, yaw_cmd 0.000, infer 136.3 ms
2026-03-20 19:28:47,175 [INFO] FPS 7.3, detections 1, persons 0, locked False, yaw_cmd 0.000, infer 132.5 ms
2026-03-20 19:28:48,219 [INFO] FPS 7.7, detections 3, persons 1, locked True, yaw_cmd 0.126, infer 128.5 ms
2026-03-20 19:28:49,271 [INFO] FPS 7.6, detections 2, persons 1, locked True, yaw_cmd 0.162, infer 119.5 ms
2026-03-20 19:28:50,279 [INFO] FPS 6.9, detections 2, persons 1, locked True, yaw_cmd 0.015, infer 124.1 ms
2026-03-20 19:28:51,366 [INFO] FPS 7.4, detections 1, persons 1, locked True, yaw_cmd -0.028, infer 121.1 ms
2026-03-20 19:28:52,466 [INFO] FPS 7.3, detections 2, persons 2, locked True, yaw_cmd -0.043, infer 133.0 ms
2026-03-20 19:28:53,590 [INFO] FPS 7.1, detections 2, persons 2, locked True, yaw_cmd -0.124, infer 167.0 ms
2026-03-20 19:28:54,715 [INFO] FPS 7.1, detections 2, persons 2, locked True, yaw_cmd -0.164, infer 209.5 ms
2026-03-20 19:28:55,795 [INFO] FPS 7.4, detections 2, persons 2, locked True, yaw_cmd -0.157, infer 130.0 ms
2026-03-20 19:28:56,902 [INFO] FPS 7.2, detections 2, persons 2, locked True, yaw_cmd -0.156, infer 129.3 ms
2026-03-20 19:28:57,985 [INFO] FPS 7.4, detections 2, persons 2, locked True, yaw_cmd -0.141, infer 118.1 ms
2026-03-20 19:28:59,083 [INFO] FPS 7.3, detections 2, persons 2, locked True, yaw_cmd -0.117, infer 130.3 ms
2026-03-20 19:29:00,210 [INFO] FPS 7.1, detections 2, persons 2, locked True, yaw_cmd 0.109, infer 131.5 ms
2026-03-20 19:29:01,323 [INFO] FPS 7.2, detections 2, persons 2, locked True, yaw_cmd 0.114, infer 125.2 ms
2026-03-20 19:29:02,396 [INFO] FPS 6.5, detections 2, persons 2, locked True, yaw_cmd 0.120, infer 132.8 ms
2026-03-20 19:29:03,484 [INFO] FPS 7.4, detections 2, persons 2, locked True, yaw_cmd 0.150, infer 118.6 ms
2026-03-20 19:29:04,572 [INFO] FPS 7.3, detections 2, persons 2, locked True, yaw_cmd -0.131, infer 132.2 ms
2026-03-20 19:29:05,629 [INFO] FPS 7.6, detections 2, persons 2, locked True, yaw_cmd -0.121, infer 123.2 ms
2026-03-20 19:29:06,701 [INFO] FPS 7.5, detections 2, persons 2, locked True, yaw_cmd -0.090, infer 118.0 ms
2026-03-20 19:29:07,752 [INFO] FPS 7.6, detections 2, persons 2, locked True, yaw_cmd -0.049, infer 131.7 ms
2026-03-20 19:29:08,774 [INFO] FPS 6.9, detections 2, persons 2, locked True, yaw_cmd -0.109, infer 133.2 ms
2026-03-20 19:29:09,876 [INFO] FPS 7.3, detections 2, persons 2, locked True, yaw_cmd -0.112, infer 117.5 ms
2026-03-20 19:29:10,888 [INFO] FPS 6.9, detections 2, persons 2, locked True, yaw_cmd -0.090, infer 133.7 ms
2026-03-20 19:29:11,983 [INFO] FPS 7.3, detections 2, persons 2, locked True, yaw_cmd 0.170, infer 117.0 ms
2026-03-20 19:29:12,984 [INFO] FPS 7.0, detections 2, persons 2, locked True, yaw_cmd 0.153, infer 154.5 ms
2026-03-20 19:29:13,998 [INFO] FPS 6.9, detections 2, persons 2, locked True, yaw_cmd 0.138, infer 136.1 ms
2026-03-20 19:29:15,100 [INFO] FPS 7.3, detections 2, persons 2, locked True, yaw_cmd 0.141, infer 129.3 ms
2026-03-20 19:29:16,175 [INFO] FPS 7.4, detections 2, persons 1, locked True, yaw_cmd 0.111, infer 102.9 ms
2026-03-20 19:29:17,265 [INFO] FPS 7.3, detections 2, persons 1, locked True, yaw_cmd 0.144, infer 159.0 ms
2026-03-20 19:29:18,329 [INFO] FPS 7.5, detections 3, persons 2, locked True, yaw_cmd 0.128, infer 126.8 ms
2026-03-20 19:29:19,399 [INFO] FPS 7.5, detections 3, persons 2, locked True, yaw_cmd 0.021, infer 119.3 ms
2026-03-20 19:29:20,488 [INFO] FPS 7.4, detections 2, persons 2, locked True, yaw_cmd 0.000, infer 120.8 ms
2026-03-20 19:29:21,511 [INFO] FPS 6.8, detections 2, persons 2, locked True, yaw_cmd 0.000, infer 126.9 ms
2026-03-20 19:29:22,515 [INFO] FPS 7.0, detections 2, persons 2, locked True, yaw_cmd 0.000, infer 129.9 ms
2026-03-20 19:29:23,618 [INFO] FPS 7.3, detections 2, persons 2, locked True, yaw_cmd 0.000, infer 115.0 ms
2026-03-20 19:29:24,724 [INFO] FPS 7.2, detections 2, persons 2, locked True, yaw_cmd 0.000, infer 119.1 ms
2026-03-20 19:29:25,731 [INFO] FPS 7.0, detections 2, persons 2, locked True, yaw_cmd 0.102, infer 147.2 ms
2026-03-20 19:29:26,861 [INFO] FPS 7.1, detections 2, persons 2, locked True, yaw_cmd 0.112, infer 130.4 ms
2026-03-20 19:29:27,922 [INFO] FPS 6.6, detections 3, persons 2, locked True, yaw_cmd 0.102, infer 150.1 ms
2026-03-20 19:29:28,956 [INFO] FPS 7.7, detections 2, persons 2, locked True, yaw_cmd 0.000, infer 112.2 ms
2026-03-20 19:29:30,086 [INFO] FPS 7.1, detections 2, persons 2, locked True, yaw_cmd 0.100, infer 192.3 ms
2026-03-20 19:29:31,132 [INFO] FPS 7.6, detections 2, persons 1, locked True, yaw_cmd 0.095, infer 158.2 ms
2026-03-20 19:29:32,224 [INFO] FPS 7.3, detections 2, persons 2, locked True, yaw_cmd 0.127, infer 178.4 ms
2026-03-20 19:29:33,310 [INFO] FPS 7.4, detections 3, persons 2, locked True, yaw_cmd 0.102, infer 185.7 ms
2026-03-20 19:29:34,380 [INFO] FPS 7.5, detections 3, persons 2, locked True, yaw_cmd 0.092, infer 190.6 ms
2026-03-20 19:29:35,411 [INFO] FPS 7.8, detections 3, persons 2, locked True, yaw_cmd 0.090, infer 160.3 ms
2026-03-20 19:29:36,453 [INFO] FPS 7.7, detections 3, persons 2, locked True, yaw_cmd 0.067, infer 138.7 ms
2026-03-20 19:29:37,488 [INFO] FPS 7.7, detections 3, persons 2, locked True, yaw_cmd 0.097, infer 104.6 ms
2026-03-20 19:29:38,530 [INFO] FPS 6.7, detections 3, persons 1, locked True, yaw_cmd 0.106, infer 185.2 ms
2026-03-20 19:29:39,650 [INFO] FPS 7.1, detections 1, persons 1, locked True, yaw_cmd 0.063, infer 143.8 ms
2026-03-20 19:29:40,666 [INFO] FPS 6.9, detections 1, persons 1, locked True, yaw_cmd 0.067, infer 141.6 ms
2026-03-20 19:29:41,729 [INFO] FPS 7.5, detections 1, persons 1, locked True, yaw_cmd 0.067, infer 141.7 ms
2026-03-20 19:29:42,783 [INFO] FPS 8.5, detections 2, persons 1, locked True, yaw_cmd 0.051, infer 97.8 ms
2026-03-20 19:29:43,868 [INFO] FPS 9.2, detections 2, persons 1, locked True, yaw_cmd 0.043, infer 109.0 ms
2026-03-20 19:29:44,883 [INFO] FPS 8.9, detections 1, persons 1, locked True, yaw_cmd 0.056, infer 116.3 ms
2026-03-20 19:29:45,998 [INFO] FPS 9.0, detections 2, persons 1, locked True, yaw_cmd 0.052, infer 135.2 ms
2026-03-20 19:29:47,057 [INFO] FPS 8.5, detections 2, persons 1, locked True, yaw_cmd 0.046, infer 138.5 ms
2026-03-20 19:29:48,118 [INFO] FPS 8.5, detections 2, persons 1, locked True, yaw_cmd 0.040, infer 116.2 ms
2026-03-20 19:29:49,144 [INFO] FPS 8.8, detections 2, persons 1, locked True, yaw_cmd 0.024, infer 100.9 ms
2026-03-20 19:29:50,206 [INFO] FPS 9.4, detections 1, persons 1, locked True, yaw_cmd 0.064, infer 107.0 ms
2026-03-20 19:29:51,297 [INFO] FPS 9.2, detections 1, persons 1, locked True, yaw_cmd 0.000, infer 98.7 ms
2026-03-20 19:29:52,351 [INFO] FPS 9.5, detections 1, persons 1, locked True, yaw_cmd -0.017, infer 98.0 ms
2026-03-20 19:29:53,416 [INFO] FPS 9.4, detections 1, persons 1, locked True, yaw_cmd -0.052, infer 99.6 ms
2026-03-20 19:29:54,445 [INFO] FPS 8.7, detections 1, persons 0, locked False, yaw_cmd 0.000, infer 109.0 ms
2026-03-20 19:29:55,523 [INFO] FPS 8.3, detections 2, persons 2, locked True, yaw_cmd 0.136, infer 110.2 ms
2026-03-20 19:29:56,619 [INFO] FPS 8.2, detections 2, persons 2, locked True, yaw_cmd 0.095, infer 119.1 ms
2026-03-20 19:29:57,697 [INFO] FPS 9.3, detections 2, persons 2, locked True, yaw_cmd 0.148, infer 97.2 ms
2026-03-20 19:29:58,773 [INFO] FPS 9.3, detections 2, persons 2, locked True, yaw_cmd 0.121, infer 108.3 ms
2026-03-20 19:29:59,847 [INFO] FPS 8.4, detections 2, persons 2, locked True, yaw_cmd 0.095, infer 145.3 ms
2026-03-20 19:30:00,913 [INFO] FPS 8.4, detections 2, persons 2, locked True, yaw_cmd 0.050, infer 126.3 ms
2026-03-20 19:30:01,933 [INFO] FPS 7.8, detections 2, persons 2, locked True, yaw_cmd 0.046, infer 150.7 ms
2026-03-20 19:30:02,944 [INFO] FPS 6.9, detections 2, persons 2, locked True, yaw_cmd -0.171, infer 134.6 ms
2026-03-20 19:30:03,945 [INFO] FPS 7.0, detections 2, persons 2, locked True, yaw_cmd 0.082, infer 133.2 ms
2026-03-20 19:30:05,015 [INFO] FPS 7.5, detections 2, persons 2, locked True, yaw_cmd -0.174, infer 116.8 ms
2026-03-20 19:30:06,102 [INFO] FPS 7.4, detections 2, persons 2, locked True, yaw_cmd -0.178, infer 130.6 ms
2026-03-20 19:30:07,167 [INFO] FPS 7.5, detections 2, persons 2, locked True, yaw_cmd -0.151, infer 115.9 ms
2026-03-20 19:30:08,208 [INFO] FPS 7.7, detections 0, persons 0, locked False, yaw_cmd 0.000, infer 120.6 ms
2026-03-20 19:30:09,304 [INFO] FPS 7.3, detections 1, persons 1, locked True, yaw_cmd -0.052, infer 133.0 ms
2026-03-20 19:30:10,383 [INFO] FPS 7.4, detections 1, persons 1, locked True, yaw_cmd 0.066, infer 130.5 ms
2026-03-20 19:30:11,423 [INFO] FPS 7.7, detections 0, persons 0, locked False, yaw_cmd 0.000, infer 116.0 ms
2026-03-20 19:30:12,451 [INFO] FPS 7.8, detections 1, persons 1, locked True, yaw_cmd -0.103, infer 130.3 ms
2026-03-20 19:30:13,546 [INFO] FPS 7.3, detections 1, persons 1, locked True, yaw_cmd -0.205, infer 118.4 ms
2026-03-20 19:30:14,611 [INFO] FPS 7.5, detections 1, persons 1, locked True, yaw_cmd -0.075, infer 117.8 ms
2026-03-20 19:30:15,701 [INFO] FPS 7.3, detections 1, persons 1, locked True, yaw_cmd -0.048, infer 130.0 ms
2026-03-20 19:30:16,710 [INFO] FPS 6.9, detections 1, persons 1, locked True, yaw_cmd -0.047, infer 145.1 ms
2026-03-20 19:30:17,772 [INFO] FPS 7.5, detections 1, persons 1, locked True, yaw_cmd 0.141, infer 130.1 ms
2026-03-20 19:30:18,857 [INFO] FPS 8.3, detections 1, persons 1, locked True, yaw_cmd 0.243, infer 118.0 ms
2026-03-20 19:30:19,895 [INFO] FPS 7.7, detections 0, persons 0, locked False, yaw_cmd 0.000, infer 98.8 ms
2026-03-20 19:30:20,930 [INFO] FPS 7.7, detections 1, persons 1, locked True, yaw_cmd 0.206, infer 144.5 ms
2026-03-20 19:30:22,020 [INFO] FPS 7.3, detections 1, persons 1, locked True, yaw_cmd 0.215, infer 118.2 ms
2026-03-20 19:30:23,101 [INFO] FPS 7.4, detections 1, persons 1, locked True, yaw_cmd 0.207, infer 139.2 ms
2026-03-20 19:30:24,143 [INFO] FPS 7.7, detections 1, persons 1, locked True, yaw_cmd 0.208, infer 115.1 ms
2026-03-20 19:30:25,156 [INFO] FPS 6.9, detections 1, persons 1, locked True, yaw_cmd 0.215, infer 118.9 ms
2026-03-20 19:30:26,235 [INFO] FPS 7.4, detections 1, persons 1, locked True, yaw_cmd 0.213, infer 116.8 ms
2026-03-20 19:30:27,319 [INFO] FPS 7.4, detections 1, persons 1, locked True, yaw_cmd 0.207, infer 134.3 ms
2026-03-20 19:30:28,326 [INFO] FPS 6.9, detections 0, persons 0, locked False, yaw_cmd 0.000, infer 127.2 ms
2026-03-20 19:30:29,390 [INFO] FPS 7.5, detections 0, persons 0, locked False, yaw_cmd 0.000, infer 122.3 ms
2026-03-20 19:30:30,498 [INFO] FPS 7.2, detections 0, persons 0, locked False, yaw_cmd 0.000, infer 121.9 ms
2026-03-20 19:30:31,555 [INFO] FPS 7.6, detections 0, persons 0, locked False, yaw_cmd 0.000, infer 118.4 ms
2026-03-20 19:30:32,631 [INFO] FPS 7.4, detections 0, persons 0, locked False, yaw_cmd 0.000, infer 125.5 ms
2026-03-20 19:30:33,723 [INFO] FPS 7.3, detections 0, persons 0, locked False, yaw_cmd 0.000, infer 125.2 ms
2026-03-20 19:30:34,845 [INFO] FPS 7.1, detections 0, persons 0, locked False, yaw_cmd 0.000, infer 144.1 ms
2026-03-20 19:30:35,940 [INFO] FPS 7.3, detections 0, persons 0, locked False, yaw_cmd 0.000, infer 182.8 ms
2026-03-20 19:30:37,008 [INFO] FPS 7.5, detections 0, persons 0, locked False, yaw_cmd 0.000, infer 167.5 ms
2026-03-20 19:30:38,080 [INFO] FPS 7.5, detections 0, persons 0, locked False, yaw_cmd 0.000, infer 174.2 ms
2026-03-20 19:30:39,171 [INFO] FPS 7.3, detections 0, persons 0, locked False, yaw_cmd 0.000, infer 164.7 ms
2026-03-20 19:30:40,240 [INFO] FPS 7.5, detections 0, persons 0, locked False, yaw_cmd 0.000, infer 163.4 ms
2026-03-20 19:30:41,296 [INFO] FPS 7.6, detections 0, persons 0, locked False, yaw_cmd 0.000, infer 133.0 ms
2026-03-20 19:30:42,313 [INFO] FPS 6.9, detections 0, persons 0, locked False, yaw_cmd 0.000, infer 169.8 ms
2026-03-20 19:30:43,423 [INFO] FPS 7.2, detections 0, persons 0, locked False, yaw_cmd 0.000, infer 123.2 ms
2026-03-20 19:30:44,506 [INFO] FPS 7.4, detections 0, persons 0, locked False, yaw_cmd 0.000, infer 126.6 ms
2026-03-20 19:30:45,621 [INFO] FPS 7.2, detections 0, persons 0, locked False, yaw_cmd 0.000, infer 129.8 ms
2026-03-20 19:30:46,638 [INFO] FPS 7.9, detections 0, persons 0, locked False, yaw_cmd 0.000, infer 121.2 ms
2026-03-20 19:30:47,755 [INFO] FPS 7.2, detections 0, persons 0, locked False, yaw_cmd 0.000, infer 134.5 ms
2026-03-20 19:30:48,766 [INFO] FPS 6.9, detections 0, persons 0, locked False, yaw_cmd 0.000, infer 135.6 ms
2026-03-20 19:30:49,855 [INFO] FPS 7.3, detections 0, persons 0, locked False, yaw_cmd 0.000, infer 132.9 ms
2026-03-20 19:30:50,969 [INFO] FPS 7.2, detections 0, persons 0, locked False, yaw_cmd 0.000, infer 132.7 ms
2026-03-20 19:30:52,042 [INFO] FPS 7.5, detections 0, persons 0, locked False, yaw_cmd 0.000, infer 124.4 ms
2026-03-20 19:30:53,096 [INFO] FPS 7.6, detections 0, persons 0, locked False, yaw_cmd 0.000, infer 116.9 ms
2026-03-20 19:30:54,134 [INFO] FPS 7.7, detections 0, persons 0, locked False, yaw_cmd 0.000, infer 116.1 ms
2026-03-20 19:30:55,205 [INFO] FPS 7.5, detections 0, persons 0, locked False, yaw_cmd 0.000, infer 118.3 ms
2026-03-20 19:30:56,269 [INFO] FPS 7.5, detections 0, persons 0, locked False, yaw_cmd 0.000, infer 121.5 ms
2026-03-20 19:30:57,272 [INFO] FPS 7.0, detections 0, persons 0, locked False, yaw_cmd 0.000, infer 144.9 ms
2026-03-20 19:30:58,354 [INFO] FPS 7.4, detections 0, persons 0, locked False, yaw_cmd 0.000, infer 119.3 ms
2026-03-20 19:30:59,429 [INFO] FPS 7.4, detections 0, persons 0, locked False, yaw_cmd 0.000, infer 118.6 ms
2026-03-20 19:31:00,479 [INFO] FPS 7.6, detections 0, persons 0, locked False, yaw_cmd 0.000, infer 118.6 ms
2026-03-20 19:31:01,585 [INFO] FPS 7.2, detections 0, persons 0, locked False, yaw_cmd 0.000, infer 151.6 ms
2026-03-20 19:31:02,707 [INFO] FPS 7.1, detections 0, persons 0, locked False, yaw_cmd 0.000, infer 127.9 ms
2026-03-20 19:31:03,810 [INFO] FPS 7.3, detections 0, persons 0, locked False, yaw_cmd 0.000, infer 130.9 ms
2026-03-20 19:31:04,881 [INFO] FPS 7.5, detections 0, persons 0, locked False, yaw_cmd 0.000, infer 121.6 ms
2026-03-20 19:31:05,930 [INFO] FPS 7.6, detections 0, persons 0, locked False, yaw_cmd 0.000, infer 128.0 ms
                                                                                                                                                                                                                                                                                                                                                                                                                                                                                                                                                                                                                                                                                                                                                                                                                                                                                                                                                                                                                                                                                                                                                                                                                                                                                                                                                                                                                                                                                                                                                                                                                                                                                                                                                                                                                                                                                                                                                                                                                                                                                                                                                                                                                                                                                                                                                                                                                                                                                                                                                                                                                                                                                                                                                                                                                                                                                                                                                  