2026-04-04 17:16:50,888 [INFO] YOLO stream program started
2026-04-04 17:16:51,077 [INFO] YOLO model loaded: yolo11n.pt
2026-04-04 17:16:51,078 [INFO] Starting RealSense pipeline
2026-04-04 17:16:51,078 [INFO] Streaming on http://0.0.0.0:8000/stream
2026-04-04 17:17:06,157 [ERROR] Initial pipeline start failed: No device connected
2026-04-04 17:17:06,200 [INFO] [31m[1mWARNING: This is a development server. Do not use it in a production deployment. Use a production WSGI server instead.[0m
 * Running on all addresses (0.0.0.0)
 * Running on http://127.0.0.1:8000
 * Running on http://10.0.0.105:8000
2026-04-04 17:17:06,200 [INFO] [33mPress CTRL+C to quit[0m
2026-04-04 17:17:15,552 [INFO] 127.0.0.1 - - [04/Apr/2026 17:17:15] "GET / HTTP/1.1" 200 -
2026-04-04 17:17:15,588 [INFO] MJPEG stream client connected
2026-04-04 17:17:15,589 [INFO] 127.0.0.1 - - [04/Apr/2026 17:17:15] "GET /stream HTTP/1.1" 200 -
2026-04-04 17:17:15,988 [INFO] 127.0.0.1 - - [04/Apr/2026 17:17:15] "[33mGET /favicon.ico HTTP/1.1[0m" 404 -
2026-04-04 17:17:21,128 [INFO] 127.0.0.1 - - [04/Apr/2026 17:17:21] "GET / HTTP/1.1" 200 -
2026-04-04 17:17:21,379 [INFO] MJPEG stream client connected
2026-04-04 17:17:21,379 [INFO] 127.0.0.1 - - [04/Apr/2026 17:17:21] "GET /stream HTTP/1.1" 200 -
2026-04-04 17:17:23,055 [INFO] 127.0.0.1 - - [04/Apr/2026 17:17:23] "GET / HTTP/1.1" 200 -
2026-04-04 17:17:23,266 [INFO] MJPEG stream client connected
2026-04-04 17:17:23,267 [INFO] 127.0.0.1 - - [04/Apr/2026 17:17:23] "GET /stream HTTP/1.1" 200 -
2026-04-04 17:17:23,916 [INFO] 127.0.0.1 - - [04/Apr/2026 17:17:23] "GET / HTTP/1.1" 200 -
2026-04-04 17:17:24,166 [INFO] MJPEG stream client connected
2026-04-04 17:17:24,166 [INFO] 127.0.0.1 - - [04/Apr/2026 17:17:24] "GET /stream HTTP/1.1" 200 -
2026-04-04 17:21:36,786 [INFO] YOLO stream program started
2026-04-04 17:21:36,852 [INFO] YOLO model loaded: yolo11n.pt
2026-04-04 17:21:36,854 [INFO] Starting RealSense pipeline
2026-04-04 17:21:36,854 [INFO] Streaming on http://0.0.0.0:8000/stream
2026-04-04 17:21:37,265 [INFO] RealSense pipeline started successfully
2026-04-04 17:21:37,269 [INFO] [31m[1mWARNING: This is a development server. Do not use it in a production deployment. Use a production WSGI server instead.[0m
 * Running on all addresses (0.0.0.0)
 * Running on http://127.0.0.1:8000
 * Running on http://10.0.0.105:8000
2026-04-04 17:21:37,269 [INFO] [33mPress CTRL+C to quit[0m
2026-04-04 17:21:37,882 [WARNING] CAMERA frame error: 'NoneType' object has no attribute 'process', lost_count=1
2026-04-04 17:21:37,939 [WARNING] CAMERA frame error: 'NoneType' object has no attribute 'process', lost_count=2
2026-04-04 17:21:38,007 [WARNING] CAMERA frame error: 'NoneType' object has no attribute 'process', lost_count=3
2026-04-04 17:21:38,072 [WARNING] CAMERA frame error: 'NoneType' object has no attribute 'process', lost_count=4
2026-04-04 17:21:38,139 [WARNING] CAMERA frame error: 'NoneType' object has no attribute 'process', lost_count=5
2026-04-04 17:21:38,139 [WARNING] Camera considered lost, attempting recovery
2026-04-04 17:21:38,139 [WARNING] Restarting RealSense pipeline
2026-04-04 17:21:39,762 [INFO] RealSense pipeline stopped
2026-04-04 17:21:41,770 [INFO] Starting RealSense pipeline
2026-04-04 17:21:42,074 [INFO] RealSense pipeline started successfully
2026-04-04 17:21:42,074 [INFO] Pipeline restarted successfully
2026-04-04 17:21:42,077 [INFO] 127.0.0.1 - - [04/Apr/2026 17:21:42] "GET / HTTP/1.1" 200 -
2026-04-04 17:21:42,134 [INFO] MJPEG stream client connected
2026-04-04 17:21:42,134 [INFO] 127.0.0.1 - - [04/Apr/2026 17:21:42] "GET /stream HTTP/1.1" 200 -
2026-04-04 17:21:42,694 [WARNING] CAMERA frame error: 'NoneType' object has no attribute 'process', lost_count=1
2026-04-04 17:21:42,751 [WARNING] CAMERA frame error: 'NoneType' object has no attribute 'process', lost_count=2
2026-04-04 17:21:42,817 [WARNING] CAMERA frame error: 'NoneType' object has no attribute 'process', lost_count=3
2026-04-04 17:21:42,884 [WARNING] CAMERA frame error: 'NoneType' object has no attribute 'process', lost_count=4
2026-04-04 17:21:42,951 [WARNING] CAMERA frame error: 'NoneType' object has no attribute 'process', lost_count=5
2026-04-04 17:21:42,951 [WARNING] Camera considered lost, attempting recovery
2026-04-04 17:21:42,951 [WARNING] Restarting RealSense pipeline
2026-04-04 17:21:44,646 [INFO] RealSense pipeline stopped
2026-04-04 17:21:46,647 [INFO] Starting RealSense pipeline
2026-04-04 17:21:46,938 [INFO] RealSense pipeline started successfully
2026-04-04 17:21:46,938 [INFO] Pipeline restarted successfully
2026-04-04 17:21:47,558 [WARNING] CAMERA frame error: 'NoneType' object has no attribute 'process', lost_count=1
2026-04-04 17:21:47,615 [WARNING] CAMERA frame error: 'NoneType' object has no attribute 'process', lost_count=2
2026-04-04 17:21:47,681 [WARNING] CAMERA frame error: 'NoneType' object has no attribute 'process', lost_count=3
2026-04-04 17:21:47,748 [WARNING] CAMERA frame error: 'NoneType' object has no attribute 'process', lost_count=4
2026-04-04 17:21:47,815 [WARNING] CAMERA frame error: 'NoneType' object has no attribute 'process', lost_count=5
2026-04-04 17:21:47,816 [WARNING] Camera considered lost, attempting recovery
2026-04-04 17:21:47,816 [WARNING] Restarting RealSense pipeline
2026-04-04 17:21:49,435 [INFO] RealSense pipeline stopped
2026-04-04 17:21:51,436 [INFO] Starting RealSense pipeline
2026-04-04 17:21:51,739 [INFO] RealSense pipeline started successfully
2026-04-04 17:21:51,739 [INFO] Pipeline restarted successfully
2026-04-04 17:21:52,359 [WARNING] CAMERA frame error: 'NoneType' object has no attribute 'process', lost_count=1
2026-04-04 17:21:52,416 [WARNING] CAMERA frame error: 'NoneType' object has no attribute 'process', lost_count=2
2026-04-04 17:21:52,482 [WARNING] CAMERA frame error: 'NoneType' object has no attribute 'process', lost_count=3
2026-04-04 17:21:52,549 [WARNING] CAMERA frame error: 'NoneType' object has no attribute 'process', lost_count=4
2026-04-04 17:21:52,616 [WARNING] CAMERA frame error: 'NoneType' object has no attribute 'process', lost_count=5
2026-04-04 17:21:52,616 [WARNING] Camera considered lost, attempting recovery
2026-04-04 17:21:52,616 [WARNING] Restarting RealSense pipeline
2026-04-04 17:21:54,238 [INFO] RealSense pipeline stopped
2026-04-04 17:21:56,238 [INFO] Starting RealSense pipeline
2026-04-04 17:21:56,518 [INFO] RealSense pipeline started successfully
2026-04-04 17:21:56,518 [INFO] Pipeline restarted successfully
2026-04-04 17:21:57,138 [WARNING] CAMERA frame error: 'NoneType' object has no attribute 'process', lost_count=1
2026-04-04 17:21:57,195 [WARNING] CAMERA frame error: 'NoneType' object has no attribute 'process', lost_count=2
2026-04-04 17:21:57,262 [WARNING] CAMERA frame error: 'NoneType' object has no attribute 'process', lost_count=3
2026-04-04 17:21:57,328 [WARNING] CAMERA frame error: 'NoneType' object has no attribute 'process', lost_count=4
2026-04-04 17:21:57,395 [WARNING] CAMERA frame error: 'NoneType' object has no attribute 'process', lost_count=5
2026-04-04 17:21:57,395 [WARNING] Camera considered lost, attempting recovery
2026-04-04 17:21:57,395 [WARNING] Restarting RealSense pipeline
2026-04-04 17:21:59,090 [INFO] RealSense pipeline stopped
2026-04-04 17:22:01,091 [INFO] Starting RealSense pipeline
2026-04-04 17:22:01,407 [INFO] RealSense pipeline started successfully
2026-04-04 17:22:01,408 [INFO] Pipeline restarted successfully
2026-04-04 17:22:02,027 [WARNING] CAMERA frame error: 'NoneType' object has no attribute 'process', lost_count=1
2026-04-04 17:22:02,084 [WARNING] CAMERA frame error: 'NoneType' object has no attribute 'process', lost_count=2
2026-04-04 17:22:02,151 [WARNING] CAMERA frame error: 'NoneType' object has no attribute 'process', lost_count=3
2026-04-04 17:22:02,217 [WARNING] CAMERA frame error: 'NoneType' object has no attribute 'process', lost_count=4
2026-04-04 17:22:02,284 [WARNING] CAMERA frame error: 'NoneType' object has no attribute 'process', lost_count=5
2026-04-04 17:22:02,284 [WARNING] Camera considered lost, attempting recovery
2026-04-04 17:22:02,284 [WARNING] Restarting RealSense pipeline
2026-04-04 17:22:03,911 [INFO] RealSense pipeline stopped
2026-04-04 17:22:05,912 [INFO] Starting RealSense pipeline
2026-04-04 17:22:06,232 [INFO] RealSense pipeline started successfully
2026-04-04 17:22:06,233 [INFO] Pipeline restarted successfully
2026-04-04 17:22:06,843 [WARNING] CAMERA frame error: 'NoneType' object has no attribute 'process', lost_count=1
2026-04-04 17:22:06,899 [WARNING] CAMERA frame error: 'NoneType' object has no attribute 'process', lost_count=2
2026-04-04 17:22:06,966 [WARNING] CAMERA frame error: 'NoneType' object has no attribute 'process', lost_count=3
2026-04-04 17:22:07,033 [WARNING] CAMERA frame error: 'NoneType' object has no attribute 'process', lost_count=4
2026-04-04 17:22:07,099 [WARNING] CAMERA frame error: 'NoneType' object has no attribute 'process', lost_count=5
2026-04-04 17:22:07,100 [WARNING] Camera considered lost, attempting recovery
2026-04-04 17:22:07,100 [WARNING] Restarting RealSense pipeline
2026-04-04 17:22:08,721 [INFO] RealSense pipeline stopped
2026-04-04 17:22:10,724 [INFO] Starting RealSense pipeline
2026-04-04 17:22:11,006 [INFO] RealSense pipeline started successfully
2026-04-04 17:22:11,007 [INFO] Pipeline restarted successfully
2026-04-04 17:22:11,627 [WARNING] CAMERA frame error: 'NoneType' object has no attribute 'process', lost_count=1
2026-04-04 17:22:11,684 [WARNING] CAMERA frame error: 'NoneType' object has no attribute 'process', lost_count=2
2026-04-04 17:22:11,750 [WARNING] CAMERA frame error: 'NoneType' object has no attribute 'process', lost_count=3
2026-04-04 17:22:11,817 [WARNING] CAMERA frame error: 'NoneType' object has no attribute 'process', lost_count=4
2026-04-04 17:22:11,884 [WARNING] CAMERA frame error: 'NoneType' object has no attribute 'process', lost_count=5
2026-04-04 17:22:11,884 [WARNING] Camera considered lost, attempting recovery
2026-04-04 17:22:11,884 [WARNING] Restarting RealSense pipeline
2026-04-04 17:22:13,508 [INFO] RealSense pipeline stopped
2026-04-04 17:22:15,509 [INFO] Starting RealSense pipeline
2026-04-04 17:22:15,842 [INFO] RealSense pipeline started successfully
2026-04-04 17:22:15,843 [INFO] Pipeline restarted successfully
2026-04-04 17:22:16,453 [WARNING] CAMERA frame error: 'NoneType' object has no attribute 'process', lost_count=1
2026-04-04 17:22:16,510 [WARNING] CAMERA frame error: 'NoneType' object has no attribute 'process', lost_count=2
2026-04-04 17:22:16,577 [WARNING] CAMERA frame error: 'NoneType' object has no attribute 'process', lost_count=3
2026-04-04 17:22:16,643 [WARNING] CAMERA frame error: 'NoneType' object has no attribute 'process', lost_count=4
2026-04-04 17:22:16,710 [WARNING] CAMERA frame error: 'NoneType' object has no attribute 'process', lost_count=5
2026-04-04 17:22:16,710 [WARNING] Camera considered lost, attempting recovery
2026-04-04 17:22:16,710 [WARNING] Restarting RealSense pipeline
2026-04-04 17:22:18,401 [INFO] RealSense pipeline stopped
2026-04-04 17:22:20,402 [INFO] Starting RealSense pipeline
2026-04-04 17:22:20,710 [INFO] RealSense pipeline started successfully
2026-04-04 17:22:20,711 [INFO] Pipeline restarted successfully
2026-04-04 17:22:21,331 [WARNING] CAMERA frame error: 'NoneType' object has no attribute 'process', lost_count=1
2026-04-04 17:22:21,387 [WARNING] CAMERA frame error: 'NoneType' object has no attribute 'process', lost_count=2
2026-04-04 17:22:21,454 [WARNING] CAMERA frame error: 'NoneType' object has no attribute 'process', lost_count=3
2026-04-04 17:22:21,520 [WARNING] CAMERA frame error: 'NoneType' object has no attribute 'process', lost_count=4
2026-04-04 17:22:21,587 [WARNING] CAMERA frame error: 'NoneType' object has no attribute 'process', lost_count=5
2026-04-04 17:22:21,587 [WARNING] Camera considered lost, attempting recovery
2026-04-04 17:22:21,587 [WARNING] Restarting RealSense pipeline
2026-04-04 17:22:23,212 [INFO] RealSense pipeline stopped
2026-04-04 17:22:25,213 [INFO] Starting RealSense pipeline
2026-04-04 17:22:25,532 [INFO] RealSense pipeline started successfully
2026-04-04 17:22:25,532 [INFO] Pipeline restarted successfully
2026-04-04 17:22:26,153 [WARNING] CAMERA frame error: 'NoneType' object has no attribute 'process', lost_count=1
2026-04-04 17:22:26,209 [WARNING] CAMERA frame error: 'NoneType' object has no attribute 'process', lost_count=2
2026-04-04 17:22:26,276 [WARNING] CAMERA frame error: 'NoneType' object has no attribute 'process', lost_count=3
2026-04-04 17:22:26,342 [WARNING] CAMERA frame error: 'NoneType' object has no attribute 'process', lost_count=4
2026-04-04 17:22:26,409 [WARNING] CAMERA frame error: 'NoneType' object has no attribute 'process', lost_count=5
2026-04-04 17:22:26,409 [WARNING] Camera considered lost, attempting recovery
2026-04-04 17:22:26,409 [WARNING] Restarting RealSense pipeline
2026-04-04 17:22:28,032 [INFO] RealSense pipeline stopped
2026-04-04 17:22:30,032 [INFO] Starting RealSense pipeline
2026-04-04 17:22:30,332 [INFO] RealSense pipeline started successfully
2026-04-04 17:22:30,333 [INFO] Pipeline restarted successfully
2026-04-04 17:22:30,943 [WARNING] CAMERA frame error: 'NoneType' object has no attribute 'process', lost_count=1
2026-04-04 17:22:30,999 [WARNING] CAMERA frame error: 'NoneType' object has no attribute 'process', lost_count=2
2026-04-04 17:22:31,066 [WARNING] CAMERA frame error: 'NoneType' object has no attribute 'process', lost_count=3
2026-04-04 17:22:31,132 [WARNING] CAMERA frame error: 'NoneType' object has no attribute 'process', lost_count=4
2026-04-04 17:22:31,199 [WARNING] CAMERA frame error: 'NoneType' object has no attribute 'process', lost_count=5
2026-04-04 17:22:31,199 [WARNING] Camera considered lost, attempting recovery
2026-04-04 17:22:31,199 [WARNING] Restarting RealSense pipeline
2026-04-04 17:22:32,821 [INFO] RealSense pipeline stopped
2026-04-04 17:22:34,822 [INFO] Starting RealSense pipeline
2026-04-04 17:22:35,100 [INFO] RealSense pipeline started successfully
2026-04-04 17:22:35,101 [INFO] Pipeline restarted successfully
2026-04-04 17:22:35,721 [WARNING] CAMERA frame error: 'NoneType' object has no attribute 'process', lost_count=1
2026-04-04 17:22:35,777 [WARNING] CAMERA frame error: 'NoneType' object has no attribute 'process', lost_count=2
2026-04-04 17:22:35,844 [WARNING] CAMERA frame error: 'NoneType' object has no attribute 'process', lost_count=3
2026-04-04 17:22:35,911 [WARNING] CAMERA frame error: 'NoneType' object has no attribute 'process', lost_count=4
2026-04-04 17:22:35,978 [WARNING] CAMERA frame error: 'NoneType' object has no attribute 'process', lost_count=5
2026-04-04 17:22:35,978 [WARNING] Camera considered lost, attempting recovery
2026-04-04 17:22:35,978 [WARNING] Restarting RealSense pipeline
2026-04-04 17:22:37,620 [INFO] RealSense pipeline stopped
2026-04-04 17:22:39,620 [INFO] Starting RealSense pipeline
2026-04-04 17:22:39,929 [INFO] RealSense pipeline started successfully
2026-04-04 17:22:39,929 [INFO] Pipeline restarted successfully
2026-04-04 17:22:40,550 [WARNING] CAMERA frame error: 'NoneType' object has no attribute 'process', lost_count=1
2026-04-04 17:22:40,607 [WARNING] CAMERA frame error: 'NoneType' object has no attribute 'process', lost_count=2
2026-04-04 17:22:40,673 [WARNING] CAMERA frame error: 'NoneType' object has no attribute 'process', lost_count=3
2026-04-04 17:22:40,740 [WARNING] CAMERA frame error: 'NoneType' object has no attribute 'process', lost_count=4
2026-04-04 17:22:40,806 [WARNING] CAMERA frame error: 'NoneType' object has no attribute 'process', lost_count=5
2026-04-04 17:22:40,807 [WARNING] Camera considered lost, attempting recovery
2026-04-04 17:22:40,807 [WARNING] Restarting RealSense pipeline
2026-04-04 17:22:42,429 [INFO] RealSense pipeline stopped
2026-04-04 17:22:44,431 [INFO] Starting RealSense pipeline
2026-04-04 17:22:44,716 [INFO] RealSense pipeline started successfully
2026-04-04 17:22:44,716 [INFO] Pipeline restarted successfully
2026-04-04 17:22:45,337 [WARNING] CAMERA frame error: 'NoneType' object has no attribute 'process', lost_count=1
2026-04-04 17:22:45,393 [WARNING] CAMERA frame error: 'NoneType' object has no attribute 'process', lost_count=2
2026-04-04 17:22:45,460 [WARNING] CAMERA frame error: 'NoneType' object has no attribute 'process', lost_count=3
2026-04-04 17:22:45,527 [WARNING] CAMERA frame error: 'NoneType' object has no attribute 'process', lost_count=4
2026-04-04 17:22:45,594 [WARNING] CAMERA frame error: 'NoneType' object has no attribute 'process', lost_count=5
2026-04-04 17:22:45,594 [WARNING] Camera considered lost, attempting recovery
2026-04-04 17:22:45,594 [WARNING] Restarting RealSense pipeline
2026-04-04 17:22:47,285 [INFO] RealSense pipeline stopped
2026-04-04 17:22:49,290 [INFO] Starting RealSense pipeline
2026-04-04 17:22:49,603 [INFO] RealSense pipeline started successfully
2026-04-04 17:22:49,603 [INFO] Pipeline restarted successfully
2026-04-04 17:22:50,223 [WARNING] CAMERA frame error: 'NoneType' object has no attribute 'process', lost_count=1
2026-04-04 17:22:50,280 [WARNING] CAMERA frame error: 'NoneType' object has no attribute 'process', lost_count=2
2026-04-04 17:22:50,347 [WARNING] CAMERA frame error: 'NoneType' object has no attribute 'process', lost_count=3
2026-04-04 17:22:50,413 [WARNING] CAMERA frame error: 'NoneType' object has no attribute 'process', lost_count=4
2026-04-04 17:22:50,480 [WARNING] CAMERA frame error: 'NoneType' object has no attribute 'process', lost_count=5
2026-04-04 17:22:50,480 [WARNING] Camera considered lost, attempting recovery
2026-04-04 17:22:50,480 [WARNING] Restarting RealSense pipeline
2026-04-04 17:22:52,109 [INFO] RealSense pipeline stopped
2026-04-04 17:22:54,110 [INFO] Starting RealSense pipeline
2026-04-04 17:22:54,429 [INFO] RealSense pipeline started successfully
2026-04-04 17:22:54,429 [INFO] Pipeline restarted successfully
2026-04-04 17:22:55,040 [WARNING] CAMERA frame error: 'NoneType' object has no attribute 'process', lost_count=1
2026-04-04 17:22:55,096 [WARNING] CAMERA frame error: 'NoneType' object has no attribute 'process', lost_count=2
2026-04-04 17:22:55,163 [WARNING] CAMERA frame error: 'NoneType' object has no attribute 'process', lost_count=3
2026-04-04 17:22:55,230 [WARNING] CAMERA frame error: 'NoneType' object has no attribute 'process', lost_count=4
2026-04-04 17:22:55,296 [WARNING] CAMERA frame error: 'NoneType' object has no attribute 'process', lost_count=5
2026-04-04 17:22:55,296 [WARNING] Camera considered lost, attempting recovery
2026-04-04 17:22:55,296 [WARNING] Restarting RealSense pipeline
2026-04-04 17:22:56,923 [INFO] RealSense pipeline stopped
2026-04-04 17:22:58,924 [INFO] Starting RealSense pipeline
2026-04-04 17:22:59,229 [INFO] RealSense pipeline started successfully
2026-04-04 17:22:59,229 [INFO] Pipeline restarted successfully
2026-04-04 17:22:59,850 [WARNING] CAMERA frame error: 'NoneType' object has no attribute 'process', lost_count=1
2026-04-04 17:22:59,906 [WARNING] CAMERA frame error: 'NoneType' object has no attribute 'process', lost_count=2
2026-04-04 17:22:59,973 [WARNING] CAMERA frame error: 'NoneType' object has no attribute 'process', lost_count=3
2026-04-04 17:23:00,040 [WARNING] CAMERA frame error: 'NoneType' object has no attribute 'process', lost_count=4
2026-04-04 17:23:00,106 [WARNING] CAMERA frame error: 'NoneType' object has no attribute 'process', lost_count=5
2026-04-04 17:23:00,106 [WARNING] Camera considered lost, attempting recovery
2026-04-04 17:23:00,106 [WARNING] Restarting RealSense pipeline
2026-04-04 17:23:01,730 [INFO] RealSense pipeline stopped
2026-04-04 17:23:03,731 [INFO] Starting RealSense pipeline
2026-04-04 17:23:04,026 [INFO] RealSense pipeline started successfully
2026-04-04 17:23:04,026 [INFO] Pipeline restarted successfully
2026-04-04 17:23:04,637 [WARNING] CAMERA frame error: 'NoneType' object has no attribute 'process', lost_count=1
2026-04-04 17:23:04,693 [WARNING] CAMERA frame error: 'NoneType' object has no attribute 'process', lost_count=2
2026-04-04 17:23:04,760 [WARNING] CAMERA frame error: 'NoneType' object has no attribute 'process', lost_count=3
2026-04-04 17:23:04,827 [WARNING] CAMERA frame error: 'NoneType' object has no attribute 'process', lost_count=4
2026-04-04 17:23:04,893 [WARNING] CAMERA frame error: 'NoneType' object has no attribute 'process', lost_count=5
2026-04-04 17:23:04,894 [WARNING] Camera considered lost, attempting recovery
2026-04-04 17:23:04,894 [WARNING] Restarting RealSense pipeline
2026-04-04 17:23:06,519 [INFO] RealSense pipeline stopped
2026-04-04 17:23:08,521 [INFO] Starting RealSense pipeline
2026-04-04 17:23:08,842 [INFO] RealSense pipeline started successfully
2026-04-04 17:23:08,843 [INFO] Pipeline restarted successfully
2026-04-04 17:23:09,462 [WARNING] CAMERA frame error: 'NoneType' object has no attribute 'process', lost_count=1
2026-04-04 17:23:09,519 [WARNING] CAMERA frame error: 'NoneType' object has no attribute 'process', lost_count=2
2026-04-04 17:23:09,586 [WARNING] CAMERA frame error: 'NoneType' object has no attribute 'process', lost_count=3
2026-04-04 17:23:09,652 [WARNING] CAMERA frame error: 'NoneType' object has no attribute 'process', lost_count=4
2026-04-04 17:23:09,719 [WARNING] CAMERA frame error: 'NoneType' object has no attribute 'process', lost_count=5
2026-04-04 17:23:09,719 [WARNING] Camera considered lost, attempting recovery
2026-04-04 17:23:09,719 [WARNING] Restarting RealSense pipeline
2026-04-04 17:23:11,343 [INFO] RealSense pipeline stopped
2026-04-04 17:23:13,344 [INFO] Starting RealSense pipeline
2026-04-04 17:23:13,644 [INFO] RealSense pipeline started successfully
2026-04-04 17:23:13,645 [INFO] Pipeline restarted successfully
2026-04-04 17:23:14,255 [WARNING] CAMERA frame error: 'NoneType' object has no attribute 'process', lost_count=1
2026-04-04 17:23:14,312 [WARNING] CAMERA frame error: 'NoneType' object has no attribute 'process', lost_count=2
2026-04-04 17:23:14,378 [WARNING] CAMERA frame error: 'NoneType' object has no attribute 'process', lost_count=3
2026-04-04 17:23:14,445 [WARNING] CAMERA frame error: 'NoneType' object has no attribute 'process', lost_count=4
2026-04-04 17:23:14,512 [WARNING] CAMERA frame error: 'NoneType' object has no attribute 'process', lost_count=5
2026-04-04 17:23:14,512 [WARNING] Camera considered lost, attempting recovery
2026-04-04 17:23:14,512 [WARNING] Restarting RealSense pipeline
2026-04-04 17:23:16,136 [INFO] RealSense pipeline stopped
2026-04-04 17:23:18,137 [INFO] Starting RealSense pipeline
2026-04-04 17:23:18,437 [INFO] RealSense pipeline started successfully
2026-04-04 17:23:18,437 [INFO] Pipeline restarted successfully
2026-04-04 17:23:19,058 [WARNING] CAMERA frame error: 'NoneType' object has no attribute 'process', lost_count=1
2026-04-04 17:23:19,114 [WARNING] CAMERA frame error: 'NoneType' object has no attribute 'process', lost_count=2
2026-04-04 17:23:19,181 [WARNING] CAMERA frame error: 'NoneType' object has no attribute 'process', lost_count=3
2026-04-04 17:23:19,248 [WARNING] CAMERA frame error: 'NoneType' object has no attribute 'process', lost_count=4
2026-04-04 17:23:19,314 [WARNING] CAMERA frame error: 'NoneType' object has no attribute 'process', lost_count=5
2026-04-04 17:23:19,315 [WARNING] Camera considered lost, attempting recovery
2026-04-04 17:23:19,323 [WARNING] Restarting RealSense pipeline
2026-04-04 17:23:21,004 [INFO] RealSense pipeline stopped
2026-04-04 17:23:23,005 [INFO] Starting RealSense pipeline
2026-04-04 17:23:23,321 [INFO] RealSense pipeline started successfully
2026-04-04 17:23:23,321 [INFO] Pipeline restarted successfully
2026-04-04 17:23:23,941 [WARNING] CAMERA frame error: 'NoneType' object has no attribute 'process', lost_count=1
2026-04-04 17:23:23,998 [WARNING] CAMERA frame error: 'NoneType' object has no attribute 'process', lost_count=2
2026-04-04 17:23:24,065 [WARNING] CAMERA frame error: 'NoneType' object has no attribute 'process', lost_count=3
2026-04-04 17:23:24,131 [WARNING] CAMERA frame error: 'NoneType' object has no attribute 'process', lost_count=4
2026-04-04 17:23:24,198 [WARNING] CAMERA frame error: 'NoneType' object has no attribute 'process', lost_count=5
2026-04-04 17:23:24,198 [WARNING] Camera considered lost, attempting recovery
2026-04-04 17:23:24,198 [WARNING] Restarting RealSense pipeline
2026-04-04 17:23:25,823 [INFO] RealSense pipeline stopped
2026-04-04 17:23:27,823 [INFO] Starting RealSense pipeline
2026-04-04 17:23:28,121 [INFO] RealSense pipeline started successfully
2026-04-04 17:23:28,121 [INFO] Pipeline restarted successfully
2026-04-04 17:23:28,741 [WARNING] CAMERA frame error: 'NoneType' object has no attribute 'process', lost_count=1
2026-04-04 17:23:28,798 [WARNING] CAMERA frame error: 'NoneType' object has no attribute 'process', lost_count=2
2026-04-04 17:23:28,865 [WARNING] CAMERA frame error: 'NoneType' object has no attribute 'process', lost_count=3
2026-04-04 17:23:28,931 [WARNING] CAMERA frame error: 'NoneType' object has no attribute 'process', lost_count=4
2026-04-04 17:23:28,998 [WARNING] CAMERA frame error: 'NoneType' object has no attribute 'process', lost_count=5
2026-04-04 17:23:28,998 [WARNING] Camera considered lost, attempting recovery
2026-04-04 17:23:28,998 [WARNING] Restarting RealSense pipeline
2026-04-04 17:23:30,689 [INFO] RealSense pipeline stopped
2026-04-04 17:23:32,689 [INFO] Starting RealSense pipeline
2026-04-04 17:23:32,983 [INFO] RealSense pipeline started successfully
2026-04-04 17:23:32,983 [INFO] Pipeline restarted successfully
2026-04-04 17:23:33,604 [WARNING] CAMERA frame error: 'NoneType' object has no attribute 'process', lost_count=1
2026-04-04 17:23:33,660 [WARNING] CAMERA frame error: 'NoneType' object has no attribute 'process', lost_count=2
2026-04-04 17:23:33,727 [WARNING] CAMERA frame error: 'NoneType' object has no attribute 'process', lost_count=3
2026-04-04 17:23:33,794 [WARNING] CAMERA frame error: 'NoneType' object has no attribute 'process', lost_count=4
2026-04-04 17:23:33,861 [WARNING] CAMERA frame error: 'NoneType' object has no attribute 'process', lost_count=5
2026-04-04 17:23:33,861 [WARNING] Camera considered lost, attempting recovery
2026-04-04 17:23:33,861 [WARNING] Restarting RealSense pipeline
2026-04-04 17:23:35,486 [INFO] RealSense pipeline stopped
2026-04-04 17:25:34,593 [INFO] YOLO stream program started
2026-04-04 17:25:34,743 [INFO] YOLO model loaded: yolo11n.pt
2026-04-04 17:25:34,745 [INFO] Starting RealSense pipeline
2026-04-04 17:25:34,745 [INFO] Streaming on http://0.0.0.0:8000/stream
2026-04-04 17:25:35,134 [INFO] RealSense pipeline started successfully
2026-04-04 17:25:35,148 [INFO] [31m[1mWARNING: This is a development server. Do not use it in a production deployment. Use a production WSGI server instead.[0m
 * Running on all addresses (0.0.0.0)
 * Running on http://127.0.0.1:8000
 * Running on http://10.0.0.105:8000
2026-04-04 17:25:35,148 [INFO] [33mPress CTRL+C to quit[0m
2026-04-04 17:25:35,755 [WARNING] CAMERA frame error: 'NoneType' object has no attribute 'process', lost_count=1
2026-04-04 17:25:35,811 [WARNING] CAMERA frame error: 'NoneType' object has no attribute 'process', lost_count=2
2026-04-04 17:25:35,878 [WARNING] CAMERA frame error: 'NoneType' object has no attribute 'process', lost_count=3
2026-04-04 17:25:35,945 [WARNING] CAMERA frame error: 'NoneType' object has no attribute 'process', lost_count=4
2026-04-04 17:25:36,011 [WARNING] CAMERA frame error: 'NoneType' object has no attribute 'process', lost_count=5
2026-04-04 17:25:36,011 [WARNING] Camera considered lost, attempting recovery
2026-04-04 17:25:36,011 [WARNING] Restarting RealSense pipeline
2026-04-04 17:25:37,498 [INFO] 127.0.0.1 - - [04/Apr/2026 17:25:37] "GET / HTTP/1.1" 200 -
2026-04-04 17:25:37,570 [INFO] MJPEG stream client connected
2026-04-04 17:25:37,632 [INFO] RealSense pipeline stopped
2026-04-04 17:25:37,672 [INFO] 127.0.0.1 - - [04/Apr/2026 17:25:37] "GET /stream HTTP/1.1" 200 -
2026-04-04 17:25:39,633 [INFO] Starting RealSense pipeline
2026-04-04 17:25:39,926 [INFO] RealSense pipeline started successfully
2026-04-04 17:25:39,927 [INFO] Pipeline restarted successfully
2026-04-04 17:25:40,547 [WARNING] CAMERA frame error: 'NoneType' object has no attribute 'process', lost_count=1
2026-04-04 17:25:40,603 [WARNING] CAMERA frame error: 'NoneType' object has no attribute 'process', lost_count=2
2026-04-04 17:25:40,670 [WARNING] CAMERA frame error: 'NoneType' object has no attribute 'process', lost_count=3
2026-04-04 17:25:40,737 [WARNING] CAMERA frame error: 'NoneType' object has no attribute 'process', lost_count=4
2026-04-04 17:25:40,803 [WARNING] CAMERA frame error: 'NoneType' object has no attribute 'process', lost_count=5
2026-04-04 17:25:40,803 [WARNING] Camera considered lost, attempting recovery
2026-04-04 17:25:40,803 [WARNING] Restarting RealSense pipeline
2026-04-04 17:25:42,430 [INFO] RealSense pipeline stopped
2026-04-04 17:25:44,432 [INFO] Starting RealSense pipeline
2026-04-04 17:25:44,734 [INFO] RealSense pipeline started successfully
2026-04-04 17:25:44,734 [INFO] Pipeline restarted successfully
2026-04-04 17:25:45,354 [WARNING] CAMERA frame error: 'NoneType' object has no attribute 'process', lost_count=1
2026-04-04 17:25:45,411 [WARNING] CAMERA frame error: 'NoneType' object has no attribute 'process', lost_count=2
2026-04-04 17:25:45,477 [WARNING] CAMERA frame error: 'NoneType' object has no attribute 'process', lost_count=3
2026-04-04 17:25:45,544 [WARNING] CAMERA frame error: 'NoneType' object has no attribute 'process', lost_count=4
2026-04-04 17:25:45,611 [WARNING] CAMERA frame error: 'NoneType' object has no attribute 'process', lost_count=5
2026-04-04 17:25:45,611 [WARNING] Camera considered lost, attempting recovery
2026-04-04 17:25:45,611 [WARNING] Restarting RealSense pipeline
2026-04-04 17:25:47,231 [INFO] RealSense pipeline stopped
2026-04-04 17:25:49,233 [INFO] Starting RealSense pipeline
2026-04-04 17:25:49,537 [INFO] RealSense pipeline started successfully
2026-04-04 17:25:49,538 [INFO] Pipeline restarted successfully
2026-04-04 17:25:50,158 [WARNING] CAMERA frame error: 'NoneType' object has no attribute 'process', lost_count=1
2026-04-04 17:25:50,215 [WARNING] CAMERA frame error: 'NoneType' object has no attribute 'process', lost_count=2
2026-04-04 17:25:50,282 [WARNING] CAMERA frame error: 'NoneType' object has no attribute 'process', lost_count=3
2026-04-04 17:25:50,349 [WARNING] CAMERA frame error: 'NoneType' object has no attribute 'process', lost_count=4
2026-04-04 17:25:50,415 [WARNING] CAMERA frame error: 'NoneType' object has no attribute 'process', lost_count=5
2026-04-04 17:25:50,415 [WARNING] Camera considered lost, attempting recovery
2026-04-04 17:25:50,415 [WARNING] Restarting RealSense pipeline
2026-04-04 17:25:52,035 [INFO] RealSense pipeline stopped
2026-04-04 17:25:54,036 [INFO] Starting RealSense pipeline
2026-04-04 17:25:54,373 [INFO] RealSense pipeline started successfully
2026-04-04 17:25:54,373 [INFO] Pipeline restarted successfully
2026-04-04 17:25:54,898 [WARNING] CAMERA frame error: 'NoneType' object has no attribute 'process', lost_count=1
2026-04-04 17:25:54,955 [WARNING] CAMERA frame error: 'NoneType' object has no attribute 'process', lost_count=2
2026-04-04 17:25:55,021 [WARNING] CAMERA frame error: 'NoneType' object has no attribute 'process', lost_count=3
2026-04-04 17:25:55,088 [WARNING] CAMERA frame error: 'NoneType' object has no attribute 'process', lost_count=4
2026-04-04 17:25:55,155 [WARNING] CAMERA frame error: 'NoneType' object has no attribute 'process', lost_count=5
2026-04-04 17:25:55,155 [WARNING] Camera considered lost, attempting recovery
2026-04-04 17:25:55,155 [WARNING] Restarting RealSense pipeline
2026-04-04 17:25:56,983 [INFO] RealSense pipeline stopped
2026-04-04 17:25:58,985 [INFO] Starting RealSense pipeline
2026-04-04 17:25:59,281 [INFO] RealSense pipeline started successfully
2026-04-04 17:25:59,281 [INFO] Pipeline restarted successfully
2026-04-04 17:25:59,902 [WARNING] CAMERA frame error: 'NoneType' object has no attribute 'process', lost_count=1
2026-04-04 17:25:59,959 [WARNING] CAMERA frame error: 'NoneType' object has no attribute 'process', lost_count=2
2026-04-04 17:26:00,025 [WARNING] CAMERA frame error: 'NoneType' object has no attribute 'process', lost_count=3
2026-04-04 17:26:00,092 [WARNING] CAMERA frame error: 'NoneType' object has no attribute 'process', lost_count=4
2026-04-04 17:26:00,159 [WARNING] CAMERA frame error: 'NoneType' object has no attribute 'process', lost_count=5
2026-04-04 17:26:00,159 [WARNING] Camera considered lost, attempting recovery
2026-04-04 17:26:00,159 [WARNING] Restarting RealSense pipeline
2026-04-04 17:26:01,803 [INFO] RealSense pipeline stopped
2026-04-04 17:26:03,805 [INFO] Starting RealSense pipeline
2026-04-04 17:26:17,219 [INFO] RealSense pipeline started successfully
2026-04-04 17:26:17,219 [INFO] Pipeline restarted successfully
2026-04-04 17:26:17,840 [WARNING] CAMERA frame error: 'NoneType' object has no attribute 'process', lost_count=1
2026-04-04 17:26:17,896 [WARNING] CAMERA frame error: 'NoneType' object has no attribute 'process', lost_count=2
2026-04-04 17:26:17,963 [WARNING] CAMERA frame error: 'NoneType' object has no attribute 'process', lost_count=3
2026-04-04 17:26:18,029 [WARNING] CAMERA frame error: 'NoneType' object has no attribute 'process', lost_count=4
2026-04-04 17:26:18,096 [WARNING] CAMERA frame error: 'NoneType' object has no attribute 'process', lost_count=5
2026-04-04 17:26:18,096 [WARNING] Camera considered lost, attempting recovery
2026-04-04 17:26:18,096 [WARNING] Restarting RealSense pipeline
2026-04-04 17:26:19,716 [INFO] RealSense pipeline stopped
2026-04-04 17:26:21,720 [INFO] Starting RealSense pipeline
2026-04-04 17:26:22,040 [INFO] RealSense pipeline started successfully
2026-04-04 17:26:22,040 [INFO] Pipeline restarted successfully
2026-04-04 17:26:22,661 [WARNING] CAMERA frame error: 'NoneType' object has no attribute 'process', lost_count=1
2026-04-04 17:26:22,717 [WARNING] CAMERA frame error: 'NoneType' object has no attribute 'process', lost_count=2
2026-04-04 17:26:22,784 [WARNING] CAMERA frame error: 'NoneType' object has no attribute 'process', lost_count=3
2026-04-04 17:26:22,850 [WARNING] CAMERA frame error: 'NoneType' object has no attribute 'process', lost_count=4
2026-04-04 17:26:22,917 [WARNING] CAMERA frame error: 'NoneType' object has no attribute 'process', lost_count=5
2026-04-04 17:26:22,917 [WARNING] Camera considered lost, attempting recovery
2026-04-04 17:26:22,917 [WARNING] Restarting RealSense pipeline
2026-04-04 17:26:24,542 [INFO] RealSense pipeline stopped
2026-04-04 17:26:26,546 [INFO] Starting RealSense pipeline
2026-04-04 17:26:26,827 [INFO] RealSense pipeline started successfully
2026-04-04 17:26:26,828 [INFO] Pipeline restarted successfully
2026-04-04 17:26:27,448 [WARNING] CAMERA frame error: 'NoneType' object has no attribute 'process', lost_count=1
2026-04-04 17:26:27,505 [WARNING] CAMERA frame error: 'NoneType' object has no attribute 'process', lost_count=2
2026-04-04 17:26:27,571 [WARNING] CAMERA frame error: 'NoneType' object has no attribute 'process', lost_count=3
2026-04-04 17:26:27,638 [WARNING] CAMERA frame error: 'NoneType' object has no attribute 'process', lost_count=4
2026-04-04 17:26:27,705 [WARNING] CAMERA frame error: 'NoneType' object has no attribute 'process', lost_count=5
2026-04-04 17:26:27,705 [WARNING] Camera considered lost, attempting recovery
2026-04-04 17:26:27,705 [WARNING] Restarting RealSense pipeline
2026-04-04 17:26:29,397 [INFO] RealSense pipeline stopped
2026-04-04 17:39:27,006 [INFO] YOLO stream program started
2026-04-04 17:39:27,125 [INFO] YOLO model loaded: yolo11n.pt
2026-04-04 17:39:27,127 [INFO] Starting RealSense pipeline
2026-04-04 17:39:27,127 [INFO] Streaming on http://0.0.0.0:8000/stream
2026-04-04 17:39:27,500 [INFO] align created: True
2026-04-04 17:39:27,501 [INFO] RealSense pipeline started successfully
2026-04-04 17:39:27,515 [INFO] [31m[1mWARNING: This is a development server. Do not use it in a production deployment. Use a production WSGI server instead.[0m
 * Running on all addresses (0.0.0.0)
 * Running on http://127.0.0.1:8000
 * Running on http://10.0.0.105:8000
2026-04-04 17:39:27,515 [INFO] [33mPress CTRL+C to quit[0m
2026-04-04 17:39:28,121 [WARNING] CAMERA frame error: align is None, lost_count=1
2026-04-04 17:39:28,177 [WARNING] CAMERA frame error: align is None, lost_count=2
2026-04-04 17:39:28,244 [WARNING] CAMERA frame error: align is None, lost_count=3
2026-04-04 17:39:28,311 [WARNING] CAMERA frame error: align is None, lost_count=4
2026-04-04 17:39:28,377 [WARNING] CAMERA frame error: align is None, lost_count=5
2026-04-04 17:39:28,377 [WARNING] Camera considered lost, attempting recovery
2026-04-04 17:39:28,377 [WARNING] Restarting RealSense pipeline
2026-04-04 17:39:30,004 [INFO] RealSense pipeline stopped
2026-04-04 17:39:32,004 [INFO] Starting RealSense pipeline
2026-04-04 17:39:32,337 [INFO] align created: True
2026-04-04 17:39:32,337 [INFO] RealSense pipeline started successfully
2026-04-04 17:39:32,337 [INFO] Pipeline restarted successfully
2026-04-04 17:39:32,957 [WARNING] CAMERA frame error: align is None, lost_count=1
2026-04-04 17:39:33,014 [WARNING] CAMERA frame error: align is None, lost_count=2
2026-04-04 17:39:33,080 [WARNING] CAMERA frame error: align is None, lost_count=3
2026-04-04 17:39:33,147 [WARNING] CAMERA frame error: align is None, lost_count=4
2026-04-04 17:39:33,214 [WARNING] CAMERA frame error: align is None, lost_count=5
2026-04-04 17:39:33,214 [WARNING] Camera considered lost, attempting recovery
2026-04-04 17:39:33,214 [WARNING] Restarting RealSense pipeline
2026-04-04 17:39:34,836 [INFO] RealSense pipeline stopped
2026-04-04 17:39:36,837 [INFO] Starting RealSense pipeline
2026-04-04 17:39:37,131 [INFO] align created: True
2026-04-04 17:39:37,131 [INFO] RealSense pipeline started successfully
2026-04-04 17:39:37,131 [INFO] Pipeline restarted successfully
2026-04-04 17:39:37,752 [WARNING] CAMERA frame error: align is None, lost_count=1
2026-04-04 17:39:37,808 [WARNING] CAMERA frame error: align is None, lost_count=2
2026-04-04 17:39:37,875 [WARNING] CAMERA frame error: align is None, lost_count=3
2026-04-04 17:39:37,942 [WARNING] CAMERA frame error: align is None, lost_count=4
2026-04-04 17:39:38,008 [WARNING] CAMERA frame error: align is None, lost_count=5
2026-04-04 17:39:38,009 [WARNING] Camera considered lost, attempting recovery
2026-04-04 17:39:38,009 [WARNING] Restarting RealSense pipeline
2026-04-04 17:39:39,644 [INFO] RealSense pipeline stopped
2026-04-04 17:39:41,646 [INFO] Starting RealSense pipeline
2026-04-04 17:39:41,965 [INFO] align created: True
2026-04-04 17:39:41,965 [INFO] RealSense pipeline started successfully
2026-04-04 17:39:41,966 [INFO] Pipeline restarted successfully
2026-04-04 17:39:42,586 [WARNING] CAMERA frame error: align is None, lost_count=1
2026-04-04 17:39:42,642 [WARNING] CAMERA frame error: align is None, lost_count=2
2026-04-04 17:39:42,709 [WARNING] CAMERA frame error: align is None, lost_count=3
2026-04-04 17:39:42,776 [WARNING] CAMERA frame error: align is None, lost_count=4
2026-04-04 17:39:42,842 [WARNING] CAMERA frame error: align is None, lost_count=5
2026-04-04 17:39:42,843 [WARNING] Camera considered lost, attempting recovery
2026-04-04 17:39:42,843 [WARNING] Restarting RealSense pipeline
2026-04-04 17:39:44,470 [INFO] RealSense pipeline stopped
2026-04-04 17:39:46,471 [INFO] Starting RealSense pipeline
2026-04-04 17:39:46,769 [INFO] align created: True
2026-04-04 17:39:46,769 [INFO] RealSense pipeline started successfully
2026-04-04 17:39:46,769 [INFO] Pipeline restarted successfully
2026-04-04 17:39:47,380 [WARNING] CAMERA frame error: align is None, lost_count=1
2026-04-04 17:39:47,436 [WARNING] CAMERA frame error: align is None, lost_count=2
2026-04-04 17:39:47,503 [WARNING] CAMERA frame error: align is None, lost_count=3
2026-04-04 17:39:47,570 [WARNING] CAMERA frame error: align is None, lost_count=4
2026-04-04 17:39:47,637 [WARNING] CAMERA frame error: align is None, lost_count=5
2026-04-04 17:39:47,637 [WARNING] Camera considered lost, attempting recovery
2026-04-04 17:39:47,637 [WARNING] Restarting RealSense pipeline
2026-04-04 17:39:49,390 [INFO] RealSense pipeline stopped
2026-04-04 17:39:51,393 [INFO] Starting RealSense pipeline
2026-04-04 17:39:51,703 [INFO] align created: True
2026-04-04 17:39:51,703 [INFO] RealSense pipeline started successfully
2026-04-04 17:39:51,703 [INFO] Pipeline restarted successfully
2026-04-04 17:39:52,324 [WARNING] CAMERA frame error: align is None, lost_count=1
2026-04-04 17:39:52,380 [WARNING] CAMERA frame error: align is None, lost_count=2
2026-04-04 17:39:52,447 [WARNING] CAMERA frame error: align is None, lost_count=3
2026-04-04 17:39:52,514 [WARNING] CAMERA frame error: align is None, lost_count=4
2026-04-04 17:39:52,580 [WARNING] CAMERA frame error: align is None, lost_count=5
2026-04-04 17:39:52,580 [WARNING] Camera considered lost, attempting recovery
2026-04-04 17:39:52,580 [WARNING] Restarting RealSense pipeline
2026-04-04 17:39:54,200 [INFO] RealSense pipeline stopped
2026-04-04 17:39:56,201 [INFO] Starting RealSense pipeline
2026-04-04 17:39:56,498 [INFO] align created: True
2026-04-04 17:39:56,498 [INFO] RealSense pipeline started successfully
2026-04-04 17:39:56,498 [INFO] Pipeline restarted successfully
2026-04-04 17:39:57,119 [WARNING] CAMERA frame error: align is None, lost_count=1
2026-04-04 17:39:57,175 [WARNING] CAMERA frame error: align is None, lost_count=2
2026-04-04 17:39:57,242 [WARNING] CAMERA frame error: align is None, lost_count=3
2026-04-04 17:39:57,309 [WARNING] CAMERA frame error: align is None, lost_count=4
2026-04-04 17:39:57,375 [WARNING] CAMERA frame error: align is None, lost_count=5
2026-04-04 17:39:57,375 [WARNING] Camera considered lost, attempting recovery
2026-04-04 17:39:57,375 [WARNING] Restarting RealSense pipeline
2026-04-04 17:39:59,007 [INFO] RealSense pipeline stopped
2026-04-04 17:40:01,008 [INFO] Starting RealSense pipeline
2026-04-04 17:40:01,312 [INFO] align created: True
2026-04-04 17:40:01,312 [INFO] RealSense pipeline started successfully
2026-04-04 17:40:01,312 [INFO] Pipeline restarted successfully
2026-04-04 17:40:01,923 [WARNING] CAMERA frame error: align is None, lost_count=1
2026-04-04 17:40:01,979 [WARNING] CAMERA frame error: align is None, lost_count=2
2026-04-04 17:40:02,046 [WARNING] CAMERA frame error: align is None, lost_count=3
2026-04-04 17:40:02,113 [WARNING] CAMERA frame error: align is None, lost_count=4
2026-04-04 17:40:02,179 [WARNING] CAMERA frame error: align is None, lost_count=5
2026-04-04 17:40:02,179 [WARNING] Camera considered lost, attempting recovery
2026-04-04 17:40:02,179 [WARNING] Restarting RealSense pipeline
2026-04-04 17:40:03,934 [INFO] RealSense pipeline stopped
2026-04-04 17:40:05,936 [INFO] Starting RealSense pipeline
2026-04-04 17:40:06,240 [INFO] align created: True
2026-04-04 17:40:06,249 [INFO] RealSense pipeline started successfully
2026-04-04 17:40:06,250 [INFO] Pipeline restarted successfully
2026-04-04 17:40:06,861 [WARNING] CAMERA frame error: align is None, lost_count=1
2026-04-04 17:40:06,917 [WARNING] CAMERA frame error: align is None, lost_count=2
2026-04-04 17:40:06,984 [WARNING] CAMERA frame error: align is None, lost_count=3
2026-04-04 17:40:07,051 [WARNING] CAMERA frame error: align is None, lost_count=4
2026-04-04 17:40:07,117 [WARNING] CAMERA frame error: align is None, lost_count=5
2026-04-04 17:40:07,117 [WARNING] Camera considered lost, attempting recovery
2026-04-04 17:40:07,117 [WARNING] Restarting RealSense pipeline
2026-04-04 17:40:08,738 [INFO] RealSense pipeline stopped
2026-04-04 17:40:10,741 [INFO] Starting RealSense pipeline
2026-04-04 17:40:11,031 [INFO] align created: True
2026-04-04 17:40:11,031 [INFO] RealSense pipeline started successfully
2026-04-04 17:40:11,031 [INFO] Pipeline restarted successfully
2026-04-04 17:40:11,651 [WARNING] CAMERA frame error: align is None, lost_count=1
2026-04-04 17:40:11,708 [WARNING] CAMERA frame error: align is None, lost_count=2
2026-04-04 17:40:11,775 [WARNING] CAMERA frame error: align is None, lost_count=3
2026-04-04 17:40:11,841 [WARNING] CAMERA frame error: align is None, lost_count=4
2026-04-04 17:40:11,908 [WARNING] CAMERA frame error: align is None, lost_count=5
2026-04-04 17:40:11,908 [WARNING] Camera considered lost, attempting recovery
2026-04-04 17:40:11,908 [WARNING] Restarting RealSense pipeline
2026-04-04 17:40:13,373 [INFO] 127.0.0.1 - - [04/Apr/2026 17:40:13] "GET / HTTP/1.1" 200 -
2026-04-04 17:40:13,445 [INFO] MJPEG stream client connected
2026-04-04 17:40:13,445 [INFO] 127.0.0.1 - - [04/Apr/2026 17:40:13] "GET /stream HTTP/1.1" 200 -
2026-04-04 17:40:13,537 [INFO] RealSense pipeline stopped
2026-04-04 17:40:15,538 [INFO] Starting RealSense pipeline
2026-04-04 17:40:15,855 [INFO] align created: True
2026-04-04 17:40:15,855 [INFO] RealSense pipeline started successfully
2026-04-04 17:40:15,855 [INFO] Pipeline restarted successfully
2026-04-04 17:40:16,475 [WARNING] CAMERA frame error: align is None, lost_count=1
2026-04-04 17:40:16,532 [WARNING] CAMERA frame error: align is None, lost_count=2
2026-04-04 17:40:16,598 [WARNING] CAMERA frame error: align is None, lost_count=3
2026-04-04 17:40:16,665 [WARNING] CAMERA frame error: align is None, lost_count=4
2026-04-04 17:40:16,732 [WARNING] CAMERA frame error: align is None, lost_count=5
2026-04-04 17:40:16,732 [WARNING] Camera considered lost, attempting recovery
2026-04-04 17:40:16,732 [WARNING] Restarting RealSense pipeline
2026-04-04 17:40:18,357 [INFO] RealSense pipeline stopped
2026-04-04 17:40:20,358 [INFO] Starting RealSense pipeline
2026-04-04 17:40:20,684 [INFO] align created: True
2026-04-04 17:40:20,684 [INFO] RealSense pipeline started successfully
2026-04-04 17:40:20,684 [INFO] Pipeline restarted successfully
2026-04-04 17:40:21,295 [WARNING] CAMERA frame error: align is None, lost_count=1
2026-04-04 17:40:21,351 [WARNING] CAMERA frame error: align is None, lost_count=2
2026-04-04 17:40:21,418 [WARNING] CAMERA frame error: align is None, lost_count=3
2026-04-04 17:40:21,485 [WARNING] CAMERA frame error: align is None, lost_count=4
2026-04-04 17:40:21,551 [WARNING] CAMERA frame error: align is None, lost_count=5
2026-04-04 17:40:21,552 [WARNING] Camera considered lost, attempting recovery
2026-04-04 17:40:21,552 [WARNING] Restarting RealSense pipeline
2026-04-04 17:40:23,299 [INFO] RealSense pipeline stopped
2026-04-04 17:40:24,160 [INFO] 127.0.0.1 - - [04/Apr/2026 17:40:24] "GET / HTTP/1.1" 200 -
2026-04-04 17:40:24,355 [INFO] MJPEG stream client connected
2026-04-04 17:40:24,355 [INFO] 127.0.0.1 - - [04/Apr/2026 17:40:24] "GET /stream HTTP/1.1" 200 -
2026-04-04 17:40:25,300 [INFO] Starting RealSense pipeline
2026-04-04 17:40:25,601 [INFO] align created: True
2026-04-04 17:40:25,601 [INFO] RealSense pipeline started successfully
2026-04-04 17:40:25,601 [INFO] Pipeline restarted successfully
2026-04-04 17:40:26,222 [WARNING] CAMERA frame error: align is None, lost_count=1
2026-04-04 17:40:26,278 [WARNING] CAMERA frame error: align is None, lost_count=2
2026-04-04 17:40:26,345 [WARNING] CAMERA frame error: align is None, lost_count=3
2026-04-04 17:40:26,412 [WARNING] CAMERA frame error: align is None, lost_count=4
2026-04-04 17:40:26,478 [WARNING] CAMERA frame error: align is None, lost_count=5
2026-04-04 17:40:26,479 [WARNING] Camera considered lost, attempting recovery
2026-04-04 17:40:26,479 [WARNING] Restarting RealSense pipeline
2026-04-04 17:40:27,431 [INFO] 127.0.0.1 - - [04/Apr/2026 17:40:27] "GET / HTTP/1.1" 200 -
2026-04-04 17:40:27,580 [INFO] MJPEG stream client connected
2026-04-04 17:40:27,580 [INFO] 127.0.0.1 - - [04/Apr/2026 17:40:27] "GET /stream HTTP/1.1" 200 -
2026-04-04 17:40:28,108 [INFO] RealSense pipeline stopped
2026-04-04 17:40:28,239 [INFO] 127.0.0.1 - - [04/Apr/2026 17:40:28] "GET / HTTP/1.1" 200 -
2026-04-04 17:40:28,390 [INFO] MJPEG stream client connected
2026-04-04 17:40:28,391 [INFO] 127.0.0.1 - - [04/Apr/2026 17:40:28] "GET /stream HTTP/1.1" 200 -
2026-04-04 17:40:28,904 [INFO] 127.0.0.1 - - [04/Apr/2026 17:40:28] "GET / HTTP/1.1" 200 -
2026-04-04 17:40:29,106 [INFO] MJPEG stream client connected
2026-04-04 17:40:29,107 [INFO] 127.0.0.1 - - [04/Apr/2026 17:40:29] "GET /stream HTTP/1.1" 200 -
2026-04-04 17:40:30,109 [INFO] Starting RealSense pipeline
2026-04-04 17:40:30,407 [INFO] align created: True
2026-04-04 17:40:30,407 [INFO] RealSense pipeline started successfully
2026-04-04 17:40:30,407 [INFO] Pipeline restarted successfully
2026-04-04 17:40:31,028 [WARNING] CAMERA frame error: align is None, lost_count=1
2026-04-04 17:40:31,084 [WARNING] CAMERA frame error: align is None, lost_count=2
2026-04-04 17:40:31,151 [WARNING] CAMERA frame error: align is None, lost_count=3
2026-04-04 17:40:31,218 [WARNING] CAMERA frame error: align is None, lost_count=4
2026-04-04 17:40:31,284 [WARNING] CAMERA frame error: align is None, lost_count=5
2026-04-04 17:40:31,285 [WARNING] Camera considered lost, attempting recovery
2026-04-04 17:40:31,285 [WARNING] Restarting RealSense pipeline
2026-04-04 17:40:32,921 [INFO] RealSense pipeline stopped
2026-04-04 17:40:34,925 [INFO] Starting RealSense pipeline
2026-04-04 17:40:35,208 [INFO] align created: True
2026-04-04 17:40:35,209 [INFO] RealSense pipeline started successfully
2026-04-04 17:40:35,209 [INFO] Pipeline restarted successfully
2026-04-04 17:40:35,829 [WARNING] CAMERA frame error: align is None, lost_count=1
2026-04-04 17:40:35,885 [WARNING] CAMERA frame error: align is None, lost_count=2
2026-04-04 17:40:35,952 [WARNING] CAMERA frame error: align is None, lost_count=3
2026-04-04 17:40:36,019 [WARNING] CAMERA frame error: align is None, lost_count=4
2026-04-04 17:40:36,085 [WARNING] CAMERA frame error: align is None, lost_count=5
2026-04-04 17:40:36,086 [WARNING] Camera considered lost, attempting recovery
2026-04-04 17:40:36,086 [WARNING] Restarting RealSense pipeline
2026-04-04 17:40:37,723 [INFO] RealSense pipeline stopped
2026-04-04 17:40:39,727 [INFO] Starting RealSense pipeline
2026-04-04 17:40:40,032 [INFO] align created: True
2026-04-04 17:41:17,562 [INFO] Stream program started
2026-04-04 17:41:17,564 [INFO] Starting RealSense pipeline
2026-04-04 17:41:17,564 [INFO] Streaming on http://0.0.0.0:8000/stream
2026-04-04 17:41:17,928 [INFO] RealSense pipeline started successfully
2026-04-04 17:41:17,951 [INFO] [31m[1mWARNING: This is a development server. Do not use it in a production deployment. Use a production WSGI server instead.[0m
 * Running on all addresses (0.0.0.0)
 * Running on http://127.0.0.1:8000
 * Running on http://10.0.0.105:8000
2026-04-04 17:41:17,951 [INFO] [33mPress CTRL+C to quit[0m
2026-04-04 17:41:18,579 [INFO] FPS 6.9
2026-04-04 17:41:19,625 [INFO] FPS 29.6
2026-04-04 17:41:20,586 [INFO] 127.0.0.1 - - [04/Apr/2026 17:41:20] "GET / HTTP/1.1" 200 -
2026-04-04 17:41:20,644 [INFO] FPS 30.4
2026-04-04 17:41:20,675 [INFO] MJPEG stream client connected
2026-04-04 17:41:20,676 [INFO] 127.0.0.1 - - [04/Apr/2026 17:41:20] "GET /stream HTTP/1.1" 200 -
2026-04-04 17:41:21,645 [INFO] FPS 30.0
2026-04-04 17:41:22,646 [INFO] FPS 30.0
2026-04-04 17:41:23,646 [INFO] FPS 30.0
2026-04-04 17:41:24,647 [INFO] FPS 30.0
2026-04-04 17:41:25,648 [INFO] FPS 30.0
2026-04-04 17:41:26,649 [INFO] FPS 30.0
2026-04-04 17:41:27,649 [INFO] FPS 30.0
2026-04-04 17:41:28,650 [INFO] FPS 30.0
2026-04-04 17:41:29,651 [INFO] FPS 30.0
2026-04-04 17:41:30,651 [INFO] FPS 30.0
2026-04-04 17:41:31,662 [INFO] FPS 29.7
2026-04-04 17:41:32,686 [INFO] FPS 30.3
2026-04-04 17:41:33,687 [INFO] FPS 30.0
2026-04-04 17:41:34,688 [INFO] FPS 30.0
2026-04-04 17:41:35,688 [INFO] FPS 30.0
2026-04-04 17:41:36,689 [INFO] FPS 30.0
2026-04-04 17:41:37,690 [INFO] FPS 30.0
2026-04-04 17:41:38,690 [INFO] FPS 30.0
2026-04-04 17:41:39,691 [INFO] FPS 30.0
2026-04-04 17:41:40,692 [INFO] FPS 30.0
2026-04-04 17:41:41,695 [INFO] FPS 29.9
2026-04-04 17:41:42,695 [INFO] FPS 30.0
2026-04-04 17:41:43,713 [INFO] FPS 29.5
2026-04-04 17:41:44,750 [INFO] FPS 29.9
2026-04-04 17:41:45,775 [INFO] FPS 30.2
2026-04-04 17:41:46,809 [INFO] FPS 30.0
2026-04-04 17:41:47,844 [INFO] FPS 30.0
2026-04-04 17:41:48,872 [INFO] FPS 30.2
2026-04-04 17:41:49,917 [INFO] FPS 29.7
2026-04-04 17:41:50,948 [INFO] FPS 30.1
2026-04-04 17:41:51,984 [INFO] FPS 29.9
2026-04-04 17:41:53,021 [INFO] FPS 29.9
2026-04-04 17:41:54,056 [INFO] FPS 30.0
2026-04-04 17:41:55,088 [INFO] FPS 30.1
2026-04-04 17:41:56,121 [INFO] FPS 30.0
2026-04-04 17:41:57,137 [INFO] FPS 30.5
2026-04-04 17:41:58,138 [INFO] FPS 30.0
2026-04-04 17:41:59,139 [INFO] FPS 30.0
2026-04-04 17:42:00,139 [INFO] FPS 30.0
2026-04-04 17:42:01,140 [INFO] FPS 30.0
2026-04-04 17:42:02,141 [INFO] FPS 30.0
2026-04-04 17:42:03,141 [INFO] FPS 30.0
2026-04-04 17:42:04,142 [INFO] FPS 30.0
2026-04-04 17:42:05,142 [INFO] FPS 30.0
2026-04-04 17:42:06,143 [INFO] FPS 30.0
2026-04-04 17:42:07,144 [INFO] FPS 30.0
2026-04-04 17:42:08,145 [INFO] FPS 30.0
2026-04-04 17:42:09,146 [INFO] FPS 30.0
2026-04-04 17:42:10,147 [INFO] FPS 30.0
2026-04-04 17:42:11,147 [INFO] FPS 30.0
2026-04-04 17:44:14,792 [INFO] YOLO stream program started
2026-04-04 17:44:14,859 [INFO] YOLO model loaded: yolo11n.pt
2026-04-04 17:44:14,860 [INFO] Starting RealSense pipeline
2026-04-04 17:44:14,860 [INFO] Streaming on http://0.0.0.0:8000/stream
2026-04-04 17:44:15,263 [INFO] align created: True
2026-04-04 17:44:15,264 [INFO] RealSense pipeline started successfully
2026-04-04 17:44:15,270 [INFO] [31m[1mWARNING: This is a development server. Do not use it in a production deployment. Use a production WSGI server instead.[0m
 * Running on all addresses (0.0.0.0)
 * Running on http://127.0.0.1:8000
 * Running on http://10.0.0.105:8000
2026-04-04 17:44:15,270 [INFO] [33mPress CTRL+C to quit[0m
2026-04-04 17:44:16,321 [INFO] FPS 0.7, detections 0, persons 0, locked False, yaw_cmd 0.000, infer 514.1 ms
2026-04-04 17:44:17,327 [INFO] FPS 8.9, detections 0, persons 0, locked False, yaw_cmd 0.000, infer 94.5 ms
2026-04-04 17:44:18,035 [INFO] 127.0.0.1 - - [04/Apr/2026 17:44:18] "GET / HTTP/1.1" 200 -
2026-04-04 17:44:18,100 [INFO] MJPEG stream client connected
2026-04-04 17:44:18,100 [INFO] 127.0.0.1 - - [04/Apr/2026 17:44:18] "GET /stream HTTP/1.1" 200 -
2026-04-04 17:44:18,358 [INFO] FPS 8.7, detections 0, persons 0, locked False, yaw_cmd 0.000, infer 124.0 ms
2026-04-04 17:44:19,473 [INFO] FPS 7.2, detections 0, persons 0, locked False, yaw_cmd 0.000, infer 105.9 ms
2026-04-04 17:44:20,523 [INFO] FPS 8.6, detections 1, persons 0, locked False, yaw_cmd 0.000, infer 116.0 ms
2026-04-04 17:44:21,544 [INFO] FPS 7.8, detections 0, persons 0, locked False, yaw_cmd 0.000, infer 94.2 ms
2026-04-04 17:44:22,547 [INFO] FPS 9.0, detections 1, persons 0, locked False, yaw_cmd 0.000, infer 97.0 ms
2026-04-04 17:44:23,608 [INFO] FPS 9.4, detections 0, persons 0, locked False, yaw_cmd 0.000, infer 97.3 ms
2026-04-04 17:44:24,689 [INFO] FPS 9.3, detections 0, persons 0, locked False, yaw_cmd 0.000, infer 112.4 ms
2026-04-04 17:44:25,798 [INFO] FPS 9.0, detections 0, persons 0, locked False, yaw_cmd 0.000, infer 103.9 ms
2026-04-04 17:44:26,807 [INFO] FPS 7.9, detections 0, persons 0, locked False, yaw_cmd 0.000, infer 110.8 ms
2026-04-04 17:44:27,865 [INFO] FPS 7.6, detections 0, persons 0, locked False, yaw_cmd 0.000, infer 109.6 ms
2026-04-04 17:44:28,894 [INFO] FPS 7.8, detections 0, persons 0, locked False, yaw_cmd 0.000, infer 136.6 ms
2026-04-04 17:44:30,007 [INFO] FPS 7.2, detections 0, persons 0, locked False, yaw_cmd 0.000, infer 119.1 ms
2026-04-04 17:44:31,065 [INFO] FPS 7.6, detections 0, persons 0, locked False, yaw_cmd 0.000, infer 122.7 ms
2026-04-04 17:44:32,103 [INFO] FPS 7.7, detections 0, persons 0, locked False, yaw_cmd 0.000, infer 119.0 ms
2026-04-04 17:44:33,104 [INFO] FPS 8.0, detections 0, persons 0, locked False, yaw_cmd 0.000, infer 109.6 ms
2026-04-04 17:44:34,128 [INFO] FPS 7.8, detections 0, persons 0, locked False, yaw_cmd 0.000, infer 110.8 ms
2026-04-04 17:44:35,165 [INFO] FPS 7.7, detections 0, persons 0, locked False, yaw_cmd 0.000, infer 126.8 ms
2026-04-04 17:44:36,256 [INFO] FPS 7.3, detections 0, persons 0, locked False, yaw_cmd 0.000, infer 107.2 ms
2026-04-04 17:44:37,275 [INFO] FPS 7.9, detections 0, persons 0, locked False, yaw_cmd 0.000, infer 110.5 ms
2026-04-04 17:44:38,317 [INFO] FPS 7.7, detections 0, persons 0, locked False, yaw_cmd 0.000, infer 111.8 ms
2026-04-04 17:44:39,385 [INFO] FPS 7.5, detections 0, persons 0, locked False, yaw_cmd 0.000, infer 107.7 ms
2026-04-04 17:44:40,393 [INFO] FPS 7.9, detections 0, persons 0, locked False, yaw_cmd 0.000, infer 108.2 ms
2026-04-04 17:44:41,473 [INFO] FPS 7.4, detections 0, persons 0, locked False, yaw_cmd 0.000, infer 124.2 ms
2026-04-04 17:44:42,524 [INFO] FPS 7.6, detections 1, persons 1, locked True, yaw_cmd 0.000, infer 109.0 ms
2026-04-04 17:44:43,625 [INFO] FPS 7.3, detections 1, persons 1, locked True, yaw_cmd 0.018, infer 124.7 ms
2026-04-04 17:44:44,727 [INFO] FPS 7.3, detections 1, persons 1, locked True, yaw_cmd 0.017, infer 123.4 ms
2026-04-04 17:44:45,838 [INFO] FPS 7.2, detections 1, persons 1, locked True, yaw_cmd -0.015, infer 118.4 ms
2026-04-04 17:44:46,928 [INFO] FPS 7.3, detections 2, persons 1, locked True, yaw_cmd 0.044, infer 126.1 ms
2026-04-04 17:44:48,084 [INFO] FPS 6.9, detections 1, persons 1, locked True, yaw_cmd 0.097, infer 144.9 ms
2026-04-04 17:44:49,222 [INFO] FPS 7.0, detections 1, persons 1, locked True, yaw_cmd 0.133, infer 146.9 ms
2026-04-04 17:44:50,270 [INFO] FPS 7.6, detections 1, persons 1, locked True, yaw_cmd 0.000, infer 110.3 ms
2026-04-04 17:44:51,299 [INFO] FPS 7.8, detections 1, persons 1, locked True, yaw_cmd 0.043, infer 135.9 ms
2026-04-04 17:44:52,346 [INFO] FPS 7.6, detections 1, persons 1, locked True, yaw_cmd 0.032, infer 112.3 ms
2026-04-04 17:44:53,426 [INFO] FPS 7.4, detections 1, persons 1, locked True, yaw_cmd 0.035, infer 125.9 ms
2026-04-04 17:44:54,471 [INFO] FPS 7.7, detections 1, persons 1, locked True, yaw_cmd 0.027, infer 110.9 ms
2026-04-04 17:44:55,526 [INFO] FPS 7.6, detections 1, persons 1, locked True, yaw_cmd 0.032, infer 109.6 ms
2026-04-04 17:44:56,603 [INFO] FPS 7.4, detections 1, persons 1, locked True, yaw_cmd 0.084, infer 120.5 ms
2026-04-04 17:44:57,660 [INFO] FPS 7.6, detections 1, persons 1, locked True, yaw_cmd 0.111, infer 109.5 ms
2026-04-04 17:44:58,763 [INFO] FPS 8.2, detections 1, persons 1, locked True, yaw_cmd 0.081, infer 108.9 ms
2026-04-04 17:44:59,888 [INFO] FPS 8.0, detections 1, persons 1, locked True, yaw_cmd 0.021, infer 116.4 ms
2026-04-04 17:45:01,036 [INFO] FPS 7.8, detections 1, persons 1, locked True, yaw_cmd 0.000, infer 137.4 ms
2026-04-04 17:45:02,103 [INFO] FPS 7.5, detections 1, persons 1, locked True, yaw_cmd 0.000, infer 111.8 ms
2026-04-04 17:45:03,173 [INFO] FPS 7.5, detections 1, persons 1, locked True, yaw_cmd 0.000, infer 124.5 ms
2026-04-04 17:45:04,268 [INFO] FPS 7.3, detections 1, persons 1, locked True, yaw_cmd 0.000, infer 126.7 ms
2026-04-04 17:45:05,299 [INFO] FPS 7.8, detections 1, persons 1, locked True, yaw_cmd -0.018, infer 126.0 ms
2026-04-04 17:45:06,411 [INFO] FPS 7.2, detections 1, persons 1, locked True, yaw_cmd 0.000, infer 126.3 ms
2026-04-04 17:45:07,524 [INFO] FPS 7.2, detections 1, persons 1, locked True, yaw_cmd 0.029, infer 129.1 ms
2026-04-04 17:45:08,612 [INFO] FPS 7.4, detections 1, persons 1, locked True, yaw_cmd 0.029, infer 124.5 ms
2026-04-04 17:45:09,673 [INFO] FPS 7.5, detections 1, persons 1, locked True, yaw_cmd 0.017, infer 111.5 ms
2026-04-04 17:45:10,706 [INFO] FPS 7.7, detections 1, persons 1, locked True, yaw_cmd 0.027, infer 113.1 ms
2026-04-04 17:45:11,771 [INFO] FPS 7.5, detections 1, persons 1, locked True, yaw_cmd 0.000, infer 116.6 ms
2026-04-04 17:45:12,849 [INFO] FPS 7.4, detections 1, persons 1, locked True, yaw_cmd 0.000, infer 127.7 ms
2026-04-04 17:45:13,969 [INFO] FPS 7.1, detections 1, persons 1, locked True, yaw_cmd -0.028, infer 123.2 ms
2026-04-04 17:45:15,061 [INFO] FPS 7.3, detections 1, persons 1, locked True, yaw_cmd 0.000, infer 122.0 ms
2026-04-04 17:45:16,087 [INFO] FPS 7.8, detections 1, persons 1, locked True, yaw_cmd 0.115, infer 125.2 ms
2026-04-04 17:45:17,172 [INFO] FPS 7.4, detections 1, persons 1, locked True, yaw_cmd 0.098, infer 121.6 ms
2026-04-04 17:45:18,279 [INFO] FPS 7.2, detections 1, persons 1, locked True, yaw_cmd 0.046, infer 123.6 ms
2026-04-04 17:45:19,352 [INFO] FPS 7.5, detections 1, persons 1, locked True, yaw_cmd 0.051, infer 123.2 ms
2026-04-04 17:45:20,420 [INFO] FPS 7.5, detections 1, persons 1, locked True, yaw_cmd 0.030, infer 122.3 ms
2026-04-04 17:45:21,529 [INFO] FPS 7.2, detections 1, persons 1, locked True, yaw_cmd 0.051, infer 120.7 ms
2026-04-04 17:45:22,580 [INFO] FPS 7.6, detections 1, persons 1, locked True, yaw_cmd 0.074, infer 118.0 ms
2026-04-04 17:45:23,654 [INFO] FPS 7.4, detections 1, persons 1, locked True, yaw_cmd 0.000, infer 117.2 ms
2026-04-04 17:45:24,676 [INFO] FPS 7.8, detections 1, persons 1, locked True, yaw_cmd -0.032, infer 110.7 ms
2026-04-04 17:45:25,710 [INFO] FPS 7.7, detections 1, persons 1, locked True, yaw_cmd 0.180, infer 112.3 ms
2026-04-04 17:45:26,712 [INFO] FPS 7.0, detections 1, persons 1, locked True, yaw_cmd 0.090, infer 135.2 ms
2026-04-04 17:45:27,730 [INFO] FPS 7.9, detections 1, persons 1, locked True, yaw_cmd -0.031, infer 117.2 ms
2026-04-04 17:45:28,735 [INFO] FPS 7.0, detections 1, persons 1, locked True, yaw_cmd 0.138, infer 129.7 ms
2026-04-04 17:45:29,765 [INFO] FPS 7.8, detections 1, persons 1, locked True, yaw_cmd 0.053, infer 111.9 ms
2026-04-04 17:45:30,809 [INFO] FPS 7.7, detections 1, persons 1, locked True, yaw_cmd 0.049, infer 115.9 ms
2026-04-04 17:45:31,887 [INFO] FPS 7.4, detections 1, persons 1, locked True, yaw_cmd 0.076, infer 111.8 ms
2026-04-04 17:45:32,955 [INFO] FPS 7.5, detections 1, persons 1, locked True, yaw_cmd 0.022, infer 113.5 ms
2026-04-04 17:45:34,040 [INFO] FPS 7.4, detections 1, persons 1, locked True, yaw_cmd 0.054, infer 121.2 ms
2026-04-04 17:45:35,072 [INFO] FPS 7.8, detections 0, persons 0, locked False, yaw_cmd 0.000, infer 115.5 ms
2026-04-04 17:45:36,177 [INFO] FPS 9.0, detections 0, persons 0, locked False, yaw_cmd 0.000, infer 95.8 ms
2026-04-04 17:45:37,247 [INFO] FPS 9.4, detections 0, persons 0, locked False, yaw_cmd 0.000, infer 92.3 ms
2026-04-04 17:45:38,297 [INFO] FPS 9.5, detections 1, persons 1, locked True, yaw_cmd 0.000, infer 94.0 ms
2026-04-04 17:45:39,393 [INFO] FPS 9.1, detections 3, persons 2, locked True, yaw_cmd 0.238, infer 95.1 ms
2026-04-04 17:45:40,458 [INFO] FPS 9.4, detections 1, persons 1, locked True, yaw_cmd 0.167, infer 94.2 ms
2026-04-04 17:45:41,557 [INFO] FPS 9.1, detections 1, persons 1, locked True, yaw_cmd 0.083, infer 112.1 ms
2026-04-04 17:45:42,563 [INFO] FPS 8.9, detections 2, persons 1, locked True, yaw_cmd 0.070, infer 106.9 ms
2026-04-04 17:45:43,674 [INFO] FPS 9.0, detections 2, persons 1, locked True, yaw_cmd 0.034, infer 103.0 ms
2026-04-04 17:45:44,677 [INFO] FPS 9.0, detections 0, persons 0, locked False, yaw_cmd 0.000, infer 107.1 ms
2026-04-04 17:45:45,730 [INFO] FPS 8.5, detections 1, persons 0, locked False, yaw_cmd 0.000, infer 103.1 ms
2026-04-04 17:45:46,845 [INFO] FPS 8.1, detections 1, persons 1, locked True, yaw_cmd 0.015, infer 113.6 ms
2026-04-04 17:45:47,906 [INFO] FPS 8.5, detections 2, persons 1, locked True, yaw_cmd 0.000, infer 105.2 ms
2026-04-04 17:45:48,943 [INFO] FPS 7.7, detections 1, persons 1, locked True, yaw_cmd 0.000, infer 109.5 ms
2026-04-04 17:45:49,953 [INFO] FPS 7.9, detections 1, persons 1, locked True, yaw_cmd 0.000, infer 116.0 ms
2026-04-04 17:45:51,022 [INFO] FPS 8.4, detections 1, persons 0, locked False, yaw_cmd 0.000, infer 112.4 ms
2026-04-04 17:45:52,145 [INFO] FPS 8.0, detections 0, persons 0, locked False, yaw_cmd 0.000, infer 123.7 ms
2026-04-04 17:45:53,248 [INFO] FPS 8.2, detections 0, persons 0, locked False, yaw_cmd 0.000, infer 100.9 ms
2026-04-04 17:45:54,355 [INFO] FPS 8.1, detections 0, persons 0, locked False, yaw_cmd 0.000, infer 104.7 ms
2026-04-04 17:45:55,406 [INFO] FPS 7.6, detections 0, persons 0, locked False, yaw_cmd 0.000, infer 145.0 ms
2026-04-04 17:45:56,452 [INFO] FPS 8.6, detections 0, persons 0, locked False, yaw_cmd 0.000, infer 92.3 ms
2026-04-04 17:45:57,505 [INFO] FPS 9.5, detections 0, persons 0, locked False, yaw_cmd 0.000, infer 93.2 ms
2026-04-04 17:45:58,564 [INFO] FPS 8.5, detections 0, persons 0, locked False, yaw_cmd 0.000, infer 135.5 ms
2026-04-04 17:45:59,634 [INFO] FPS 8.4, detections 0, persons 0, locked False, yaw_cmd 0.000, infer 110.8 ms
2026-04-04 17:46:00,708 [INFO] FPS 7.4, detections 0, persons 0, locked False, yaw_cmd 0.000, infer 124.6 ms
2026-04-04 17:46:01,754 [INFO] FPS 7.7, detections 0, persons 0, locked False, yaw_cmd 0.000, infer 120.4 ms
2026-04-04 17:46:02,799 [INFO] FPS 7.6, detections 0, persons 0, locked False, yaw_cmd 0.000, infer 124.8 ms
2026-04-04 17:46:03,867 [INFO] FPS 7.5, detections 0, persons 0, locked False, yaw_cmd 0.000, infer 112.1 ms
2026-04-04 17:46:04,932 [INFO] FPS 7.5, detections 1, persons 0, locked False, yaw_cmd 0.000, infer 122.3 ms
2026-04-04 17:46:06,041 [INFO] FPS 7.2, detections 0, persons 0, locked False, yaw_cmd 0.000, infer 134.7 ms
2026-04-04 17:46:07,051 [INFO] FPS 7.9, detections 0, persons 0, locked False, yaw_cmd 0.000, infer 108.9 ms
2026-04-04 17:46:08,088 [INFO] FPS 7.7, detections 0, persons 0, locked False, yaw_cmd 0.000, infer 115.3 ms
2026-04-04 17:46:09,120 [INFO] FPS 7.8, detections 1, persons 0, locked False, yaw_cmd 0.000, infer 114.8 ms
2026-04-04 17:46:10,137 [INFO] FPS 7.9, detections 0, persons 0, locked False, yaw_cmd 0.000, infer 112.0 ms
2026-04-04 17:46:11,184 [INFO] FPS 7.6, detections 0, persons 0, locked False, yaw_cmd 0.000, infer 128.1 ms
2026-04-04 17:46:12,283 [INFO] FPS 7.3, detections 0, persons 0, locked False, yaw_cmd 0.000, infer 117.2 ms
2026-04-04 17:46:13,309 [INFO] FPS 7.8, detections 0, persons 0, locked False, yaw_cmd 0.000, infer 131.5 ms
2026-04-04 17:46:14,373 [INFO] FPS 7.5, detections 0, persons 0, locked False, yaw_cmd 0.000, infer 113.7 ms
2026-04-04 17:46:15,407 [INFO] FPS 7.7, detections 0, persons 0, locked False, yaw_cmd 0.000, infer 114.8 ms
2026-04-04 17:46:16,445 [INFO] FPS 7.7, detections 0, persons 0, locked False, yaw_cmd 0.000, infer 110.8 ms
2026-04-04 17:46:17,526 [INFO] FPS 7.4, detections 0, persons 0, locked False, yaw_cmd 0.000, infer 109.8 ms
2026-04-04 17:46:18,538 [INFO] FPS 7.9, detections 0, persons 0, locked False, yaw_cmd 0.000, infer 130.1 ms
2026-04-04 17:46:19,606 [INFO] FPS 7.5, detections 0, persons 0, locked False, yaw_cmd 0.000, infer 109.1 ms
2026-04-04 17:46:20,642 [INFO] FPS 7.7, detections 0, persons 0, locked False, yaw_cmd 0.000, infer 110.6 ms
2026-04-04 17:46:21,718 [INFO] FPS 7.4, detections 0, persons 0, locked False, yaw_cmd 0.000, infer 141.6 ms
2026-04-04 17:46:22,804 [INFO] FPS 7.4, detections 0, persons 0, locked False, yaw_cmd 0.000, infer 132.0 ms
2026-04-04 17:46:23,854 [INFO] FPS 7.6, detections 0, persons 0, locked False, yaw_cmd 0.000, infer 131.1 ms
2026-04-04 17:46:24,863 [INFO] FPS 7.9, detections 0, persons 0, locked False, yaw_cmd 0.000, infer 112.3 ms
2026-04-04 17:46:25,894 [INFO] FPS 7.8, detections 0, persons 0, locked False, yaw_cmd 0.000, infer 115.5 ms
2026-04-04 17:46:26,961 [INFO] FPS 7.5, detections 0, persons 0, locked False, yaw_cmd 0.000, infer 113.4 ms
2026-04-04 17:46:28,096 [INFO] FPS 7.1, detections 0, persons 0, locked False, yaw_cmd 0.000, infer 127.0 ms
2026-04-04 17:46:29,157 [INFO] FPS 7.5, detections 0, persons 0, locked False, yaw_cmd 0.000, infer 113.5 ms
2026-04-04 17:46:30,208 [INFO] FPS 7.6, detections 0, persons 0, locked False, yaw_cmd 0.000, infer 108.4 ms
2026-04-04 17:46:31,222 [INFO] FPS 7.9, detections 0, persons 0, locked False, yaw_cmd 0.000, infer 114.0 ms
2026-04-04 17:46:32,295 [INFO] FPS 7.5, detections 0, persons 0, locked False, yaw_cmd 0.000, infer 111.8 ms
2026-04-04 17:46:33,354 [INFO] FPS 7.5, detections 0, persons 0, locked False, yaw_cmd 0.000, infer 123.4 ms
2026-04-04 17:46:34,385 [INFO] FPS 7.8, detections 0, persons 0, locked False, yaw_cmd 0.000, infer 110.2 ms
2026-04-04 17:46:35,485 [INFO] FPS 7.3, detections 0, persons 0, locked False, yaw_cmd 0.000, infer 119.1 ms
2026-04-04 17:46:36,511 [INFO] FPS 7.8, detections 0, persons 0, locked False, yaw_cmd 0.000, infer 111.6 ms
2026-04-04 17:46:37,541 [INFO] FPS 7.8, detections 0, persons 0, locked False, yaw_cmd 0.000, infer 108.4 ms
2026-04-04 17:46:38,634 [INFO] FPS 7.3, detections 0, persons 0, locked False, yaw_cmd 0.000, infer 125.9 ms
2026-04-04 17:46:39,656 [INFO] FPS 7.8, detections 0, persons 0, locked False, yaw_cmd 0.000, infer 113.8 ms
2026-04-04 17:46:40,717 [INFO] FPS 7.5, detections 0, persons 0, locked False, yaw_cmd 0.000, infer 112.0 ms
2026-04-04 17:46:41,732 [INFO] FPS 7.9, detections 0, persons 0, locked False, yaw_cmd 0.000, infer 110.2 ms
2026-04-04 17:46:42,766 [INFO] FPS 7.7, detections 0, persons 0, locked False, yaw_cmd 0.000, infer 112.6 ms
2026-04-04 17:46:43,853 [INFO] FPS 7.4, detections 1, persons 0, locked False, yaw_cmd 0.000, infer 112.7 ms
2026-04-04 17:46:44,885 [INFO] FPS 7.8, detections 0, persons 0, locked False, yaw_cmd 0.000, infer 114.2 ms
2026-04-04 17:46:45,896 [INFO] FPS 7.9, detections 0, persons 0, locked False, yaw_cmd 0.000, infer 124.9 ms
2026-04-04 17:46:46,902 [INFO] FPS 7.9, detections 0, persons 0, locked False, yaw_cmd 0.000, infer 112.5 ms
2026-04-04 17:46:47,991 [INFO] FPS 7.4, detections 0, persons 0, locked False, yaw_cmd 0.000, infer 112.4 ms
2026-04-04 17:46:49,082 [INFO] FPS 7.3, detections 0, persons 0, locked False, yaw_cmd 0.000, infer 122.1 ms
2026-04-04 17:46:50,144 [INFO] FPS 7.5, detections 0, persons 0, locked False, yaw_cmd 0.000, infer 116.9 ms
2026-04-04 17:46:51,217 [INFO] FPS 7.5, detections 0, persons 0, locked False, yaw_cmd 0.000, infer 111.5 ms
2026-04-04 17:46:52,263 [INFO] FPS 7.6, detections 0, persons 0, locked False, yaw_cmd 0.000, infer 110.1 ms
2026-04-04 17:46:53,296 [INFO] FPS 7.7, detections 0, persons 0, locked False, yaw_cmd 0.000, infer 119.9 ms
2026-04-04 17:46:54,368 [INFO] FPS 7.5, detections 0, persons 0, locked False, yaw_cmd 0.000, infer 111.1 ms
2026-04-04 17:46:55,390 [INFO] FPS 7.8, detections 0, persons 0, locked False, yaw_cmd 0.000, infer 113.0 ms
2026-04-04 17:46:56,441 [INFO] FPS 7.6, detections 1, persons 0, locked False, yaw_cmd 0.000, infer 113.9 ms
2026-04-04 17:46:57,456 [INFO] FPS 7.9, detections 1, persons 0, locked False, yaw_cmd 0.000, infer 113.5 ms
2026-04-04 17:46:58,472 [INFO] FPS 7.9, detections 0, persons 0, locked False, yaw_cmd 0.000, infer 111.8 ms
2026-04-04 17:46:59,491 [INFO] FPS 7.8, detections 0, persons 0, locked False, yaw_cmd 0.000, infer 111.6 ms
2026-04-04 17:47:00,532 [INFO] FPS 7.7, detections 0, persons 0, locked False, yaw_cmd 0.000, infer 116.6 ms
2026-04-04 17:47:01,542 [INFO] FPS 7.9, detections 0, persons 0, locked False, yaw_cmd 0.000, infer 113.4 ms
2026-04-04 17:47:02,570 [INFO] FPS 7.8, detections 0, persons 0, locked False, yaw_cmd 0.000, infer 109.0 ms
2026-04-04 17:47:03,621 [INFO] FPS 7.6, detections 0, persons 0, locked False, yaw_cmd 0.000, infer 111.7 ms
2026-04-04 17:47:04,638 [INFO] FPS 7.9, detections 0, persons 0, locked False, yaw_cmd 0.000, infer 107.8 ms
2026-04-04 17:47:05,735 [INFO] FPS 8.2, detections 0, persons 0, locked False, yaw_cmd 0.000, infer 111.2 ms
2026-04-04 17:47:06,744 [INFO] FPS 7.9, detections 0, persons 0, locked False, yaw_cmd 0.000, infer 118.8 ms
2026-04-04 17:47:07,805 [INFO] FPS 7.5, detections 1, persons 0, locked False, yaw_cmd 0.000, infer 122.6 ms
2026-04-04 17:47:08,857 [INFO] FPS 7.6, detections 0, persons 0, locked False, yaw_cmd 0.000, infer 122.2 ms
2026-04-04 17:47:09,923 [INFO] FPS 7.5, detections 0, persons 0, locked False, yaw_cmd 0.000, infer 120.7 ms
2026-04-04 17:47:10,950 [INFO] FPS 7.8, detections 0, persons 0, locked False, yaw_cmd 0.000, infer 111.6 ms
2026-04-04 17:47:12,061 [INFO] FPS 8.1, detections 0, persons 0, locked False, yaw_cmd 0.000, infer 111.9 ms
2026-04-04 17:47:13,183 [INFO] FPS 8.0, detections 0, persons 0, locked False, yaw_cmd 0.000, infer 118.1 ms
2026-04-04 17:47:14,304 [INFO] FPS 8.0, detections 0, persons 0, locked False, yaw_cmd 0.000, infer 109.7 ms
2026-04-04 17:47:15,312 [INFO] FPS 7.9, detections 0, persons 0, locked False, yaw_cmd 0.000, infer 108.8 ms
2026-04-04 17:47:16,341 [INFO] FPS 7.8, detections 0, persons 0, locked False, yaw_cmd 0.000, infer 121.5 ms
2026-04-04 17:47:17,459 [INFO] FPS 8.0, detections 0, persons 0, locked False, yaw_cmd 0.000, infer 110.6 ms
2026-04-04 17:47:18,467 [INFO] FPS 7.9, detections 1, persons 0, locked False, yaw_cmd 0.000, infer 113.4 ms
2026-04-04 17:47:19,539 [INFO] FPS 7.5, detections 0, persons 0, locked False, yaw_cmd 0.000, infer 114.4 ms
2026-04-04 17:47:20,619 [INFO] FPS 7.4, detections 0, persons 0, locked False, yaw_cmd 0.000, infer 123.4 ms
2026-04-04 17:47:21,721 [INFO] FPS 7.3, detections 0, persons 0, locked False, yaw_cmd 0.000, infer 131.6 ms
2026-04-04 17:47:22,761 [INFO] FPS 7.7, detections 0, persons 0, locked False, yaw_cmd 0.000, infer 113.0 ms
2026-04-04 17:47:23,829 [INFO] FPS 7.5, detections 0, persons 0, locked False, yaw_cmd 0.000, infer 119.6 ms
2026-04-04 17:47:24,912 [INFO] FPS 7.4, detections 0, persons 0, locked False, yaw_cmd 0.000, infer 119.8 ms
2026-04-04 17:47:25,931 [INFO] FPS 7.8, detections 0, persons 0, locked False, yaw_cmd 0.000, infer 111.1 ms
2026-04-04 17:47:26,933 [INFO] FPS 8.0, detections 0, persons 0, locked False, yaw_cmd 0.000, infer 115.3 ms
2026-04-04 17:47:28,021 [INFO] FPS 7.4, detections 0, persons 0, locked False, yaw_cmd 0.000, infer 121.1 ms
2026-04-04 17:47:29,079 [INFO] FPS 7.6, detections 0, persons 0, locked False, yaw_cmd 0.000, infer 121.7 ms
2026-04-04 17:47:30,164 [INFO] FPS 7.4, detections 1, persons 1, locked True, yaw_cmd 0.054, infer 120.1 ms
2026-04-04 17:47:31,195 [INFO] FPS 7.8, detections 1, persons 1, locked True, yaw_cmd 0.064, infer 114.0 ms
2026-04-04 17:47:32,212 [INFO] FPS 7.9, detections 1, persons 1, locked True, yaw_cmd 0.051, infer 138.8 ms
2026-04-04 17:47:33,281 [INFO] FPS 7.5, detections 1, persons 1, locked True, yaw_cmd 0.041, infer 133.1 ms
2026-04-04 17:47:34,301 [INFO] FPS 7.8, detections 1, persons 1, locked True, yaw_cmd 0.095, infer 111.6 ms
2026-04-04 17:47:35,338 [INFO] FPS 7.7, detections 1, persons 1, locked True, yaw_cmd 0.078, infer 116.9 ms
2026-04-04 17:47:36,370 [INFO] FPS 7.8, detections 1, persons 1, locked True, yaw_cmd 0.052, infer 122.6 ms
2026-04-04 17:47:37,441 [INFO] FPS 7.5, detections 1, persons 1, locked True, yaw_cmd 0.042, infer 121.5 ms
2026-04-04 17:47:38,484 [INFO] FPS 7.7, detections 1, persons 1, locked True, yaw_cmd 0.062, infer 117.5 ms
2026-04-04 17:47:39,512 [INFO] FPS 7.8, detections 1, persons 1, locked True, yaw_cmd 0.017, infer 111.2 ms
2026-04-04 17:47:40,580 [INFO] FPS 7.5, detections 1, persons 1, locked True, yaw_cmd -0.047, infer 123.6 ms
2026-04-04 17:47:41,674 [INFO] FPS 7.3, detections 1, persons 1, locked True, yaw_cmd 0.000, infer 124.9 ms
2026-04-04 17:47:42,707 [INFO] FPS 7.7, detections 1, persons 1, locked True, yaw_cmd -0.015, infer 111.3 ms
2026-04-04 17:47:43,770 [INFO] FPS 7.5, detections 1, persons 1, locked True, yaw_cmd 0.000, infer 125.1 ms
2026-04-04 17:47:44,802 [INFO] FPS 7.8, detections 1, persons 1, locked True, yaw_cmd 0.076, infer 112.2 ms
2026-04-04 17:47:45,889 [INFO] FPS 7.4, detections 0, persons 0, locked False, yaw_cmd 0.000, infer 130.9 ms
2026-04-04 17:47:46,959 [INFO] FPS 7.5, detections 1, persons 0, locked False, yaw_cmd 0.000, infer 110.6 ms
2026-04-04 17:47:48,000 [INFO] FPS 7.7, detections 1, persons 1, locked True, yaw_cmd 0.254, infer 125.8 ms
2026-04-04 17:47:49,060 [INFO] FPS 7.5, detections 1, persons 1, locked True, yaw_cmd 0.138, infer 128.8 ms
2026-04-04 17:47:50,088 [INFO] FPS 7.8, detections 1, persons 1, locked True, yaw_cmd 0.017, infer 131.7 ms
2026-04-04 17:47:51,155 [INFO] FPS 7.5, detections 1, persons 1, locked True, yaw_cmd 0.033, infer 134.6 ms
2026-04-04 17:47:52,209 [INFO] FPS 7.6, detections 1, persons 1, locked True, yaw_cmd 0.039, infer 112.5 ms
2026-04-04 17:47:53,327 [INFO] FPS 7.2, detections 1, persons 1, locked True, yaw_cmd 0.030, infer 111.3 ms
2026-04-04 17:47:54,362 [INFO] FPS 7.7, detections 1, persons 1, locked True, yaw_cmd 0.017, infer 114.8 ms
2026-04-04 17:47:55,438 [INFO] FPS 7.4, detections 1, persons 1, locked True, yaw_cmd 0.017, infer 114.6 ms
2026-04-04 17:47:56,546 [INFO] FPS 7.2, detections 1, persons 1, locked True, yaw_cmd 0.000, infer 141.3 ms
2026-04-04 17:47:57,561 [INFO] FPS 6.9, detections 1, persons 1, locked True, yaw_cmd 0.000, infer 135.8 ms
2026-04-04 17:47:58,740 [INFO] FPS 6.8, detections 1, persons 1, locked True, yaw_cmd 0.000, infer 199.4 ms
2026-04-04 17:47:59,752 [INFO] FPS 6.9, detections 1, persons 1, locked True, yaw_cmd 0.000, infer 129.0 ms
2026-04-04 17:48:00,865 [INFO] FPS 6.3, detections 1, persons 1, locked True, yaw_cmd 0.000, infer 162.3 ms
2026-04-04 17:48:01,980 [INFO] FPS 7.2, detections 1, persons 1, locked True, yaw_cmd 0.084, infer 111.8 ms
2026-04-04 17:48:03,002 [INFO] FPS 7.8, detections 1, persons 1, locked True, yaw_cmd 0.166, infer 116.9 ms
2026-04-04 17:48:04,058 [INFO] FPS 7.6, detections 1, persons 1, locked True, yaw_cmd 0.193, infer 123.5 ms
2026-04-04 17:48:05,170 [INFO] FPS 7.2, detections 1, persons 1, locked True, yaw_cmd 0.192, infer 120.0 ms
2026-04-04 17:48:06,263 [INFO] FPS 7.3, detections 1, persons 1, locked True, yaw_cmd 0.192, infer 113.7 ms
2026-04-04 17:48:07,321 [INFO] FPS 7.6, detections 1, persons 1, locked True, yaw_cmd 0.074, infer 114.6 ms
2026-04-04 17:48:08,355 [INFO] FPS 7.7, detections 1, persons 1, locked True, yaw_cmd -0.050, infer 115.7 ms
2026-04-04 17:48:09,371 [INFO] FPS 6.9, detections 2, persons 1, locked True, yaw_cmd -0.131, infer 129.3 ms
2026-04-04 17:48:10,497 [INFO] FPS 7.1, detections 1, persons 1, locked True, yaw_cmd -0.119, infer 119.0 ms
2026-04-04 17:48:11,610 [INFO] FPS 7.2, detections 1, persons 1, locked True, yaw_cmd -0.116, infer 129.7 ms
2026-04-04 17:48:12,657 [INFO] FPS 7.6, detections 2, persons 1, locked True, yaw_cmd -0.127, infer 105.9 ms
2026-04-04 17:48:13,772 [INFO] FPS 7.2, detections 1, persons 1, locked True, yaw_cmd -0.032, infer 111.9 ms
2026-04-04 17:48:14,814 [INFO] FPS 7.7, detections 1, persons 1, locked True, yaw_cmd -0.034, infer 118.4 ms
2026-04-04 17:48:15,856 [INFO] FPS 7.7, detections 1, persons 1, locked True, yaw_cmd -0.015, infer 118.0 ms
2026-04-04 17:48:16,911 [INFO] FPS 7.6, detections 1, persons 1, locked True, yaw_cmd -0.018, infer 126.6 ms
2026-04-04 17:48:18,002 [INFO] FPS 7.3, detections 1, persons 1, locked True, yaw_cmd -0.019, infer 122.9 ms
2026-04-04 17:48:19,146 [INFO] FPS 7.9, detections 1, persons 1, locked True, yaw_cmd 0.000, infer 138.0 ms
2026-04-04 17:48:20,248 [INFO] FPS 7.3, detections 2, persons 1, locked True, yaw_cmd 0.000, infer 115.9 ms
2026-04-04 17:48:21,253 [INFO] FPS 8.0, detections 2, persons 1, locked True, yaw_cmd 0.000, infer 118.5 ms
2026-04-04 17:48:22,335 [INFO] FPS 7.4, detections 1, persons 1, locked True, yaw_cmd 0.000, infer 144.6 ms
2026-04-04 17:48:23,347 [INFO] FPS 7.9, detections 1, persons 1, locked True, yaw_cmd 0.000, infer 122.4 ms
2026-04-04 17:48:24,445 [INFO] FPS 7.3, detections 1, persons 1, locked True, yaw_cmd 0.000, infer 125.0 ms
2026-04-04 17:48:25,483 [INFO] FPS 7.7, detections 1, persons 1, locked True, yaw_cmd 0.000, infer 114.0 ms
2026-04-04 17:48:26,616 [INFO] FPS 7.1, detections 2, persons 1, locked True, yaw_cmd 0.000, infer 144.1 ms
2026-04-04 17:48:27,684 [INFO] FPS 8.4, detections 2, persons 1, locked True, yaw_cmd -0.030, infer 92.8 ms
2026-04-04 17:48:28,686 [INFO] FPS 9.0, detections 1, persons 1, locked True, yaw_cmd -0.162, infer 107.9 ms
2026-04-04 17:48:29,700 [INFO] FPS 8.9, detections 1, persons 1, locked True, yaw_cmd -0.033, infer 97.3 ms
2026-04-04 17:48:30,750 [INFO] FPS 8.6, detections 1, persons 1, locked True, yaw_cmd 0.218, infer 96.9 ms
2026-04-04 17:48:31,752 [INFO] FPS 9.0, detections 1, persons 1, locked True, yaw_cmd 0.183, infer 107.3 ms
2026-04-04 17:48:32,856 [INFO] FPS 9.1, detections 1, persons 1, locked True, yaw_cmd 0.091, infer 97.7 ms
2026-04-04 17:48:33,862 [INFO] FPS 8.0, detections 0, persons 0, locked False, yaw_cmd 0.000, infer 121.8 ms
2026-04-04 17:48:34,920 [INFO] FPS 7.6, detections 0, persons 0, locked False, yaw_cmd 0.000, infer 113.8 ms
2026-04-04 17:48:35,937 [INFO] FPS 7.9, detections 1, persons 1, locked True, yaw_cmd 0.076, infer 106.1 ms
2026-04-04 17:48:36,986 [INFO] FPS 8.6, detections 0, persons 0, locked False, yaw_cmd 0.000, infer 100.3 ms
2026-04-04 17:48:38,038 [INFO] FPS 8.6, detections 1, persons 1, locked True, yaw_cmd 0.073, infer 107.7 ms
2026-04-04 17:48:39,052 [INFO] FPS 8.9, detections 1, persons 1, locked True, yaw_cmd 0.076, infer 94.8 ms
2026-04-04 17:48:40,156 [INFO] FPS 9.1, detections 1, persons 1, locked True, yaw_cmd 0.063, infer 95.7 ms
2026-04-04 17:48:41,272 [INFO] FPS 8.1, detections 0, persons 0, locked False, yaw_cmd 0.000, infer 137.4 ms
2026-04-04 17:48:42,339 [INFO] FPS 8.4, detections 0, persons 0, locked False, yaw_cmd 0.000, infer 113.7 ms
2026-04-04 17:48:43,398 [INFO] FPS 8.5, detections 0, persons 0, locked False, yaw_cmd 0.000, infer 99.0 ms
2026-04-04 17:48:44,428 [INFO] FPS 7.8, detections 0, persons 0, locked False, yaw_cmd 0.000, infer 100.0 ms
2026-04-04 17:48:45,472 [INFO] FPS 7.7, detections 0, persons 0, locked False, yaw_cmd 0.000, infer 183.0 ms
2026-04-04 18:05:56,560 [INFO] YOLO stream program started
2026-04-04 18:05:56,868 [INFO] YOLO model loaded: yolo11n.pt
2026-04-04 18:05:56,870 [INFO] Starting RealSense pipeline
2026-04-04 18:05:56,870 [INFO] Streaming on http://0.0.0.0:8000/stream
2026-04-04 18:05:57,473 [INFO] align created: True
2026-04-04 18:05:57,473 [INFO] RealSense pipeline started successfully
2026-04-04 18:05:57,499 [INFO] [31m[1mWARNING: This is a development server. Do not use it in a production deployment. Use a production WSGI server instead.[0m
 * Running on all addresses (0.0.0.0)
 * Running on http://127.0.0.1:8000
 * Running on http://10.0.0.105:8000
2026-04-04 18:05:57,499 [INFO] [33mPress CTRL+C to quit[0m
2026-04-04 18:05:58,698 [INFO] FPS 0.5, detections 0, persons 0, locked False, yaw_cmd 0.000, infer 682.9 ms
2026-04-04 18:05:59,726 [INFO] FPS 8.8, detections 0, persons 0, locked False, yaw_cmd 0.000, infer 95.8 ms
2026-04-04 18:06:00,742 [INFO] FPS 8.9, detections 0, persons 0, locked False, yaw_cmd 0.000, infer 93.9 ms
2026-04-04 18:06:01,830 [INFO] FPS 9.2, detections 0, persons 0, locked False, yaw_cmd 0.000, infer 93.5 ms
2026-04-04 18:06:02,920 [INFO] FPS 9.2, detections 0, persons 0, locked False, yaw_cmd 0.000, infer 95.5 ms
2026-04-04 18:06:04,001 [INFO] FPS 9.3, detections 0, persons 0, locked False, yaw_cmd 0.000, infer 96.8 ms
2026-04-04 18:06:05,080 [INFO] FPS 9.3, detections 0, persons 0, locked False, yaw_cmd 0.000, infer 94.2 ms
2026-04-04 18:06:06,088 [INFO] FPS 8.9, detections 0, persons 0, locked False, yaw_cmd 0.000, infer 93.0 ms
2026-04-04 18:06:07,180 [INFO] FPS 9.2, detections 0, persons 0, locked False, yaw_cmd 0.000, infer 93.0 ms
2026-04-04 18:06:08,220 [INFO] FPS 8.7, detections 0, persons 0, locked False, yaw_cmd 0.000, infer 93.6 ms
2026-04-04 18:06:09,269 [INFO] FPS 9.5, detections 0, persons 0, locked False, yaw_cmd 0.000, infer 94.1 ms
2026-04-04 18:06:10,319 [INFO] FPS 9.5, detections 0, persons 0, locked False, yaw_cmd 0.000, infer 93.6 ms
2026-04-04 18:06:11,372 [INFO] FPS 9.5, detections 0, persons 0, locked False, yaw_cmd 0.000, infer 93.4 ms
2026-04-04 18:06:12,421 [INFO] FPS 9.5, detections 0, persons 0, locked False, yaw_cmd 0.000, infer 93.6 ms
2026-04-04 18:06:13,477 [INFO] FPS 9.5, detections 1, persons 0, locked False, yaw_cmd 0.000, infer 100.9 ms
2026-04-04 18:06:14,527 [INFO] FPS 9.5, detections 0, persons 0, locked False, yaw_cmd 0.000, infer 94.1 ms
2026-04-04 18:06:15,575 [INFO] FPS 9.5, detections 0, persons 0, locked False, yaw_cmd 0.000, infer 92.8 ms
2026-04-04 18:06:16,622 [INFO] FPS 9.5, detections 0, persons 0, locked False, yaw_cmd 0.000, infer 93.8 ms
2026-04-04 18:06:17,672 [INFO] FPS 9.5, detections 0, persons 0, locked False, yaw_cmd 0.000, infer 93.8 ms
2026-04-04 18:06:18,720 [INFO] FPS 9.5, detections 0, persons 0, locked False, yaw_cmd 0.000, infer 94.1 ms
2026-04-04 18:06:19,743 [INFO] FPS 7.8, detections 0, persons 0, locked False, yaw_cmd 0.000, infer 100.0 ms
2026-04-04 18:06:20,811 [INFO] FPS 9.4, detections 0, persons 0, locked False, yaw_cmd 0.000, infer 93.2 ms
2026-04-04 18:06:21,915 [INFO] FPS 9.1, detections 0, persons 0, locked False, yaw_cmd 0.000, infer 94.4 ms
2026-04-04 18:06:22,987 [INFO] FPS 9.3, detections 0, persons 0, locked False, yaw_cmd 0.000, infer 103.3 ms
2026-04-04 18:06:24,026 [INFO] FPS 8.7, detections 0, persons 0, locked False, yaw_cmd 0.000, infer 113.2 ms
2026-04-04 18:06:25,100 [INFO] FPS 9.3, detections 0, persons 0, locked False, yaw_cmd 0.000, infer 101.6 ms
2026-04-04 18:06:26,175 [INFO] FPS 9.3, detections 0, persons 0, locked False, yaw_cmd 0.000, infer 93.0 ms
2026-04-04 18:06:27,232 [INFO] FPS 9.5, detections 0, persons 0, locked False, yaw_cmd 0.000, infer 93.7 ms
2026-04-04 18:06:28,382 [INFO] FPS 8.7, detections 0, persons 0, locked False, yaw_cmd 0.000, infer 139.3 ms
2026-04-04 18:06:29,487 [INFO] FPS 9.1, detections 0, persons 0, locked False, yaw_cmd 0.000, infer 93.5 ms
2026-04-04 18:06:30,531 [INFO] FPS 9.6, detections 0, persons 0, locked False, yaw_cmd 0.000, infer 92.6 ms
2026-04-04 18:06:31,597 [INFO] FPS 9.4, detections 0, persons 0, locked False, yaw_cmd 0.000, infer 92.3 ms
2026-04-04 18:06:32,646 [INFO] FPS 9.5, detections 0, persons 0, locked False, yaw_cmd 0.000, infer 92.7 ms
2026-04-04 18:06:33,695 [INFO] FPS 9.5, detections 0, persons 0, locked False, yaw_cmd 0.000, infer 94.7 ms
2026-04-04 18:06:34,723 [INFO] FPS 8.8, detections 0, persons 0, locked False, yaw_cmd 0.000, infer 96.3 ms
2026-04-04 18:06:35,789 [INFO] FPS 9.4, detections 0, persons 0, locked False, yaw_cmd 0.000, infer 93.6 ms
2026-04-04 18:06:36,840 [INFO] FPS 9.5, detections 0, persons 0, locked False, yaw_cmd 0.000, infer 93.1 ms
2026-04-04 18:07:04,409 [INFO] YOLO stream program started
2026-04-04 18:07:04,549 [INFO] YOLO model loaded: yolo11n.pt
2026-04-04 18:07:04,551 [INFO] Starting RealSense pipeline
2026-04-04 18:07:04,551 [INFO] Streaming on http://0.0.0.0:8000/stream
2026-04-04 18:07:04,927 [INFO] align created: True
2026-04-04 18:07:04,927 [INFO] RealSense pipeline started successfully
2026-04-04 18:07:04,942 [INFO] [31m[1mWARNING: This is a development server. Do not use it in a production deployment. Use a production WSGI server instead.[0m
 * Running on all addresses (0.0.0.0)
 * Running on http://127.0.0.1:8000
 * Running on http://10.0.0.105:8000
2026-04-04 18:07:04,942 [INFO] [33mPress CTRL+C to quit[0m
2026-04-04 18:07:05,747 [INFO] FPS 0.8, detections 0, persons 0, locked False, yaw_cmd 0.000, infer 184.2 ms
2026-04-04 18:07:06,799 [INFO] FPS 9.5, detections 0, persons 0, locked False, yaw_cmd 0.000, infer 90.7 ms
2026-04-04 18:07:07,862 [INFO] FPS 9.4, detections 0, persons 0, locked False, yaw_cmd 0.000, infer 97.5 ms
2026-04-04 18:07:08,908 [INFO] FPS 9.6, detections 0, persons 0, locked False, yaw_cmd 0.000, infer 92.5 ms
2026-04-04 18:07:09,961 [INFO] FPS 9.5, detections 0, persons 0, locked False, yaw_cmd 0.000, infer 96.0 ms
2026-04-04 18:07:11,036 [INFO] FPS 9.3, detections 0, persons 0, locked False, yaw_cmd 0.000, infer 94.5 ms
2026-04-04 18:07:11,424 [INFO] 127.0.0.1 - - [04/Apr/2026 18:07:11] "GET / HTTP/1.1" 200 -
2026-04-04 18:07:11,522 [INFO] MJPEG stream client connected
2026-04-04 18:07:11,523 [INFO] 127.0.0.1 - - [04/Apr/2026 18:07:11] "GET /stream HTTP/1.1" 200 -
2026-04-04 18:07:12,085 [INFO] FPS 7.6, detections 0, persons 0, locked False, yaw_cmd 0.000, infer 125.6 ms
2026-04-04 18:07:13,184 [INFO] FPS 8.2, detections 0, persons 0, locked False, yaw_cmd 0.000, infer 110.1 ms
2026-04-04 18:07:14,264 [INFO] FPS 8.3, detections 0, persons 0, locked False, yaw_cmd 0.000, infer 111.2 ms
2026-04-04 18:07:15,371 [INFO] FPS 8.1, detections 0, persons 0, locked False, yaw_cmd 0.000, infer 119.8 ms
2026-04-04 18:07:16,397 [INFO] FPS 7.8, detections 0, persons 0, locked False, yaw_cmd 0.000, infer 116.4 ms
2026-04-04 18:07:17,434 [INFO] FPS 8.7, detections 0, persons 0, locked False, yaw_cmd 0.000, infer 95.7 ms
2026-04-04 18:07:18,498 [INFO] FPS 9.4, detections 0, persons 0, locked False, yaw_cmd 0.000, infer 97.1 ms
2026-04-04 18:07:19,559 [INFO] FPS 9.4, detections 0, persons 0, locked False, yaw_cmd 0.000, infer 92.9 ms
2026-04-04 18:07:20,635 [INFO] FPS 9.3, detections 0, persons 0, locked False, yaw_cmd 0.000, infer 96.5 ms
2026-04-04 18:07:21,725 [INFO] FPS 9.2, detections 0, persons 0, locked False, yaw_cmd 0.000, infer 93.8 ms
2026-04-04 18:07:22,774 [INFO] FPS 9.5, detections 0, persons 0, locked False, yaw_cmd 0.000, infer 96.6 ms
2026-04-04 18:07:23,832 [INFO] FPS 9.5, detections 0, persons 0, locked False, yaw_cmd 0.000, infer 93.9 ms
2026-04-04 18:07:24,937 [INFO] FPS 9.1, detections 0, persons 0, locked False, yaw_cmd 0.000, infer 94.0 ms
2026-04-04 18:07:25,991 [INFO] FPS 8.5, detections 0, persons 0, locked False, yaw_cmd 0.000, infer 122.2 ms
2026-04-04 18:07:26,997 [INFO] FPS 8.0, detections 0, persons 0, locked False, yaw_cmd 0.000, infer 105.5 ms
2026-04-04 18:07:28,047 [INFO] FPS 8.6, detections 0, persons 0, locked False, yaw_cmd 0.000, infer 98.4 ms
2026-04-04 18:07:29,096 [INFO] FPS 8.6, detections 0, persons 0, locked False, yaw_cmd 0.000, infer 101.4 ms
2026-04-04 18:07:30,155 [INFO] FPS 8.5, detections 1, persons 1, locked False, yaw_cmd 0.000, infer 106.9 ms
2026-04-04 18:07:31,271 [INFO] FPS 8.1, detections 1, persons 1, locked False, yaw_cmd 0.000, infer 106.8 ms
2026-04-04 18:07:32,287 [INFO] FPS 7.9, detections 1, persons 1, locked False, yaw_cmd 0.000, infer 106.8 ms
2026-04-04 18:07:33,354 [INFO] FPS 8.4, detections 1, persons 1, locked False, yaw_cmd 0.000, infer 112.4 ms
2026-04-04 18:07:34,420 [INFO] FPS 8.4, detections 1, persons 1, locked False, yaw_cmd 0.000, infer 101.1 ms
2026-04-04 18:07:35,492 [INFO] FPS 8.4, detections 0, persons 0, locked False, yaw_cmd 0.000, infer 93.5 ms
2026-04-04 18:07:36,587 [INFO] FPS 9.1, detections 1, persons 1, locked False, yaw_cmd 0.000, infer 97.6 ms
2026-04-04 18:07:37,600 [INFO] FPS 8.9, detections 1, persons 1, locked False, yaw_cmd 0.000, infer 106.2 ms
2026-04-04 18:07:38,672 [INFO] FPS 8.4, detections 2, persons 1, locked False, yaw_cmd 0.000, infer 112.7 ms
2026-04-04 18:07:39,747 [INFO] FPS 8.4, detections 1, persons 1, locked False, yaw_cmd 0.000, infer 103.9 ms
2026-04-04 18:07:40,834 [INFO] FPS 8.3, detections 1, persons 1, locked False, yaw_cmd 0.000, infer 119.6 ms
2026-04-04 18:07:41,943 [INFO] FPS 8.1, detections 2, persons 1, locked False, yaw_cmd 0.000, infer 106.3 ms
2026-04-04 18:07:42,958 [INFO] FPS 8.9, detections 1, persons 1, locked False, yaw_cmd 0.000, infer 93.1 ms
2026-04-04 18:07:44,059 [INFO] FPS 9.1, detections 2, persons 1, locked False, yaw_cmd 0.000, infer 94.5 ms
2026-04-04 18:07:45,064 [INFO] FPS 9.0, detections 3, persons 1, locked False, yaw_cmd 0.000, infer 97.1 ms
2026-04-04 18:07:46,117 [INFO] FPS 8.5, detections 2, persons 1, locked False, yaw_cmd 0.000, infer 95.0 ms
2026-04-04 18:07:46,838 [INFO] 127.0.0.1 - - [04/Apr/2026 18:07:46] "POST /select_target HTTP/1.1" 200 -
2026-04-04 18:07:47,174 [INFO] FPS 8.5, detections 1, persons 1, locked False, yaw_cmd 0.000, infer 93.5 ms
2026-04-04 18:07:48,188 [INFO] FPS 8.9, detections 1, persons 1, locked False, yaw_cmd 0.000, infer 103.3 ms
2026-04-04 18:07:49,206 [INFO] FPS 8.8, detections 1, persons 1, locked False, yaw_cmd 0.000, infer 97.7 ms
2026-04-04 18:07:49,435 [INFO] 127.0.0.1 - - [04/Apr/2026 18:07:49] "POST /select_target HTTP/1.1" 200 -
2026-04-04 18:07:49,907 [INFO] 127.0.0.1 - - [04/Apr/2026 18:07:49] "POST /select_target HTTP/1.1" 200 -
2026-04-04 18:07:50,208 [INFO] FPS 8.0, detections 1, persons 1, locked False, yaw_cmd 0.000, infer 120.7 ms
2026-04-04 18:07:51,279 [INFO] FPS 8.4, detections 1, persons 1, locked False, yaw_cmd 0.000, infer 109.0 ms
2026-04-04 18:07:52,333 [INFO] FPS 8.5, detections 2, persons 1, locked False, yaw_cmd 0.000, infer 123.1 ms
2026-04-04 18:07:53,423 [INFO] FPS 8.3, detections 1, persons 1, locked False, yaw_cmd 0.000, infer 97.9 ms
2026-04-04 18:07:54,522 [INFO] FPS 9.1, detections 2, persons 1, locked False, yaw_cmd 0.000, infer 96.9 ms
2026-04-04 18:07:55,620 [INFO] FPS 9.1, detections 2, persons 1, locked False, yaw_cmd 0.000, infer 94.5 ms
2026-04-04 18:07:56,688 [INFO] FPS 9.4, detections 2, persons 1, locked False, yaw_cmd 0.000, infer 94.0 ms
2026-04-04 18:07:57,697 [INFO] FPS 8.9, detections 1, persons 1, locked False, yaw_cmd 0.000, infer 128.4 ms
2026-04-04 18:07:58,703 [INFO] FPS 9.0, detections 2, persons 1, locked False, yaw_cmd 0.000, infer 118.8 ms
2026-04-04 18:07:59,713 [INFO] 127.0.0.1 - - [04/Apr/2026 18:07:59] "POST /select_target HTTP/1.1" 200 -
2026-04-04 18:07:59,786 [INFO] FPS 8.3, detections 1, persons 1, locked False, yaw_cmd 0.000, infer 109.3 ms
2026-04-04 18:08:00,304 [INFO] 127.0.0.1 - - [04/Apr/2026 18:08:00] "POST /select_target HTTP/1.1" 200 -
2026-04-04 18:08:00,866 [INFO] FPS 8.3, detections 1, persons 1, locked False, yaw_cmd 0.000, infer 97.0 ms
2026-04-04 18:08:01,938 [INFO] FPS 8.4, detections 1, persons 1, locked False, yaw_cmd 0.000, infer 102.0 ms
2026-04-04 18:08:02,081 [INFO] 127.0.0.1 - - [04/Apr/2026 18:08:02] "POST /select_target HTTP/1.1" 200 -
2026-04-04 18:08:02,344 [INFO] 127.0.0.1 - - [04/Apr/2026 18:08:02] "POST /select_target HTTP/1.1" 200 -
2026-04-04 18:08:02,995 [INFO] FPS 8.5, detections 2, persons 1, locked False, yaw_cmd 0.000, infer 111.7 ms
2026-04-04 18:08:03,279 [INFO] 127.0.0.1 - - [04/Apr/2026 18:08:03] "POST /select_target HTTP/1.1" 200 -
2026-04-04 18:08:04,062 [INFO] FPS 8.4, detections 1, persons 1, locked False, yaw_cmd 0.000, infer 105.5 ms
2026-04-04 18:08:05,136 [INFO] FPS 9.3, detections 1, persons 1, locked False, yaw_cmd 0.000, infer 103.4 ms
2026-04-04 18:08:06,227 [INFO] FPS 9.2, detections 1, persons 1, locked False, yaw_cmd 0.000, infer 92.1 ms
2026-04-04 18:08:07,051 [INFO] 127.0.0.1 - - [04/Apr/2026 18:08:07] "POST /select_target HTTP/1.1" 200 -
2026-04-04 18:08:07,241 [INFO] FPS 8.9, detections 1, persons 1, locked False, yaw_cmd 0.000, infer 109.2 ms
2026-04-04 18:08:08,337 [INFO] FPS 9.1, detections 1, persons 1, locked False, yaw_cmd 0.000, infer 94.5 ms
2026-04-04 18:08:08,747 [INFO] 127.0.0.1 - - [04/Apr/2026 18:08:08] "POST /select_target HTTP/1.1" 200 -
2026-04-04 18:08:09,388 [INFO] FPS 8.6, detections 1, persons 1, locked False, yaw_cmd 0.000, infer 111.5 ms
2026-04-04 18:08:10,475 [INFO] FPS 8.3, detections 1, persons 1, locked False, yaw_cmd 0.000, infer 111.6 ms
2026-04-04 18:08:11,533 [INFO] FPS 7.6, detections 1, persons 1, locked False, yaw_cmd 0.000, infer 113.8 ms
2026-04-04 18:08:12,545 [INFO] FPS 7.9, detections 1, persons 1, locked False, yaw_cmd 0.000, infer 114.2 ms
2026-04-04 18:08:13,580 [INFO] FPS 7.7, detections 1, persons 1, locked False, yaw_cmd 0.000, infer 108.5 ms
2026-04-04 18:08:14,607 [INFO] FPS 7.8, detections 1, persons 1, locked False, yaw_cmd 0.000, infer 130.4 ms
2026-04-04 18:08:15,630 [INFO] FPS 7.8, detections 1, persons 1, locked False, yaw_cmd 0.000, infer 113.3 ms
2026-04-04 18:08:16,680 [INFO] FPS 7.6, detections 1, persons 1, locked False, yaw_cmd 0.000, infer 111.3 ms
2026-04-04 18:08:17,686 [INFO] 127.0.0.1 - - [04/Apr/2026 18:08:17] "POST /select_target HTTP/1.1" 200 -
2026-04-04 18:08:17,703 [INFO] FPS 7.8, detections 1, persons 1, locked True, yaw_cmd 0.091, infer 113.5 ms
2026-04-04 18:08:18,770 [INFO] FPS 7.5, detections 1, persons 1, locked False, yaw_cmd 0.000, infer 111.8 ms
2026-04-04 18:08:19,773 [INFO] FPS 8.0, detections 1, persons 1, locked False, yaw_cmd 0.000, infer 117.4 ms
2026-04-04 18:08:20,814 [INFO] FPS 7.7, detections 1, persons 1, locked False, yaw_cmd 0.000, infer 109.1 ms
2026-04-04 18:08:21,077 [INFO] 127.0.0.1 - - [04/Apr/2026 18:08:21] "POST /select_target HTTP/1.1" 200 -
2026-04-04 18:08:21,820 [INFO] FPS 8.0, detections 1, persons 1, locked False, yaw_cmd 0.000, infer 114.3 ms
2026-04-04 18:08:22,859 [INFO] FPS 7.7, detections 1, persons 1, locked False, yaw_cmd 0.000, infer 134.9 ms
2026-04-04 18:08:23,213 [INFO] 127.0.0.1 - - [04/Apr/2026 18:08:23] "POST /select_target HTTP/1.1" 200 -
2026-04-04 18:08:23,905 [INFO] FPS 7.6, detections 1, persons 1, locked False, yaw_cmd 0.000, infer 121.2 ms
2026-04-04 18:08:24,380 [INFO] 127.0.0.1 - - [04/Apr/2026 18:08:24] "POST /select_target HTTP/1.1" 200 -
2026-04-04 18:08:24,994 [INFO] FPS 7.3, detections 1, persons 1, locked False, yaw_cmd 0.000, infer 114.8 ms
2026-04-04 18:08:25,305 [INFO] 127.0.0.1 - - [04/Apr/2026 18:08:25] "POST /select_target HTTP/1.1" 200 -
2026-04-04 18:08:26,029 [INFO] FPS 7.7, detections 1, persons 1, locked False, yaw_cmd 0.000, infer 117.4 ms
2026-04-04 18:08:26,164 [INFO] 127.0.0.1 - - [04/Apr/2026 18:08:26] "POST /select_target HTTP/1.1" 200 -
2026-04-04 18:08:27,100 [INFO] FPS 7.5, detections 1, persons 1, locked False, yaw_cmd 0.000, infer 111.0 ms
2026-04-04 18:08:27,125 [INFO] 127.0.0.1 - - [04/Apr/2026 18:08:27] "POST /select_target HTTP/1.1" 200 -
2026-04-04 18:08:27,978 [INFO] 127.0.0.1 - - [04/Apr/2026 18:08:27] "POST /select_target HTTP/1.1" 200 -
2026-04-04 18:08:28,122 [INFO] FPS 7.8, detections 1, persons 1, locked False, yaw_cmd 0.000, infer 109.4 ms
2026-04-04 18:08:28,712 [INFO] 127.0.0.1 - - [04/Apr/2026 18:08:28] "POST /select_target HTTP/1.1" 200 -
2026-04-04 18:08:29,152 [INFO] FPS 7.8, detections 1, persons 1, locked False, yaw_cmd 0.000, infer 115.2 ms
2026-04-04 18:08:29,440 [INFO] 127.0.0.1 - - [04/Apr/2026 18:08:29] "POST /select_target HTTP/1.1" 200 -
2026-04-04 18:08:30,190 [INFO] FPS 7.7, detections 1, persons 1, locked False, yaw_cmd 0.000, infer 123.5 ms
2026-04-04 18:08:30,217 [INFO] 127.0.0.1 - - [04/Apr/2026 18:08:30] "POST /select_target HTTP/1.1" 200 -
2026-04-04 18:08:31,046 [INFO] 127.0.0.1 - - [04/Apr/2026 18:08:31] "POST /select_target HTTP/1.1" 200 -
2026-04-04 18:08:31,192 [INFO] FPS 8.0, detections 1, persons 1, locked False, yaw_cmd 0.000, infer 125.7 ms
2026-04-04 18:08:31,812 [INFO] 127.0.0.1 - - [04/Apr/2026 18:08:31] "POST /select_target HTTP/1.1" 200 -
2026-04-04 18:08:32,208 [INFO] FPS 7.9, detections 1, persons 1, locked False, yaw_cmd 0.000, infer 121.2 ms
2026-04-04 18:08:32,463 [INFO] 127.0.0.1 - - [04/Apr/2026 18:08:32] "POST /select_target HTTP/1.1" 200 -
2026-04-04 18:08:33,171 [INFO] 127.0.0.1 - - [04/Apr/2026 18:08:33] "POST /select_target HTTP/1.1" 200 -
2026-04-04 18:08:33,248 [INFO] FPS 7.7, detections 1, persons 1, locked True, yaw_cmd 0.120, infer 122.0 ms
2026-04-04 18:08:34,367 [INFO] FPS 8.0, detections 1, persons 1, locked False, yaw_cmd 0.000, infer 109.6 ms
2026-04-04 18:08:35,093 [INFO] 127.0.0.1 - - [04/Apr/2026 18:08:35] "POST /select_target HTTP/1.1" 200 -
2026-04-04 18:08:35,444 [INFO] FPS 7.4, detections 1, persons 1, locked False, yaw_cmd 0.000, infer 113.6 ms
2026-04-04 18:08:36,551 [INFO] FPS 8.1, detections 1, persons 1, locked False, yaw_cmd 0.000, infer 110.6 ms
2026-04-04 18:08:36,707 [INFO] 127.0.0.1 - - [04/Apr/2026 18:08:36] "POST /select_target HTTP/1.1" 200 -
2026-04-04 18:08:37,616 [INFO] FPS 7.5, detections 1, persons 1, locked False, yaw_cmd 0.000, infer 113.7 ms
2026-04-04 18:08:38,078 [INFO] 127.0.0.1 - - [04/Apr/2026 18:08:38] "POST /select_target HTTP/1.1" 200 -
2026-04-04 18:08:38,703 [INFO] FPS 7.4, detections 1, persons 1, locked False, yaw_cmd 0.000, infer 115.5 ms
2026-04-04 18:08:39,057 [INFO] 127.0.0.1 - - [04/Apr/2026 18:08:39] "POST /select_target HTTP/1.1" 200 -
2026-04-04 18:08:39,781 [INFO] FPS 7.4, detections 2, persons 1, locked False, yaw_cmd 0.000, infer 124.2 ms
2026-04-04 18:08:40,890 [INFO] FPS 8.1, detections 1, persons 1, locked False, yaw_cmd 0.000, infer 107.5 ms
2026-04-04 18:08:42,007 [INFO] FPS 8.1, detections 1, persons 1, locked False, yaw_cmd 0.000, infer 111.9 ms
2026-04-04 18:08:43,125 [INFO] FPS 7.2, detections 0, persons 0, locked False, yaw_cmd 0.000, infer 121.6 ms
2026-04-04 18:08:44,254 [INFO] FPS 8.0, detections 0, persons 0, locked False, yaw_cmd 0.000, infer 128.8 ms
2026-04-04 18:08:45,305 [INFO] FPS 7.6, detections 1, persons 0, locked False, yaw_cmd 0.000, infer 128.8 ms
2026-04-04 18:08:46,341 [INFO] FPS 7.7, detections 0, persons 0, locked False, yaw_cmd 0.000, infer 148.7 ms
2026-04-04 18:08:47,461 [INFO] FPS 8.0, detections 1, persons 0, locked False, yaw_cmd 0.000, infer 109.6 ms
2026-04-04 18:08:48,529 [INFO] FPS 8.4, detections 0, persons 0, locked False, yaw_cmd 0.000, infer 108.5 ms
2026-04-04 18:08:49,639 [INFO] FPS 8.1, detections 1, persons 0, locked False, yaw_cmd 0.000, infer 110.1 ms
2026-04-04 18:08:50,740 [INFO] FPS 8.2, detections 1, persons 1, locked False, yaw_cmd 0.000, infer 109.9 ms
2026-04-04 18:08:51,855 [INFO] FPS 8.1, detections 0, persons 0, locked False, yaw_cmd 0.000, infer 113.6 ms
2026-04-04 18:08:52,998 [INFO] FPS 7.9, detections 0, persons 0, locked False, yaw_cmd 0.000, infer 141.2 ms
2026-04-04 18:08:54,079 [INFO] FPS 8.3, detections 0, persons 0, locked False, yaw_cmd 0.000, infer 100.1 ms
2026-04-04 18:08:55,100 [INFO] FPS 7.8, detections 1, persons 0, locked False, yaw_cmd 0.000, infer 99.2 ms
2026-04-04 18:08:56,101 [INFO] FPS 8.0, detections 0, persons 0, locked False, yaw_cmd 0.000, infer 113.8 ms
2026-04-04 18:08:57,177 [INFO] FPS 8.4, detections 1, persons 0, locked False, yaw_cmd 0.000, infer 99.1 ms
2026-04-04 18:08:58,285 [INFO] FPS 8.1, detections 0, persons 0, locked False, yaw_cmd 0.000, infer 113.1 ms
2026-04-04 18:08:59,398 [INFO] FPS 8.1, detections 1, persons 0, locked False, yaw_cmd 0.000, infer 115.3 ms
2026-04-04 18:09:00,485 [INFO] FPS 8.3, detections 1, persons 0, locked False, yaw_cmd 0.000, infer 117.7 ms
2026-04-04 18:09:01,588 [INFO] FPS 8.2, detections 1, persons 0, locked False, yaw_cmd 0.000, infer 98.7 ms
2026-04-04 18:09:02,683 [INFO] FPS 8.2, detections 1, persons 0, locked False, yaw_cmd 0.000, infer 98.0 ms
2026-04-04 18:09:03,764 [INFO] FPS 8.3, detections 1, persons 0, locked False, yaw_cmd 0.000, infer 103.3 ms
2026-04-04 18:09:04,806 [INFO] FPS 8.6, detections 0, persons 0, locked False, yaw_cmd 0.000, infer 115.7 ms
2026-04-04 18:09:05,914 [INFO] FPS 8.1, detections 1, persons 0, locked False, yaw_cmd 0.000, infer 97.4 ms
2026-04-04 18:09:07,005 [INFO] FPS 9.2, detections 1, persons 0, locked False, yaw_cmd 0.000, infer 96.0 ms
2026-04-04 18:09:08,122 [INFO] FPS 9.0, detections 0, persons 0, locked False, yaw_cmd 0.000, infer 112.0 ms
2026-04-04 18:09:09,137 [INFO] FPS 8.9, detections 0, persons 0, locked False, yaw_cmd 0.000, infer 91.8 ms
2026-04-04 18:09:10,165 [INFO] FPS 8.8, detections 1, persons 0, locked False, yaw_cmd 0.000, infer 92.0 ms
2026-04-04 18:09:11,167 [INFO] FPS 9.0, detections 1, persons 0, locked False, yaw_cmd 0.000, infer 97.1 ms
2026-04-04 18:09:12,280 [INFO] FPS 8.1, detections 1, persons 0, locked False, yaw_cmd 0.000, infer 117.4 ms
2026-04-04 18:09:13,348 [INFO] FPS 7.5, detections 1, persons 0, locked False, yaw_cmd 0.000, infer 109.9 ms
2026-04-04 18:09:14,465 [INFO] FPS 8.1, detections 0, persons 0, locked False, yaw_cmd 0.000, infer 139.5 ms
2026-04-04 18:09:15,548 [INFO] FPS 8.3, detections 0, persons 0, locked False, yaw_cmd 0.000, infer 109.5 ms
2026-04-04 18:09:16,552 [INFO] FPS 8.0, detections 0, persons 0, locked False, yaw_cmd 0.000, infer 112.4 ms
2026-04-04 18:09:17,613 [INFO] FPS 8.5, detections 1, persons 0, locked False, yaw_cmd 0.000, infer 105.1 ms
2026-04-04 18:09:18,716 [INFO] FPS 8.2, detections 0, persons 0, locked False, yaw_cmd 0.000, infer 94.6 ms
2026-04-04 18:09:19,724 [INFO] FPS 7.9, detections 1, persons 0, locked False, yaw_cmd 0.000, infer 120.5 ms
2026-04-04 18:09:20,798 [INFO] FPS 8.4, detections 0, persons 0, locked False, yaw_cmd 0.000, infer 115.8 ms
2026-04-04 18:09:21,874 [INFO] FPS 8.4, detections 1, persons 0, locked False, yaw_cmd 0.000, infer 112.9 ms
2026-04-04 18:09:22,952 [INFO] FPS 8.3, detections 1, persons 0, locked False, yaw_cmd 0.000, infer 114.6 ms
2026-04-04 18:09:24,058 [INFO] FPS 8.1, detections 1, persons 0, locked False, yaw_cmd 0.000, infer 112.4 ms
2026-04-04 18:09:25,147 [INFO] FPS 8.3, detections 1, persons 0, locked False, yaw_cmd 0.000, infer 101.5 ms
2026-04-04 18:09:26,240 [INFO] FPS 8.2, detections 1, persons 0, locked False, yaw_cmd 0.000, infer 108.4 ms
2026-04-04 18:09:27,325 [INFO] FPS 8.3, detections 0, persons 0, locked False, yaw_cmd 0.000, infer 114.9 ms
2026-04-04 18:09:28,411 [INFO] FPS 7.4, detections 1, persons 0, locked False, yaw_cmd 0.000, infer 121.4 ms
2026-04-04 18:20:45,601 [INFO] YOLO stream program started
2026-04-04 18:20:45,668 [INFO] YOLO model loaded: yolo11n.pt
2026-04-04 18:20:45,669 [INFO] Starting RealSense pipeline
2026-04-04 18:20:45,669 [INFO] Streaming on http://0.0.0.0:8000/stream
2026-04-04 18:20:46,040 [INFO] align created: True
2026-04-04 18:20:46,040 [INFO] RealSense pipeline started successfully
2026-04-04 18:20:46,047 [INFO] [31m[1mWARNING: This is a development server. Do not use it in a production deployment. Use a production WSGI server instead.[0m
 * Running on all addresses (0.0.0.0)
 * Running on http://127.0.0.1:8000
 * Running on http://10.0.0.105:8000
2026-04-04 18:20:46,047 [INFO] [33mPress CTRL+C to quit[0m
2026-04-04 18:20:46,846 [INFO] FPS 0.8, detections 0, persons 0, locked False, yaw_cmd 0.000, infer 170.2 ms
2026-04-04 18:20:47,802 [INFO] 127.0.0.1 - - [04/Apr/2026 18:20:47] "GET / HTTP/1.1" 200 -
2026-04-04 18:20:47,854 [INFO] MJPEG stream client connected
2026-04-04 18:20:47,854 [INFO] 127.0.0.1 - - [04/Apr/2026 18:20:47] "GET /stream HTTP/1.1" 200 -
2026-04-04 18:20:47,959 [INFO] FPS 9.0, detections 0, persons 0, locked False, yaw_cmd 0.000, infer 115.3 ms
2026-04-04 18:20:49,001 [INFO] FPS 7.7, detections 1, persons 1, locked False, yaw_cmd 0.000, infer 114.4 ms
2026-04-04 18:20:50,074 [INFO] FPS 7.5, detections 1, persons 1, locked False, yaw_cmd 0.000, infer 128.3 ms
2026-04-04 18:20:51,187 [INFO] FPS 8.1, detections 1, persons 1, locked False, yaw_cmd 0.000, infer 107.3 ms
2026-04-04 18:20:52,228 [INFO] FPS 7.7, detections 0, persons 0, locked False, yaw_cmd 0.000, infer 120.4 ms
2026-04-04 18:20:53,266 [INFO] FPS 7.7, detections 0, persons 0, locked False, yaw_cmd 0.000, infer 114.2 ms
2026-04-04 18:20:54,357 [INFO] FPS 7.3, detections 2, persons 2, locked False, yaw_cmd 0.000, infer 117.3 ms
2026-04-04 18:20:55,456 [INFO] FPS 7.3, detections 1, persons 1, locked False, yaw_cmd 0.000, infer 130.6 ms
2026-04-04 18:20:56,499 [INFO] FPS 7.7, detections 0, persons 0, locked False, yaw_cmd 0.000, infer 128.3 ms
2026-04-04 18:20:57,630 [INFO] FPS 8.0, detections 0, persons 0, locked False, yaw_cmd 0.000, infer 131.4 ms
2026-04-04 18:20:58,664 [INFO] FPS 7.7, detections 1, persons 1, locked False, yaw_cmd 0.000, infer 135.9 ms
2026-04-04 18:20:59,756 [INFO] FPS 7.3, detections 1, persons 1, locked False, yaw_cmd 0.000, infer 116.1 ms
2026-04-04 18:21:00,858 [INFO] FPS 7.3, detections 0, persons 0, locked False, yaw_cmd 0.000, infer 121.6 ms
2026-04-04 18:21:01,892 [INFO] FPS 7.7, detections 0, persons 0, locked False, yaw_cmd 0.000, infer 119.8 ms
2026-04-04 18:21:02,907 [INFO] FPS 7.9, detections 0, persons 0, locked False, yaw_cmd 0.000, infer 112.5 ms
2026-04-04 18:21:03,917 [INFO] FPS 7.9, detections 0, persons 0, locked False, yaw_cmd 0.000, infer 136.5 ms
2026-04-04 18:21:04,993 [INFO] FPS 8.4, detections 0, persons 0, locked False, yaw_cmd 0.000, infer 107.5 ms
2026-04-04 18:21:06,091 [INFO] FPS 8.2, detections 0, persons 0, locked False, yaw_cmd 0.000, infer 108.1 ms
2026-04-04 18:21:07,209 [INFO] FPS 8.0, detections 0, persons 0, locked False, yaw_cmd 0.000, infer 109.8 ms
2026-04-04 18:21:08,211 [INFO] FPS 8.0, detections 0, persons 0, locked False, yaw_cmd 0.000, infer 115.3 ms
2026-04-04 18:21:09,284 [INFO] FPS 7.5, detections 1, persons 1, locked False, yaw_cmd 0.000, infer 129.7 ms
2026-04-04 18:21:10,383 [INFO] FPS 7.3, detections 1, persons 1, locked False, yaw_cmd 0.000, infer 137.8 ms
2026-04-04 18:21:11,472 [INFO] FPS 7.4, detections 1, persons 1, locked False, yaw_cmd 0.000, infer 127.9 ms
2026-04-04 18:21:12,094 [INFO] 127.0.0.1 - - [04/Apr/2026 18:21:12] "POST /select_target HTTP/1.1" 200 -
2026-04-04 18:21:12,552 [INFO] FPS 7.4, detections 1, persons 1, locked False, yaw_cmd 0.000, infer 132.2 ms
2026-04-04 18:21:13,594 [INFO] FPS 7.7, detections 1, persons 1, locked False, yaw_cmd 0.000, infer 133.8 ms
2026-04-04 18:21:14,437 [INFO] 127.0.0.1 - - [04/Apr/2026 18:21:14] "POST /select_target HTTP/1.1" 200 -
2026-04-04 18:21:14,688 [INFO] FPS 7.3, detections 1, persons 1, locked False, yaw_cmd 0.000, infer 124.5 ms
2026-04-04 18:21:15,742 [INFO] FPS 7.6, detections 1, persons 1, locked False, yaw_cmd 0.000, infer 119.0 ms
2026-04-04 18:21:16,108 [INFO] 127.0.0.1 - - [04/Apr/2026 18:21:16] "POST /select_target HTTP/1.1" 200 -
2026-04-04 18:21:16,847 [INFO] FPS 7.2, detections 1, persons 1, locked False, yaw_cmd 0.000, infer 129.6 ms
2026-04-04 18:21:17,055 [INFO] 127.0.0.1 - - [04/Apr/2026 18:21:17] "POST /select_target HTTP/1.1" 200 -
2026-04-04 18:21:17,862 [INFO] FPS 6.9, detections 1, persons 1, locked False, yaw_cmd 0.000, infer 134.9 ms
2026-04-04 18:21:17,875 [INFO] 127.0.0.1 - - [04/Apr/2026 18:21:17] "POST /select_target HTTP/1.1" 200 -
2026-04-04 18:21:18,631 [INFO] 127.0.0.1 - - [04/Apr/2026 18:21:18] "POST /select_target HTTP/1.1" 200 -
2026-04-04 18:21:18,908 [INFO] FPS 7.7, detections 1, persons 1, locked False, yaw_cmd 0.000, infer 110.1 ms
2026-04-04 18:21:19,479 [INFO] 127.0.0.1 - - [04/Apr/2026 18:21:19] "POST /select_target HTTP/1.1" 200 -
2026-04-04 18:21:19,985 [INFO] FPS 7.4, detections 1, persons 1, locked False, yaw_cmd 0.000, infer 137.5 ms
2026-04-04 18:21:20,209 [INFO] 127.0.0.1 - - [04/Apr/2026 18:21:20] "POST /select_target HTTP/1.1" 200 -
2026-04-04 18:21:20,927 [INFO] 127.0.0.1 - - [04/Apr/2026 18:21:20] "POST /select_target HTTP/1.1" 200 -
2026-04-04 18:21:21,023 [INFO] FPS 7.7, detections 1, persons 1, locked True, yaw_cmd 0.120, infer 113.1 ms
2026-04-04 18:21:21,559 [INFO] 127.0.0.1 - - [04/Apr/2026 18:21:21] "POST /select_target HTTP/1.1" 200 -
2026-04-04 18:21:22,057 [INFO] FPS 7.7, detections 1, persons 1, locked False, yaw_cmd 0.000, infer 121.1 ms
2026-04-04 18:21:22,386 [INFO] 127.0.0.1 - - [04/Apr/2026 18:21:22] "POST /select_target HTTP/1.1" 200 -
2026-04-04 18:21:23,021 [INFO] 127.0.0.1 - - [04/Apr/2026 18:21:23] "POST /select_target HTTP/1.1" 200 -
2026-04-04 18:21:23,057 [INFO] FPS 7.0, detections 1, persons 1, locked True, yaw_cmd 0.120, infer 173.1 ms
2026-04-04 18:21:23,666 [INFO] 127.0.0.1 - - [04/Apr/2026 18:21:23] "POST /select_target HTTP/1.1" 200 -
2026-04-04 18:21:24,112 [INFO] FPS 7.6, detections 1, persons 1, locked False, yaw_cmd 0.000, infer 122.9 ms
2026-04-04 18:21:25,171 [INFO] FPS 7.6, detections 1, persons 1, locked False, yaw_cmd 0.000, infer 144.1 ms
2026-04-04 18:21:26,177 [INFO] FPS 8.0, detections 1, persons 1, locked False, yaw_cmd 0.000, infer 129.5 ms
2026-04-04 18:21:27,188 [INFO] FPS 7.9, detections 0, persons 0, locked False, yaw_cmd 0.000, infer 133.9 ms
2026-04-04 18:21:28,221 [INFO] FPS 7.7, detections 1, persons 0, locked False, yaw_cmd 0.000, infer 133.0 ms
2026-04-04 18:21:29,281 [INFO] FPS 7.5, detections 0, persons 0, locked False, yaw_cmd 0.000, infer 149.1 ms
2026-04-04 18:21:30,288 [INFO] FPS 6.9, detections 0, persons 0, locked False, yaw_cmd 0.000, infer 97.7 ms
2026-04-04 18:21:31,426 [INFO] FPS 7.9, detections 0, persons 0, locked False, yaw_cmd 0.000, infer 135.2 ms
2026-04-04 18:21:32,547 [INFO] FPS 8.0, detections 0, persons 0, locked False, yaw_cmd 0.000, infer 121.8 ms
2026-04-04 18:21:33,548 [INFO] FPS 8.0, detections 0, persons 0, locked False, yaw_cmd 0.000, infer 102.8 ms
2026-04-04 18:21:34,665 [INFO] FPS 7.2, detections 1, persons 1, locked False, yaw_cmd 0.000, infer 125.8 ms
2026-04-04 18:21:35,702 [INFO] FPS 6.8, detections 1, persons 1, locked False, yaw_cmd 0.000, infer 138.0 ms
2026-04-04 18:21:36,773 [INFO] FPS 7.5, detections 0, persons 0, locked False, yaw_cmd 0.000, infer 158.3 ms
2026-04-04 18:21:37,830 [INFO] FPS 7.6, detections 0, persons 0, locked False, yaw_cmd 0.000, infer 133.2 ms
2026-04-04 18:21:38,895 [INFO] FPS 7.5, detections 0, persons 0, locked False, yaw_cmd 0.000, infer 121.7 ms
2026-04-04 18:21:39,939 [INFO] FPS 7.7, detections 0, persons 0, locked False, yaw_cmd 0.000, infer 110.2 ms
2026-04-04 18:21:40,987 [INFO] FPS 7.6, detections 0, persons 0, locked False, yaw_cmd 0.000, infer 103.9 ms
2026-04-04 18:21:42,074 [INFO] FPS 7.4, detections 0, persons 0, locked False, yaw_cmd 0.000, infer 115.3 ms
2026-04-04 18:21:43,130 [INFO] FPS 7.6, detections 0, persons 0, locked False, yaw_cmd 0.000, infer 115.9 ms
2026-04-04 18:21:44,220 [INFO] FPS 7.3, detections 0, persons 0, locked False, yaw_cmd 0.000, infer 140.5 ms
2026-04-04 18:21:45,287 [INFO] FPS 7.5, detections 0, persons 0, locked False, yaw_cmd 0.000, infer 105.7 ms
2026-04-04 18:21:46,335 [INFO] FPS 7.6, detections 0, persons 0, locked False, yaw_cmd 0.000, infer 108.7 ms
2026-04-04 18:21:47,373 [INFO] FPS 7.7, detections 0, persons 0, locked False, yaw_cmd 0.000, infer 104.8 ms
2026-04-04 18:21:48,395 [INFO] FPS 7.8, detections 0, persons 0, locked False, yaw_cmd 0.000, infer 119.5 ms
2026-04-04 18:21:49,512 [INFO] FPS 7.2, detections 0, persons 0, locked False, yaw_cmd 0.000, infer 128.3 ms
2026-04-04 18:21:50,559 [INFO] FPS 7.6, detections 0, persons 0, locked False, yaw_cmd 0.000, infer 120.6 ms
2026-04-04 18:21:51,645 [INFO] FPS 7.4, detections 0, persons 0, locked False, yaw_cmd 0.000, infer 122.3 ms
2026-04-04 18:21:52,771 [INFO] FPS 8.0, detections 0, persons 0, locked False, yaw_cmd 0.000, infer 118.6 ms
2026-04-04 18:21:53,873 [INFO] FPS 8.2, detections 0, persons 0, locked False, yaw_cmd 0.000, infer 92.9 ms
2026-04-04 18:21:54,895 [INFO] FPS 8.8, detections 0, persons 0, locked False, yaw_cmd 0.000, infer 95.4 ms
2026-04-04 18:21:55,982 [INFO] FPS 8.3, detections 0, persons 0, locked False, yaw_cmd 0.000, infer 123.3 ms
2026-04-04 18:21:56,983 [INFO] FPS 8.0, detections 0, persons 0, locked False, yaw_cmd 0.000, infer 94.8 ms
2026-04-04 18:21:58,083 [INFO] FPS 8.2, detections 0, persons 0, locked False, yaw_cmd 0.000, infer 101.0 ms
2026-04-04 18:21:59,089 [INFO] FPS 8.0, detections 0, persons 0, locked False, yaw_cmd 0.000, infer 124.9 ms
2026-04-04 18:22:00,152 [INFO] FPS 7.5, detections 0, persons 0, locked False, yaw_cmd 0.000, infer 151.0 ms
2026-04-04 18:22:01,175 [INFO] FPS 7.8, detections 0, persons 0, locked False, yaw_cmd 0.000, infer 113.4 ms
2026-04-04 18:22:02,189 [INFO] FPS 8.9, detections 0, persons 0, locked False, yaw_cmd 0.000, infer 110.7 ms
2026-04-04 18:22:03,264 [INFO] FPS 7.4, detections 0, persons 0, locked False, yaw_cmd 0.000, infer 115.4 ms
2026-04-04 18:22:04,384 [INFO] FPS 8.0, detections 0, persons 0, locked False, yaw_cmd 0.000, infer 127.0 ms
2026-04-04 18:22:05,394 [INFO] FPS 7.9, detections 0, persons 0, locked False, yaw_cmd 0.000, infer 127.4 ms
2026-04-04 18:22:06,512 [INFO] FPS 8.1, detections 0, persons 0, locked False, yaw_cmd 0.000, infer 118.8 ms
2026-04-04 18:22:07,530 [INFO] FPS 7.9, detections 0, persons 0, locked False, yaw_cmd 0.000, infer 98.8 ms
2026-04-04 18:22:08,538 [INFO] FPS 7.9, detections 0, persons 0, locked False, yaw_cmd 0.000, infer 129.4 ms
2026-04-04 18:22:09,668 [INFO] FPS 8.0, detections 0, persons 0, locked False, yaw_cmd 0.000, infer 120.9 ms
2026-04-04 18:22:10,802 [INFO] FPS 7.9, detections 0, persons 0, locked False, yaw_cmd 0.000, infer 133.0 ms
2026-04-04 18:22:11,819 [INFO] FPS 7.9, detections 0, persons 0, locked False, yaw_cmd 0.000, infer 127.8 ms
2026-04-04 18:22:12,842 [INFO] FPS 8.8, detections 0, persons 0, locked False, yaw_cmd 0.000, infer 111.0 ms
2026-04-04 18:22:13,535 [INFO] 127.0.0.1 - - [04/Apr/2026 18:22:13] "POST /select_target HTTP/1.1" 200 -
2026-04-04 18:22:13,849 [INFO] FPS 7.9, detections 0, persons 0, locked False, yaw_cmd 0.000, infer 113.1 ms
2026-04-04 18:22:14,921 [INFO] FPS 9.3, detections 0, persons 0, locked False, yaw_cmd 0.000, infer 96.8 ms
2026-04-04 18:22:15,979 [INFO] FPS 9.4, detections 0, persons 0, locked False, yaw_cmd 0.000, infer 91.8 ms
2026-04-04 18:22:17,088 [INFO] FPS 9.0, detections 1, persons 1, locked False, yaw_cmd 0.000, infer 104.0 ms
2026-04-04 18:22:18,122 [INFO] FPS 8.7, detections 1, persons 1, locked False, yaw_cmd 0.000, infer 95.8 ms
2026-04-04 18:22:19,202 [INFO] FPS 8.3, detections 0, persons 0, locked False, yaw_cmd 0.000, infer 93.7 ms
2026-04-04 18:22:20,302 [INFO] FPS 9.1, detections 1, persons 1, locked False, yaw_cmd 0.000, infer 91.8 ms
2026-04-04 18:22:21,303 [INFO] FPS 9.0, detections 1, persons 1, locked False, yaw_cmd 0.000, infer 98.1 ms
2026-04-04 18:22:22,316 [INFO] FPS 8.9, detections 1, persons 1, locked False, yaw_cmd 0.000, infer 94.2 ms
2026-04-04 18:22:23,447 [INFO] FPS 8.8, detections 1, persons 1, locked False, yaw_cmd 0.000, infer 130.8 ms
2026-04-04 18:22:24,546 [INFO] FPS 9.1, detections 1, persons 1, locked False, yaw_cmd 0.000, infer 95.9 ms
2026-04-04 18:22:25,618 [INFO] FPS 8.4, detections 1, persons 1, locked False, yaw_cmd 0.000, infer 97.0 ms
2026-04-04 18:22:25,951 [INFO] 127.0.0.1 - - [04/Apr/2026 18:22:25] "POST /select_target HTTP/1.1" 200 -
2026-04-04 18:22:26,672 [INFO] FPS 8.5, detections 1, persons 1, locked False, yaw_cmd 0.000, infer 103.3 ms
2026-04-04 18:22:27,730 [INFO] FPS 8.5, detections 1, persons 1, locked False, yaw_cmd 0.000, infer 110.0 ms
2026-04-04 18:22:28,832 [INFO] FPS 8.2, detections 1, persons 1, locked False, yaw_cmd 0.000, infer 116.0 ms
2026-04-04 18:22:29,894 [INFO] FPS 8.5, detections 1, persons 1, locked False, yaw_cmd 0.000, infer 114.6 ms
2026-04-04 18:22:30,247 [INFO] 127.0.0.1 - - [04/Apr/2026 18:22:30] "POST /select_target HTTP/1.1" 200 -
2026-04-04 18:22:30,967 [INFO] FPS 8.4, detections 1, persons 1, locked False, yaw_cmd 0.000, infer 101.8 ms
2026-04-04 18:22:31,729 [INFO] 127.0.0.1 - - [04/Apr/2026 18:22:31] "POST /select_target HTTP/1.1" 200 -
2026-04-04 18:22:32,039 [INFO] FPS 8.4, detections 1, persons 1, locked False, yaw_cmd 0.000, infer 97.5 ms
2026-04-04 18:22:33,052 [INFO] FPS 8.9, detections 1, persons 1, locked False, yaw_cmd 0.000, infer 96.2 ms
2026-04-04 18:22:34,116 [INFO] FPS 9.4, detections 1, persons 1, locked False, yaw_cmd 0.000, infer 97.9 ms
2026-04-04 18:22:34,209 [INFO] 127.0.0.1 - - [04/Apr/2026 18:22:34] "POST /select_target HTTP/1.1" 200 -
2026-04-04 18:22:34,915 [INFO] 127.0.0.1 - - [04/Apr/2026 18:22:34] "POST /select_target HTTP/1.1" 200 -
2026-04-04 18:22:35,119 [INFO] FPS 9.0, detections 1, persons 1, locked False, yaw_cmd 0.000, infer 94.2 ms
2026-04-04 18:22:35,770 [INFO] 127.0.0.1 - - [04/Apr/2026 18:22:35] "POST /select_target HTTP/1.1" 200 -
2026-04-04 18:22:36,215 [INFO] FPS 9.1, detections 1, persons 1, locked False, yaw_cmd 0.000, infer 94.2 ms
2026-04-04 18:22:37,310 [INFO] FPS 9.1, detections 1, persons 1, locked False, yaw_cmd 0.000, infer 108.4 ms
2026-04-04 18:22:37,755 [INFO] 127.0.0.1 - - [04/Apr/2026 18:22:37] "POST /select_target HTTP/1.1" 200 -
2026-04-04 18:22:38,320 [INFO] FPS 8.9, detections 1, persons 1, locked False, yaw_cmd 0.000, infer 125.9 ms
2026-04-04 18:22:39,321 [INFO] FPS 8.0, detections 1, persons 1, locked False, yaw_cmd 0.000, infer 109.6 ms
2026-04-04 18:22:39,465 [INFO] 127.0.0.1 - - [04/Apr/2026 18:22:39] "POST /select_target HTTP/1.1" 200 -
2026-04-04 18:22:40,339 [INFO] FPS 8.8, detections 1, persons 1, locked False, yaw_cmd 0.000, infer 98.1 ms
2026-04-04 18:22:41,422 [INFO] FPS 8.3, detections 1, persons 1, locked False, yaw_cmd 0.000, infer 116.4 ms
2026-04-04 18:22:42,507 [INFO] FPS 8.3, detections 1, persons 1, locked False, yaw_cmd 0.000, infer 108.8 ms
2026-04-04 18:22:43,589 [INFO] FPS 8.3, detections 1, persons 1, locked False, yaw_cmd 0.000, infer 128.2 ms
2026-04-04 18:22:44,677 [INFO] FPS 8.3, detections 1, persons 1, locked False, yaw_cmd 0.000, infer 133.9 ms
2026-04-04 18:22:45,755 [INFO] FPS 8.3, detections 1, persons 1, locked False, yaw_cmd 0.000, infer 107.2 ms
2026-04-04 18:22:46,868 [INFO] FPS 8.1, detections 1, persons 1, locked False, yaw_cmd 0.000, infer 104.6 ms
2026-04-04 18:22:48,000 [INFO] FPS 8.0, detections 1, persons 1, locked False, yaw_cmd 0.000, infer 130.4 ms
2026-04-04 18:22:49,084 [INFO] FPS 8.3, detections 1, persons 1, locked False, yaw_cmd 0.000, infer 118.4 ms
2026-04-04 18:22:50,109 [INFO] FPS 8.8, detections 1, persons 1, locked False, yaw_cmd 0.000, infer 99.1 ms
2026-04-04 18:22:51,197 [INFO] FPS 8.3, detections 1, persons 1, locked False, yaw_cmd 0.000, infer 100.0 ms
2026-04-04 18:22:52,265 [INFO] FPS 8.4, detections 1, persons 1, locked False, yaw_cmd 0.000, infer 92.8 ms
2026-04-04 18:22:53,325 [INFO] FPS 8.5, detections 1, persons 1, locked False, yaw_cmd 0.000, infer 101.0 ms
2026-04-04 18:22:54,367 [INFO] FPS 8.6, detections 1, persons 1, locked False, yaw_cmd 0.000, infer 99.4 ms
2026-04-04 18:22:55,474 [INFO] FPS 8.1, detections 1, persons 1, locked False, yaw_cmd 0.000, infer 113.7 ms
2026-04-04 18:22:56,500 [INFO] FPS 8.8, detections 1, persons 1, locked False, yaw_cmd 0.000, infer 103.9 ms
2026-04-04 18:22:57,525 [INFO] FPS 9.8, detections 1, persons 1, locked False, yaw_cmd 0.000, infer 92.8 ms
2026-04-04 18:22:58,610 [INFO] FPS 9.2, detections 1, persons 1, locked False, yaw_cmd 0.000, infer 93.4 ms
2026-04-04 18:22:59,691 [INFO] FPS 9.2, detections 0, persons 0, locked False, yaw_cmd 0.000, infer 96.7 ms
2026-04-04 18:23:00,720 [INFO] FPS 8.7, detections 1, persons 1, locked False, yaw_cmd 0.000, infer 110.6 ms
2026-04-04 18:23:01,812 [INFO] FPS 8.2, detections 1, persons 1, locked False, yaw_cmd 0.000, infer 94.4 ms
2026-04-04 18:23:02,866 [INFO] FPS 8.5, detections 2, persons 1, locked False, yaw_cmd 0.000, infer 92.1 ms
2026-04-04 18:23:03,961 [INFO] FPS 9.1, detections 0, persons 0, locked False, yaw_cmd 0.000, infer 97.0 ms
2026-04-04 18:23:05,052 [INFO] FPS 9.2, detections 0, persons 0, locked False, yaw_cmd 0.000, infer 96.6 ms
2026-04-04 18:23:06,108 [INFO] FPS 8.5, detections 1, persons 1, locked False, yaw_cmd 0.000, infer 111.0 ms
2026-04-04 18:23:07,170 [INFO] FPS 8.5, detections 0, persons 0, locked False, yaw_cmd 0.000, infer 102.4 ms
2026-04-04 18:23:08,276 [INFO] FPS 8.1, detections 0, persons 0, locked False, yaw_cmd 0.000, infer 107.3 ms
2026-04-04 18:23:09,383 [INFO] FPS 8.1, detections 0, persons 0, locked False, yaw_cmd 0.000, infer 117.3 ms
2026-04-04 18:23:10,492 [INFO] FPS 8.1, detections 0, persons 0, locked False, yaw_cmd 0.000, infer 114.6 ms
2026-04-04 18:23:11,598 [INFO] FPS 8.1, detections 0, persons 0, locked False, yaw_cmd 0.000, infer 96.6 ms
2026-04-04 18:23:12,671 [INFO] FPS 8.4, detections 1, persons 0, locked False, yaw_cmd 0.000, infer 95.2 ms
2026-04-04 18:23:13,730 [INFO] FPS 8.5, detections 0, persons 0, locked False, yaw_cmd 0.000, infer 130.5 ms
2026-04-04 18:23:14,848 [INFO] FPS 8.0, detections 0, persons 0, locked False, yaw_cmd 0.000, infer 112.5 ms
2026-04-04 18:23:15,884 [INFO] FPS 7.7, detections 0, persons 0, locked False, yaw_cmd 0.000, infer 112.7 ms
2026-04-04 18:23:16,966 [INFO] FPS 8.3, detections 0, persons 0, locked False, yaw_cmd 0.000, infer 98.5 ms
2026-04-04 18:23:18,055 [INFO] FPS 8.3, detections 0, persons 0, locked False, yaw_cmd 0.000, infer 105.0 ms
2026-04-04 18:23:19,156 [INFO] FPS 8.2, detections 0, persons 0, locked False, yaw_cmd 0.000, infer 106.1 ms
2026-04-04 18:23:20,237 [INFO] FPS 8.3, detections 0, persons 0, locked False, yaw_cmd 0.000, infer 98.6 ms
2026-04-04 18:23:21,319 [INFO] FPS 8.3, detections 0, persons 0, locked False, yaw_cmd 0.000, infer 103.6 ms
2026-04-04 18:23:22,420 [INFO] FPS 8.2, detections 1, persons 1, locked False, yaw_cmd 0.000, infer 102.4 ms
2026-04-04 18:23:23,524 [INFO] FPS 8.2, detections 1, persons 1, locked False, yaw_cmd 0.000, infer 97.5 ms
2026-04-04 18:23:24,604 [INFO] FPS 8.3, detections 1, persons 1, locked False, yaw_cmd 0.000, infer 110.9 ms
2026-04-04 18:23:25,641 [INFO] FPS 8.7, detections 1, persons 1, locked False, yaw_cmd 0.000, infer 100.7 ms
2026-04-04 18:23:26,721 [INFO] FPS 8.3, detections 0, persons 0, locked False, yaw_cmd 0.000, infer 108.7 ms
2026-04-04 18:23:27,844 [INFO] FPS 8.0, detections 1, persons 1, locked False, yaw_cmd 0.000, infer 134.8 ms
2026-04-04 18:23:28,906 [INFO] FPS 8.5, detections 2, persons 1, locked False, yaw_cmd 0.000, infer 94.8 ms
2026-04-04 18:23:29,924 [INFO] FPS 7.9, detections 0, persons 0, locked False, yaw_cmd 0.000, infer 100.6 ms
2026-04-04 18:23:30,987 [INFO] FPS 8.5, detections 0, persons 0, locked False, yaw_cmd 0.000, infer 108.3 ms
2026-04-04 18:23:32,072 [INFO] FPS 8.3, detections 0, persons 0, locked False, yaw_cmd 0.000, infer 108.5 ms
2026-04-04 18:23:33,112 [INFO] FPS 8.7, detections 0, persons 0, locked False, yaw_cmd 0.000, infer 95.3 ms
2026-04-04 18:23:34,128 [INFO] FPS 8.9, detections 0, persons 0, locked False, yaw_cmd 0.000, infer 95.4 ms
2026-04-04 18:23:35,210 [INFO] FPS 8.3, detections 0, persons 0, locked False, yaw_cmd 0.000, infer 106.5 ms
2026-04-04 18:23:36,269 [INFO] FPS 8.5, detections 0, persons 0, locked False, yaw_cmd 0.000, infer 105.3 ms
2026-04-04 18:23:37,368 [INFO] FPS 9.1, detections 0, persons 0, locked False, yaw_cmd 0.000, infer 97.1 ms
2026-04-04 18:23:38,427 [INFO] FPS 9.4, detections 0, persons 0, locked False, yaw_cmd 0.000, infer 112.5 ms
2026-04-04 18:23:39,484 [INFO] FPS 9.5, detections 0, persons 0, locked False, yaw_cmd 0.000, infer 91.9 ms
2026-04-04 18:23:40,588 [INFO] FPS 9.1, detections 1, persons 0, locked False, yaw_cmd 0.000, infer 106.0 ms
2026-04-04 18:23:41,736 [INFO] FPS 8.7, detections 1, persons 1, locked False, yaw_cmd 0.000, infer 142.0 ms
2026-04-04 18:23:42,773 [INFO] FPS 8.7, detections 1, persons 1, locked False, yaw_cmd 0.000, infer 95.6 ms
2026-04-04 18:23:43,861 [INFO] FPS 8.3, detections 2, persons 1, locked False, yaw_cmd 0.000, infer 113.0 ms
2026-04-04 18:23:44,917 [INFO] FPS 8.5, detections 0, persons 0, locked False, yaw_cmd 0.000, infer 131.3 ms
2026-04-04 18:23:45,984 [INFO] FPS 8.4, detections 0, persons 0, locked False, yaw_cmd 0.000, infer 97.5 ms
2026-04-04 18:23:47,070 [INFO] FPS 9.2, detections 2, persons 1, locked False, yaw_cmd 0.000, infer 94.3 ms
2026-04-04 18:23:48,100 [INFO] FPS 8.7, detections 0, persons 0, locked False, yaw_cmd 0.000, infer 108.8 ms
2026-04-04 18:23:49,113 [INFO] FPS 8.9, detections 1, persons 0, locked False, yaw_cmd 0.000, infer 97.6 ms
2026-04-04 18:23:50,206 [INFO] FPS 8.2, detections 0, persons 0, locked False, yaw_cmd 0.000, infer 125.9 ms
2026-04-04 18:23:51,220 [INFO] FPS 7.9, detections 1, persons 1, locked False, yaw_cmd 0.000, infer 105.2 ms
2026-04-04 18:23:52,276 [INFO] FPS 7.6, detections 1, persons 1, locked False, yaw_cmd 0.000, infer 148.8 ms
2026-04-04 18:23:53,399 [INFO] FPS 8.0, detections 1, persons 1, locked False, yaw_cmd 0.000, infer 118.6 ms
2026-04-04 18:23:54,408 [INFO] FPS 7.9, detections 0, persons 0, locked False, yaw_cmd 0.000, infer 118.5 ms
2026-04-04 18:23:55,432 [INFO] FPS 7.8, detections 0, persons 0, locked False, yaw_cmd 0.000, infer 129.0 ms
2026-04-04 18:23:56,433 [INFO] FPS 8.0, detections 0, persons 0, locked False, yaw_cmd 0.000, infer 105.0 ms
2026-04-04 18:23:57,538 [INFO] FPS 8.1, detections 0, persons 0, locked False, yaw_cmd 0.000, infer 101.6 ms
2026-04-04 18:23:58,542 [INFO] FPS 8.0, detections 0, persons 0, locked False, yaw_cmd 0.000, infer 119.2 ms
2026-04-04 18:23:59,591 [INFO] FPS 7.6, detections 1, persons 0, locked False, yaw_cmd 0.000, infer 103.9 ms
2026-04-04 18:24:00,621 [INFO] FPS 8.7, detections 0, persons 0, locked False, yaw_cmd 0.000, infer 97.5 ms
2026-04-04 18:24:01,669 [INFO] FPS 8.6, detections 0, persons 0, locked False, yaw_cmd 0.000, infer 97.5 ms
2026-04-04 18:24:02,760 [INFO] FPS 8.2, detections 0, persons 0, locked False, yaw_cmd 0.000, infer 109.6 ms
2026-04-04 18:24:03,846 [INFO] FPS 8.3, detections 0, persons 0, locked False, yaw_cmd 0.000, infer 108.9 ms
2026-04-04 18:24:04,882 [INFO] FPS 8.7, detections 0, persons 0, locked False, yaw_cmd 0.000, infer 95.5 ms
2026-04-04 18:24:05,884 [INFO] FPS 9.0, detections 0, persons 0, locked False, yaw_cmd 0.000, infer 95.0 ms
2026-04-04 18:24:06,970 [INFO] FPS 8.3, detections 0, persons 0, locked False, yaw_cmd 0.000, infer 127.5 ms
2026-04-04 18:24:08,024 [INFO] FPS 8.5, detections 0, persons 0, locked False, yaw_cmd 0.000, infer 104.4 ms
2026-04-04 18:24:09,087 [INFO] FPS 8.5, detections 0, persons 0, locked False, yaw_cmd 0.000, infer 96.0 ms
2026-04-04 18:24:10,157 [INFO] FPS 8.4, detections 0, persons 0, locked False, yaw_cmd 0.000, infer 95.9 ms
2026-04-04 18:24:11,222 [INFO] FPS 8.5, detections 0, persons 0, locked False, yaw_cmd 0.000, infer 104.5 ms
2026-04-04 18:24:12,261 [INFO] FPS 8.7, detections 0, persons 0, locked False, yaw_cmd 0.000, infer 93.6 ms
2026-04-04 18:24:13,270 [INFO] FPS 8.9, detections 0, persons 0, locked False, yaw_cmd 0.000, infer 98.5 ms
2026-04-04 18:24:14,329 [INFO] FPS 8.5, detections 0, persons 0, locked False, yaw_cmd 0.000, infer 109.1 ms
2026-04-04 18:24:15,465 [INFO] FPS 8.8, detections 0, persons 0, locked False, yaw_cmd 0.000, infer 124.8 ms
2026-04-04 18:24:16,563 [INFO] FPS 8.2, detections 0, persons 0, locked False, yaw_cmd 0.000, infer 123.0 ms
2026-04-04 18:24:17,593 [INFO] FPS 8.7, detections 0, persons 0, locked False, yaw_cmd 0.000, infer 94.4 ms
2026-04-04 18:24:18,625 [INFO] FPS 8.7, detections 0, persons 0, locked False, yaw_cmd 0.000, infer 116.5 ms
2026-04-04 18:24:19,642 [INFO] FPS 8.8, detections 1, persons 0, locked False, yaw_cmd 0.000, infer 115.4 ms
2026-04-04 18:24:20,709 [INFO] FPS 9.4, detections 0, persons 0, locked False, yaw_cmd 0.000, infer 110.6 ms
2026-04-04 18:24:21,753 [INFO] FPS 9.6, detections 0, persons 0, locked False, yaw_cmd 0.000, infer 92.7 ms
2026-04-04 18:24:22,828 [INFO] FPS 9.3, detections 0, persons 0, locked False, yaw_cmd 0.000, infer 97.3 ms
2026-04-04 18:24:23,917 [INFO] FPS 9.2, detections 0, persons 0, locked False, yaw_cmd 0.000, infer 98.8 ms
2026-04-04 18:24:24,928 [INFO] FPS 8.9, detections 1, persons 0, locked False, yaw_cmd 0.000, infer 92.5 ms
2026-04-04 18:24:25,942 [INFO] FPS 8.9, detections 0, persons 0, locked False, yaw_cmd 0.000, infer 95.8 ms
2026-04-04 18:24:26,977 [INFO] FPS 8.7, detections 0, persons 0, locked False, yaw_cmd 0.000, infer 93.4 ms
2026-04-04 18:24:27,996 [INFO] FPS 8.8, detections 0, persons 0, locked False, yaw_cmd 0.000, infer 97.4 ms
2026-04-04 18:24:29,133 [INFO] FPS 8.8, detections 0, persons 0, locked False, yaw_cmd 0.000, infer 127.6 ms
2026-04-04 18:24:30,216 [INFO] FPS 8.3, detections 0, persons 0, locked False, yaw_cmd 0.000, infer 115.2 ms
2026-04-04 18:24:31,326 [INFO] FPS 6.3, detections 0, persons 0, locked False, yaw_cmd 0.000, infer 107.5 ms
2026-04-04 18:24:32,378 [INFO] FPS 8.6, detections 0, persons 0, locked False, yaw_cmd 0.000, infer 91.2 ms
2026-04-04 18:24:33,473 [INFO] FPS 8.2, detections 0, persons 0, locked False, yaw_cmd 0.000, infer 101.2 ms
2026-04-04 18:24:34,576 [INFO] FPS 8.2, detections 0, persons 0, locked False, yaw_cmd 0.000, infer 97.6 ms
2026-04-04 18:24:35,625 [INFO] FPS 8.6, detections 0, persons 0, locked False, yaw_cmd 0.000, infer 121.8 ms
2026-04-04 18:24:36,705 [INFO] FPS 8.3, detections 0, persons 0, locked False, yaw_cmd 0.000, infer 103.6 ms
2026-04-04 18:24:37,720 [INFO] FPS 8.9, detections 1, persons 0, locked False, yaw_cmd 0.000, infer 96.2 ms
2026-04-04 18:24:38,754 [INFO] FPS 8.7, detections 0, persons 0, locked False, yaw_cmd 0.000, infer 110.7 ms
2026-04-04 18:24:39,854 [INFO] FPS 9.1, detections 0, persons 0, locked False, yaw_cmd 0.000, infer 102.3 ms
2026-04-04 18:24:40,876 [INFO] FPS 8.8, detections 0, persons 0, locked False, yaw_cmd 0.000, infer 92.0 ms
2026-04-04 18:24:41,913 [INFO] FPS 8.7, detections 0, persons 0, locked False, yaw_cmd 0.000, infer 107.8 ms
2026-04-04 18:24:42,939 [INFO] FPS 8.8, detections 1, persons 0, locked False, yaw_cmd 0.000, infer 95.2 ms
2026-04-04 18:24:44,119 [INFO] FPS 7.6, detections 0, persons 0, locked False, yaw_cmd 0.000, infer 170.8 ms
2026-04-04 18:24:45,228 [INFO] FPS 5.4, detections 0, persons 0, locked False, yaw_cmd 0.000, infer 164.0 ms
2026-04-04 18:24:46,332 [INFO] FPS 7.2, detections 1, persons 0, locked False, yaw_cmd 0.000, infer 142.9 ms
2026-04-04 18:24:47,420 [INFO] FPS 7.4, detections 0, persons 0, locked False, yaw_cmd 0.000, infer 106.8 ms
2026-04-04 18:24:48,530 [INFO] FPS 8.1, detections 0, persons 0, locked False, yaw_cmd 0.000, infer 120.2 ms
2026-04-04 18:24:49,553 [INFO] FPS 8.8, detections 0, persons 0, locked False, yaw_cmd 0.000, infer 93.2 ms
2026-04-04 18:24:50,665 [INFO] FPS 8.1, detections 0, persons 0, locked False, yaw_cmd 0.000, infer 128.0 ms
2026-04-04 18:24:51,669 [INFO] FPS 8.0, detections 0, persons 0, locked False, yaw_cmd 0.000, infer 96.5 ms
2026-04-04 18:24:52,727 [INFO] FPS 8.5, detections 0, persons 0, locked False, yaw_cmd 0.000, infer 100.4 ms
2026-04-04 18:24:53,786 [INFO] FPS 8.5, detections 0, persons 0, locked False, yaw_cmd 0.000, infer 129.7 ms
2026-04-04 18:24:54,825 [INFO] FPS 8.7, detections 0, persons 0, locked False, yaw_cmd 0.000, infer 92.6 ms
2026-04-04 18:24:55,910 [INFO] FPS 8.3, detections 0, persons 0, locked False, yaw_cmd 0.000, infer 99.0 ms
2026-04-04 18:24:56,975 [INFO] FPS 8.5, detections 0, persons 0, locked False, yaw_cmd 0.000, infer 115.3 ms
2026-04-04 18:24:57,975 [INFO] FPS 8.0, detections 0, persons 0, locked False, yaw_cmd 0.000, infer 106.8 ms
2026-04-04 18:24:59,044 [INFO] FPS 8.4, detections 0, persons 0, locked False, yaw_cmd 0.000, infer 113.5 ms
2026-04-04 18:25:00,060 [INFO] FPS 8.9, detections 0, persons 0, locked False, yaw_cmd 0.000, infer 107.5 ms
2026-04-04 18:25:01,080 [INFO] FPS 8.8, detections 0, persons 0, locked False, yaw_cmd 0.000, infer 96.3 ms
2026-04-04 18:25:02,170 [INFO] FPS 8.3, detections 1, persons 0, locked False, yaw_cmd 0.000, infer 105.0 ms
2026-04-04 18:25:03,235 [INFO] FPS 8.4, detections 0, persons 0, locked False, yaw_cmd 0.000, infer 112.4 ms
2026-04-04 18:25:04,239 [INFO] FPS 8.0, detections 0, persons 0, locked False, yaw_cmd 0.000, infer 95.5 ms
2026-04-04 18:25:05,350 [INFO] FPS 9.0, detections 1, persons 0, locked False, yaw_cmd 0.000, infer 111.2 ms
2026-04-04 18:25:06,426 [INFO] FPS 8.4, detections 0, persons 0, locked False, yaw_cmd 0.000, infer 97.4 ms
2026-04-04 18:25:07,484 [INFO] FPS 8.5, detections 0, persons 0, locked False, yaw_cmd 0.000, infer 116.9 ms
2026-04-04 18:25:08,574 [INFO] FPS 8.3, detections 1, persons 0, locked False, yaw_cmd 0.000, infer 106.3 ms
2026-04-04 18:25:09,634 [INFO] FPS 8.5, detections 0, persons 0, locked False, yaw_cmd 0.000, infer 110.6 ms
2026-04-04 18:25:10,734 [INFO] FPS 8.2, detections 0, persons 0, locked False, yaw_cmd 0.000, infer 94.9 ms
2026-04-04 18:25:11,786 [INFO] FPS 8.6, detections 0, persons 0, locked False, yaw_cmd 0.000, infer 99.5 ms
2026-04-04 18:25:12,789 [INFO] FPS 9.0, detections 0, persons 0, locked False, yaw_cmd 0.000, infer 95.2 ms
2026-04-04 18:25:13,830 [INFO] FPS 8.6, detections 1, persons 0, locked False, yaw_cmd 0.000, infer 99.0 ms
2026-04-04 18:25:14,957 [INFO] FPS 8.9, detections 0, persons 0, locked False, yaw_cmd 0.000, infer 131.1 ms
2026-04-04 18:25:16,029 [INFO] FPS 8.4, detections 0, persons 0, locked False, yaw_cmd 0.000, infer 112.9 ms
2026-04-04 18:25:17,075 [INFO] FPS 8.6, detections 0, persons 0, locked False, yaw_cmd 0.000, infer 98.8 ms
2026-04-04 18:25:18,121 [INFO] FPS 8.6, detections 0, persons 0, locked False, yaw_cmd 0.000, infer 111.2 ms
2026-04-04 18:25:19,124 [INFO] FPS 9.0, detections 1, persons 0, locked False, yaw_cmd 0.000, infer 95.2 ms
2026-04-04 18:25:20,174 [INFO] FPS 8.6, detections 0, persons 0, locked False, yaw_cmd 0.000, infer 92.2 ms
2026-04-04 18:26:01,700 [INFO] YOLO stream program started
2026-04-04 18:26:01,818 [INFO] YOLO model loaded: yolo11n.pt
2026-04-04 18:26:01,820 [INFO] Starting RealSense pipeline
2026-04-04 18:26:01,820 [INFO] Streaming on http://0.0.0.0:8000/stream
2026-04-04 18:26:02,191 [INFO] align created: True
2026-04-04 18:26:02,191 [INFO] RealSense pipeline started successfully
2026-04-04 18:26:02,205 [INFO] [31m[1mWARNING: This is a development server. Do not use it in a production deployment. Use a production WSGI server instead.[0m
 * Running on all addresses (0.0.0.0)
 * Running on http://127.0.0.1:8000
 * Running on http://10.0.0.105:8000
2026-04-04 18:26:02,205 [INFO] [33mPress CTRL+C to quit[0m
2026-04-04 18:26:02,998 [INFO] FPS 0.8, detections 0, persons 0, locked False, yaw_cmd 0.000, infer 171.9 ms
2026-04-04 18:26:04,056 [INFO] FPS 9.5, detections 1, persons 0, locked False, yaw_cmd 0.000, infer 91.4 ms
2026-04-04 18:26:04,259 [INFO] 127.0.0.1 - - [04/Apr/2026 18:26:04] "GET / HTTP/1.1" 200 -
2026-04-04 18:26:04,311 [INFO] MJPEG stream client connected
2026-04-04 18:26:04,311 [INFO] 127.0.0.1 - - [04/Apr/2026 18:26:04] "GET /stream HTTP/1.1" 200 -
2026-04-04 18:26:05,166 [INFO] FPS 8.1, detections 1, persons 0, locked False, yaw_cmd 0.000, infer 99.6 ms
2026-04-04 18:26:06,233 [INFO] FPS 8.4, detections 0, persons 0, locked False, yaw_cmd 0.000, infer 112.7 ms
2026-04-04 18:26:07,321 [INFO] FPS 8.3, detections 0, persons 0, locked False, yaw_cmd 0.000, infer 102.5 ms
2026-04-04 18:26:08,363 [INFO] FPS 8.6, detections 0, persons 0, locked False, yaw_cmd 0.000, infer 93.3 ms
2026-04-04 18:26:09,422 [INFO] FPS 8.5, detections 0, persons 0, locked False, yaw_cmd 0.000, infer 109.8 ms
2026-04-04 18:26:10,119 [INFO] 127.0.0.1 - - [04/Apr/2026 18:26:10] "POST /select_target HTTP/1.1" 200 -
2026-04-04 18:26:10,498 [INFO] FPS 7.4, detections 0, persons 0, locked False, yaw_cmd 0.000, infer 118.4 ms
2026-04-04 18:26:11,584 [INFO] FPS 8.3, detections 0, persons 0, locked False, yaw_cmd 0.000, infer 93.2 ms
2026-04-04 18:26:12,666 [INFO] FPS 9.2, detections 1, persons 0, locked False, yaw_cmd 0.000, infer 101.9 ms
2026-04-04 18:26:13,770 [INFO] FPS 9.1, detections 0, persons 0, locked False, yaw_cmd 0.000, infer 94.3 ms
2026-04-04 18:26:14,807 [INFO] FPS 9.6, detections 0, persons 0, locked False, yaw_cmd 0.000, infer 91.4 ms
2026-04-04 18:26:15,858 [INFO] FPS 8.6, detections 0, persons 0, locked False, yaw_cmd 0.000, infer 93.2 ms
2026-04-04 18:26:16,874 [INFO] FPS 8.9, detections 0, persons 0, locked False, yaw_cmd 0.000, infer 102.5 ms
2026-04-04 18:26:17,975 [INFO] FPS 8.2, detections 1, persons 1, locked True, yaw_cmd 0.000, infer 120.0 ms
2026-04-04 18:26:19,013 [INFO] FPS 8.7, detections 1, persons 1, locked True, yaw_cmd 0.000, infer 109.9 ms
2026-04-04 18:26:20,063 [INFO] FPS 7.6, detections 1, persons 1, locked True, yaw_cmd 0.000, infer 151.3 ms
2026-04-04 18:26:21,108 [INFO] FPS 8.6, detections 1, persons 1, locked True, yaw_cmd 0.000, infer 96.0 ms
2026-04-04 18:26:22,158 [INFO] FPS 8.6, detections 2, persons 1, locked True, yaw_cmd 0.000, infer 122.1 ms
2026-04-04 18:26:23,223 [INFO] FPS 8.4, detections 1, persons 1, locked True, yaw_cmd 0.000, infer 97.9 ms
2026-04-04 18:26:24,272 [INFO] FPS 8.6, detections 2, persons 2, locked True, yaw_cmd -0.046, infer 114.4 ms
2026-04-04 18:26:25,283 [INFO] FPS 8.9, detections 2, persons 1, locked True, yaw_cmd -0.109, infer 94.0 ms
2026-04-04 18:26:26,386 [INFO] FPS 9.1, detections 1, persons 1, locked True, yaw_cmd -0.088, infer 93.1 ms
2026-04-04 18:26:27,443 [INFO] FPS 8.5, detections 1, persons 1, locked True, yaw_cmd -0.088, infer 110.4 ms
2026-04-04 18:26:28,534 [INFO] FPS 8.3, detections 1, persons 1, locked True, yaw_cmd -0.084, infer 103.1 ms
2026-04-04 18:26:29,591 [INFO] FPS 8.5, detections 1, persons 1, locked True, yaw_cmd -0.085, infer 134.4 ms
2026-04-04 18:26:30,708 [INFO] FPS 8.1, detections 1, persons 1, locked True, yaw_cmd -0.085, infer 110.7 ms
2026-04-04 18:26:31,719 [INFO] FPS 7.9, detections 1, persons 1, locked True, yaw_cmd -0.084, infer 115.8 ms
2026-04-04 18:26:32,773 [INFO] FPS 7.6, detections 1, persons 1, locked True, yaw_cmd -0.084, infer 122.2 ms
2026-04-04 18:26:32,850 [INFO] 127.0.0.1 - - [04/Apr/2026 18:26:32] "POST /select_target HTTP/1.1" 200 -
2026-04-04 18:26:33,842 [INFO] FPS 7.5, detections 1, persons 1, locked True, yaw_cmd -0.112, infer 141.7 ms
2026-04-04 18:26:34,858 [INFO] FPS 6.9, detections 1, persons 1, locked True, yaw_cmd -0.120, infer 119.7 ms
2026-04-04 18:26:35,898 [INFO] FPS 7.7, detections 1, persons 1, locked True, yaw_cmd -0.120, infer 106.0 ms
2026-04-04 18:26:36,936 [INFO] FPS 8.7, detections 2, persons 2, locked True, yaw_cmd -0.120, infer 100.8 ms
2026-04-04 18:26:37,979 [INFO] FPS 8.6, detections 2, persons 2, locked True, yaw_cmd -0.120, infer 100.5 ms
2026-04-04 18:26:39,086 [INFO] FPS 8.1, detections 1, persons 1, locked True, yaw_cmd -0.057, infer 99.1 ms
2026-04-04 18:26:48,568 [INFO] YOLO stream program started
2026-04-04 18:26:48,633 [INFO] YOLO model loaded: yolo11n.pt
2026-04-04 18:26:48,634 [INFO] Starting RealSense pipeline
2026-04-04 18:26:48,634 [INFO] Streaming on http://0.0.0.0:8000/stream
2026-04-04 18:26:49,012 [INFO] align created: True
2026-04-04 18:26:49,013 [INFO] RealSense pipeline started successfully
2026-04-04 18:26:49,019 [INFO] [31m[1mWARNING: This is a development server. Do not use it in a production deployment. Use a production WSGI server instead.[0m
 * Running on all addresses (0.0.0.0)
 * Running on http://127.0.0.1:8000
 * Running on http://10.0.0.105:8000
2026-04-04 18:26:49,019 [INFO] [33mPress CTRL+C to quit[0m
2026-04-04 18:26:49,816 [INFO] FPS 0.8, detections 0, persons 0, locked False, yaw_cmd 0.000, infer 168.6 ms
2026-04-04 18:26:50,610 [INFO] 127.0.0.1 - - [04/Apr/2026 18:26:50] "GET / HTTP/1.1" 200 -
2026-04-04 18:26:50,646 [INFO] MJPEG stream client connected
2026-04-04 18:26:50,647 [INFO] 127.0.0.1 - - [04/Apr/2026 18:26:50] "GET /stream HTTP/1.1" 200 -
2026-04-04 18:26:50,936 [INFO] FPS 8.9, detections 1, persons 1, locked False, yaw_cmd 0.000, infer 116.0 ms
2026-04-04 18:26:51,949 [INFO] FPS 7.9, detections 1, persons 1, locked False, yaw_cmd 0.000, infer 102.6 ms
2026-04-04 18:26:53,046 [INFO] FPS 8.2, detections 1, persons 1, locked False, yaw_cmd 0.000, infer 107.2 ms
2026-04-04 18:26:54,096 [INFO] FPS 8.6, detections 1, persons 1, locked False, yaw_cmd 0.000, infer 98.5 ms
2026-04-04 18:26:55,130 [INFO] FPS 8.7, detections 1, persons 1, locked False, yaw_cmd 0.000, infer 102.8 ms
2026-04-04 18:26:56,190 [INFO] FPS 8.5, detections 2, persons 2, locked False, yaw_cmd 0.000, infer 112.4 ms
2026-04-04 18:26:57,268 [INFO] FPS 8.3, detections 1, persons 1, locked False, yaw_cmd 0.000, infer 130.7 ms
2026-04-04 18:26:58,352 [INFO] FPS 8.3, detections 1, persons 1, locked False, yaw_cmd 0.000, infer 123.2 ms
2026-04-04 18:26:59,455 [INFO] FPS 8.2, detections 2, persons 2, locked False, yaw_cmd 0.000, infer 93.6 ms
2026-04-04 18:27:00,528 [INFO] FPS 9.3, detections 2, persons 2, locked False, yaw_cmd 0.000, infer 93.8 ms
2026-04-04 18:27:01,557 [INFO] FPS 8.7, detections 2, persons 2, locked False, yaw_cmd 0.000, infer 93.8 ms
2026-04-04 18:27:02,625 [INFO] FPS 8.4, detections 2, persons 2, locked False, yaw_cmd 0.000, infer 138.4 ms
2026-04-04 18:27:03,657 [INFO] FPS 8.7, detections 2, persons 2, locked False, yaw_cmd 0.000, infer 100.9 ms
2026-04-04 18:27:04,731 [INFO] FPS 8.4, detections 2, persons 2, locked False, yaw_cmd 0.000, infer 94.9 ms
2026-04-04 18:27:05,803 [INFO] FPS 8.4, detections 2, persons 2, locked False, yaw_cmd 0.000, infer 96.1 ms
2026-04-04 18:27:06,930 [INFO] FPS 8.9, detections 2, persons 2, locked False, yaw_cmd 0.000, infer 123.4 ms
2026-04-04 18:27:07,953 [INFO] FPS 8.8, detections 2, persons 2, locked False, yaw_cmd 0.000, infer 92.7 ms
2026-04-04 18:27:09,020 [INFO] FPS 8.4, detections 2, persons 2, locked False, yaw_cmd 0.000, infer 97.4 ms
2026-04-04 18:27:10,108 [INFO] FPS 8.3, detections 2, persons 2, locked False, yaw_cmd 0.000, infer 115.4 ms
2026-04-04 18:27:11,205 [INFO] FPS 9.1, detections 2, persons 2, locked False, yaw_cmd 0.000, infer 94.1 ms
2026-04-04 18:27:11,991 [INFO] 127.0.0.1 - - [04/Apr/2026 18:27:11] "POST /select_target HTTP/1.1" 200 -
2026-04-04 18:27:12,307 [INFO] FPS 9.1, detections 2, persons 2, locked True, yaw_cmd -0.109, infer 93.1 ms
2026-04-04 18:27:13,351 [INFO] FPS 8.6, detections 2, persons 2, locked True, yaw_cmd -0.107, infer 113.6 ms
2026-04-04 18:27:14,353 [INFO] FPS 9.0, detections 0, persons 0, locked False, yaw_cmd 0.000, infer 92.9 ms
2026-04-04 18:27:15,440 [INFO] FPS 8.3, detections 1, persons 1, locked True, yaw_cmd -0.060, infer 115.4 ms
2026-04-04 18:27:15,842 [INFO] 127.0.0.1 - - [04/Apr/2026 18:27:15] "POST /select_target HTTP/1.1" 200 -
2026-04-04 18:27:16,538 [INFO] FPS 8.2, detections 2, persons 2, locked True, yaw_cmd -0.079, infer 95.3 ms
2026-04-04 18:27:17,609 [INFO] FPS 8.4, detections 1, persons 1, locked True, yaw_cmd -0.080, infer 96.6 ms
2026-04-04 18:27:18,693 [INFO] FPS 8.3, detections 2, persons 1, locked True, yaw_cmd -0.073, infer 102.8 ms
2026-04-04 18:27:19,731 [INFO] FPS 7.7, detections 2, persons 1, locked True, yaw_cmd -0.071, infer 115.0 ms
2026-04-04 18:27:20,778 [INFO] FPS 7.6, detections 2, persons 1, locked True, yaw_cmd -0.071, infer 128.8 ms
2026-04-04 18:27:21,872 [INFO] FPS 8.2, detections 2, persons 1, locked True, yaw_cmd -0.070, infer 119.4 ms
2026-04-04 18:27:22,939 [INFO] FPS 7.5, detections 1, persons 1, locked True, yaw_cmd -0.051, infer 123.4 ms
2026-04-04 18:27:23,958 [INFO] FPS 7.8, detections 1, persons 1, locked True, yaw_cmd -0.040, infer 123.8 ms
2026-04-04 18:27:25,076 [INFO] FPS 8.1, detections 1, persons 1, locked True, yaw_cmd -0.041, infer 120.7 ms
2026-04-04 18:27:26,104 [INFO] FPS 7.8, detections 1, persons 1, locked True, yaw_cmd -0.086, infer 103.6 ms
2026-04-04 18:27:27,141 [INFO] FPS 7.7, detections 2, persons 2, locked True, yaw_cmd -0.111, infer 144.7 ms
2026-04-04 18:27:28,174 [INFO] FPS 7.7, detections 1, persons 1, locked True, yaw_cmd -0.120, infer 113.4 ms
2026-04-04 18:27:29,215 [INFO] FPS 7.7, detections 1, persons 1, locked True, yaw_cmd -0.120, infer 123.5 ms
2026-04-04 18:27:30,287 [INFO] FPS 7.5, detections 0, persons 0, locked False, yaw_cmd 0.000, infer 147.4 ms
2026-04-04 18:27:31,401 [INFO] FPS 7.2, detections 1, persons 1, locked True, yaw_cmd -0.120, infer 148.2 ms
2026-04-04 18:27:32,463 [INFO] FPS 7.5, detections 1, persons 1, locked True, yaw_cmd -0.113, infer 138.9 ms
2026-04-04 18:27:33,483 [INFO] FPS 7.8, detections 0, persons 0, locked False, yaw_cmd 0.000, infer 111.9 ms
2026-04-04 18:27:34,516 [INFO] FPS 7.7, detections 0, persons 0, locked False, yaw_cmd 0.000, infer 115.1 ms
2026-04-04 18:27:35,568 [INFO] FPS 7.6, detections 0, persons 0, locked False, yaw_cmd 0.000, infer 112.5 ms
2026-04-04 18:27:36,698 [INFO] FPS 7.1, detections 0, persons 0, locked False, yaw_cmd 0.000, infer 137.3 ms
2026-04-04 18:27:37,727 [INFO] FPS 7.8, detections 0, persons 0, locked False, yaw_cmd 0.000, infer 120.7 ms
2026-04-04 18:27:38,850 [INFO] FPS 8.0, detections 1, persons 1, locked False, yaw_cmd 0.000, infer 124.0 ms
2026-04-04 18:27:39,969 [INFO] FPS 7.1, detections 1, persons 1, locked False, yaw_cmd 0.000, infer 122.3 ms
2026-04-04 18:27:40,993 [INFO] FPS 7.8, detections 2, persons 1, locked False, yaw_cmd 0.000, infer 104.6 ms
2026-04-04 18:27:42,006 [INFO] FPS 7.9, detections 2, persons 1, locked False, yaw_cmd 0.000, infer 110.9 ms
2026-04-04 18:27:43,141 [INFO] FPS 7.9, detections 2, persons 1, locked False, yaw_cmd 0.000, infer 126.7 ms
2026-04-04 18:27:44,194 [INFO] FPS 7.6, detections 1, persons 1, locked False, yaw_cmd 0.000, infer 112.2 ms
2026-04-04 18:27:45,209 [INFO] FPS 8.9, detections 2, persons 1, locked False, yaw_cmd 0.000, infer 94.8 ms
2026-04-04 18:27:46,219 [INFO] FPS 8.9, detections 2, persons 1, locked False, yaw_cmd 0.000, infer 100.3 ms
2026-04-04 18:27:47,249 [INFO] FPS 8.7, detections 1, persons 1, locked False, yaw_cmd 0.000, infer 101.7 ms
2026-04-04 18:27:48,367 [INFO] FPS 8.1, detections 1, persons 1, locked False, yaw_cmd 0.000, infer 129.2 ms
2026-04-04 18:27:49,455 [INFO] FPS 8.3, detections 1, persons 1, locked False, yaw_cmd 0.000, infer 96.0 ms
2026-04-04 18:27:49,595 [INFO] 127.0.0.1 - - [04/Apr/2026 18:27:49] "POST /select_target HTTP/1.1" 200 -
2026-04-04 18:27:50,566 [INFO] FPS 8.1, detections 2, persons 1, locked True, yaw_cmd -0.049, infer 111.8 ms
2026-04-04 18:27:51,576 [INFO] FPS 8.9, detections 1, persons 1, locked True, yaw_cmd -0.045, infer 98.3 ms
2026-04-04 18:27:52,576 [INFO] FPS 8.0, detections 1, persons 1, locked True, yaw_cmd -0.043, infer 148.0 ms
2026-04-04 18:27:53,659 [INFO] FPS 8.3, detections 1, persons 1, locked True, yaw_cmd -0.049, infer 102.0 ms
2026-04-04 18:27:54,668 [INFO] FPS 7.9, detections 1, persons 1, locked True, yaw_cmd -0.054, infer 115.7 ms
2026-04-04 18:27:55,723 [INFO] FPS 8.5, detections 2, persons 1, locked True, yaw_cmd -0.024, infer 98.8 ms
2026-04-04 18:27:56,752 [INFO] FPS 8.7, detections 1, persons 1, locked True, yaw_cmd -0.110, infer 104.0 ms
2026-04-04 18:27:57,824 [INFO] FPS 8.4, detections 1, persons 1, locked True, yaw_cmd -0.111, infer 125.4 ms
2026-04-04 18:27:58,881 [INFO] FPS 8.5, detections 1, persons 1, locked True, yaw_cmd -0.111, infer 141.8 ms
2026-04-04 18:27:59,899 [INFO] FPS 7.9, detections 1, persons 1, locked True, yaw_cmd -0.111, infer 122.7 ms
2026-04-04 18:28:00,973 [INFO] FPS 7.5, detections 1, persons 1, locked True, yaw_cmd -0.105, infer 131.6 ms
2026-04-04 18:28:02,080 [INFO] FPS 7.2, detections 3, persons 1, locked True, yaw_cmd -0.120, infer 99.0 ms
2026-04-04 18:28:03,082 [INFO] FPS 8.0, detections 1, persons 1, locked True, yaw_cmd -0.120, infer 115.9 ms
2026-04-04 18:28:04,176 [INFO] FPS 7.3, detections 1, persons 1, locked True, yaw_cmd -0.079, infer 164.5 ms
2026-04-04 18:28:05,232 [INFO] FPS 7.6, detections 1, persons 1, locked True, yaw_cmd -0.078, infer 119.4 ms
2026-04-04 18:28:06,342 [INFO] FPS 8.1, detections 0, persons 0, locked False, yaw_cmd 0.000, infer 106.9 ms
2026-04-04 18:28:07,391 [INFO] FPS 7.6, detections 1, persons 1, locked True, yaw_cmd -0.079, infer 117.2 ms
2026-04-04 18:28:08,431 [INFO] FPS 7.7, detections 0, persons 0, locked False, yaw_cmd 0.000, infer 118.2 ms
2026-04-04 18:28:09,450 [INFO] FPS 8.8, detections 1, persons 1, locked True, yaw_cmd -0.078, infer 119.3 ms
2026-04-04 18:28:10,453 [INFO] FPS 8.0, detections 1, persons 1, locked True, yaw_cmd -0.079, infer 118.7 ms
2026-04-04 18:28:11,490 [INFO] FPS 7.7, detections 0, persons 0, locked False, yaw_cmd 0.000, infer 140.2 ms
2026-04-04 18:28:12,581 [INFO] FPS 8.2, detections 1, persons 1, locked True, yaw_cmd -0.079, infer 122.6 ms
2026-04-04 18:28:13,582 [INFO] FPS 8.0, detections 1, persons 1, locked True, yaw_cmd -0.077, infer 113.7 ms
2026-04-04 18:28:14,640 [INFO] FPS 7.6, detections 1, persons 1, locked True, yaw_cmd -0.079, infer 127.2 ms
2026-04-04 18:28:15,668 [INFO] FPS 7.8, detections 0, persons 0, locked False, yaw_cmd 0.000, infer 97.2 ms
